CREATE DATABASE  IF NOT EXISTS `ffcc2` /*!40100 DEFAULT CHARACTER SET utf8mb4 COLLATE utf8mb4_0900_ai_ci */ /*!80016 DEFAULT ENCRYPTION='N' */;
USE `ffcc2`;
-- MySQL dump 10.13  Distrib 8.0.44, for Win64 (x86_64)
--
-- Host: localhost    Database: ffcc2
-- ------------------------------------------------------
-- Server version	8.0.44

/*!40101 SET @OLD_CHARACTER_SET_CLIENT=@@CHARACTER_SET_CLIENT */;
/*!40101 SET @OLD_CHARACTER_SET_RESULTS=@@CHARACTER_SET_RESULTS */;
/*!40101 SET @OLD_COLLATION_CONNECTION=@@COLLATION_CONNECTION */;
/*!50503 SET NAMES utf8 */;
/*!40103 SET @OLD_TIME_ZONE=@@TIME_ZONE */;
/*!40103 SET TIME_ZONE='+00:00' */;
/*!40014 SET @OLD_UNIQUE_CHECKS=@@UNIQUE_CHECKS, UNIQUE_CHECKS=0 */;
/*!40014 SET @OLD_FOREIGN_KEY_CHECKS=@@FOREIGN_KEY_CHECKS, FOREIGN_KEY_CHECKS=0 */;
/*!40101 SET @OLD_SQL_MODE=@@SQL_MODE, SQL_MODE='NO_AUTO_VALUE_ON_ZERO' */;
/*!40111 SET @OLD_SQL_NOTES=@@SQL_NOTES, SQL_NOTES=0 */;

--
-- Table structure for table `categorias`
--

DROP TABLE IF EXISTS `categorias`;
/*!40101 SET @saved_cs_client     = @@character_set_client */;
/*!50503 SET character_set_client = utf8mb4 */;
CREATE TABLE `categorias` (
  `ID_Categoria` int NOT NULL AUTO_INCREMENT,
  `Nombre_Categoria` varchar(50) NOT NULL,
  PRIMARY KEY (`ID_Categoria`)
) ENGINE=InnoDB AUTO_INCREMENT=11 DEFAULT CHARSET=utf8mb4 COLLATE=utf8mb4_0900_ai_ci;
/*!40101 SET character_set_client = @saved_cs_client */;

--
-- Dumping data for table `categorias`
--

LOCK TABLES `categorias` WRITE;
/*!40000 ALTER TABLE `categorias` DISABLE KEYS */;
INSERT INTO `categorias` VALUES (1,'Jefe Estacion'),(2,'Señalero'),(3,'Banderillero'),(4,'Maquinista'),(5,'Foguista'),(6,'Inspector Guarda'),(7,'Vendedor'),(8,'Operario Carga'),(9,'Mecanico'),(10,'Inspector Seguridad');
/*!40000 ALTER TABLE `categorias` ENABLE KEYS */;
UNLOCK TABLES;

--
-- Table structure for table `empleados`
--

DROP TABLE IF EXISTS `empleados`;
/*!40101 SET @saved_cs_client     = @@character_set_client */;
/*!50503 SET character_set_client = utf8mb4 */;
CREATE TABLE `empleados` (
  `ID_Empleado` int NOT NULL AUTO_INCREMENT,
  `Nombre_Empleado` varchar(100) NOT NULL,
  `Apellido_Empleado` varchar(100) NOT NULL,
  `DNI_Empleado` varchar(8) NOT NULL,
  `Fecha_Nac` date NOT NULL,
  `Fecha_Ing` date NOT NULL,
  `Direccion_Empleado` varchar(100) NOT NULL,
  `Ciudad` varchar(50) NOT NULL,
  `ID_Provincia` int NOT NULL,
  `ID_Linea` int NOT NULL,
  `ID_Categoria` int NOT NULL,
  PRIMARY KEY (`ID_Empleado`),
  KEY `FK_Empleados_Provincias` (`ID_Provincia`),
  KEY `FK_Empleados_Lineas` (`ID_Linea`),
  KEY `FK_Empleados_Categorias` (`ID_Categoria`),
  CONSTRAINT `FK_Empleados_Categorias` FOREIGN KEY (`ID_Categoria`) REFERENCES `categorias` (`ID_Categoria`),
  CONSTRAINT `FK_Empleados_Lineas` FOREIGN KEY (`ID_Linea`) REFERENCES `lineas` (`ID_Linea`),
  CONSTRAINT `FK_Empleados_Provincias` FOREIGN KEY (`ID_Provincia`) REFERENCES `provincias` (`ID_Provincia`)
) ENGINE=InnoDB AUTO_INCREMENT=401 DEFAULT CHARSET=utf8mb4 COLLATE=utf8mb4_0900_ai_ci;
/*!40101 SET character_set_client = @saved_cs_client */;

--
-- Dumping data for table `empleados`
--

LOCK TABLES `empleados` WRITE;
/*!40000 ALTER TABLE `empleados` DISABLE KEYS */;
INSERT INTO `empleados` VALUES (1,'Kimberli','Alexandersen','30221542','2006-01-31','2005-10-11','914 Waxwing Circle','Salta',15,3,5),(2,'Nolana','Jiru','25277028','2002-11-26','2022-06-28','81831 5th Trail','San Fernando del Valle',14,2,6),(3,'Aldrich','McAree','15293080','1980-01-09','2018-01-22','277 Washington Street','La Banda',5,5,2),(4,'Edvard','Rosita','27901910','1980-03-05','1993-04-12','0 Ridgeway Plaza','San Fernando del Valle',14,1,1),(5,'Belva','Candelin','32993391','2000-03-07','2008-08-29','98627 Saint Paul Avenue','Rosario',3,1,10),(6,'Twyla','Treffry','15519002','1982-11-14','1997-06-01','8 Reindahl Way','San Fernando del Valle',14,3,7),(7,'Baxter','Sandell','17292497','1980-06-26','2000-03-11','6 Oakridge Way','La Plata',2,5,6),(8,'Jacquette','Waleworke','27331449','1969-01-05','2015-09-07','5 Susan Alley','Villa Mercedes',6,1,4),(9,'Justina','Pecha','20766908','1972-10-02','1992-07-23','21084 Kennedy Center','La Plata',2,6,7),(10,'Gertrude','Claesens','26731848','1969-08-30','2006-09-29','95 Mccormick Plaza','Rosario',3,5,1),(11,'Erik','Swinney','19583324','2006-05-09','1994-04-06','0294 Rusk Way','Resistencia',20,2,9),(12,'Chrissie','Mayall','30259142','1984-09-25','2002-10-14','721 Stoughton Junction','Formosa',21,3,3),(13,'Emelen','Elkin','24239727','2000-05-31','2017-12-05','5826 Maple Court','La Plata',2,2,6),(14,'Jinny','Kirkness','26299461','2003-05-14','2016-09-03','0215 Hintze Pass','Salta',15,3,8),(15,'Cherida','Garrit','15310243','1970-05-15','2013-03-22','961 Village Green Center','Formosa',21,2,9),(16,'Eulalie','Monkley','26893429','2002-05-21','1993-04-28','75050 Thompson Center','San Fernando del Valle',14,1,10),(17,'Paige','Ockenden','29903778','1984-06-26','1992-01-22','40 Messerschmidt Plaza','Resistencia',20,5,5),(18,'Tatiana','Trousdale','17496922','1986-10-30','2013-04-29','471 Declaration Circle','Rosario',3,4,3),(19,'Lorrin','Inston','26413754','1997-08-10','2013-02-05','149 Ryan Junction','Cordoba',4,1,5),(20,'Lavina','Dahlgren','33714340','1997-07-02','2009-12-21','20 Mifflin Circle','Parana',17,4,1),(21,'Kate','Lawlee','26389836','1996-05-02','1994-08-16','772 Surrey Circle','Neuquen',11,6,8),(22,'Cacilie','Ferrer','32359456','2006-07-02','2011-04-01','8 Chinook Trail','Posadas',19,6,6),(23,'Leonard','Clemente','32404610','1992-09-19','2003-03-22','2054 Drewry Pass','Formosa',21,6,2),(24,'Emalia','Speek','21725866','1981-05-16','2004-03-13','43 Shelley Trail','Neuquen',11,6,3),(25,'Chaddie','McGrill','27686725','2002-10-14','2014-01-23','74 Pawling Lane','Parana',17,3,4),(26,'Bili','Pitchford','18055570','1966-02-15','1995-03-13','58 Talisman Parkway','San Juan',8,6,2),(27,'Hernando','Milhench','32682997','1983-08-24','2012-09-09','3 Sunfield Hill','General Roca',10,6,8),(28,'Ilene','Astlatt','26624299','1985-06-29','1992-01-05','23820 Upham Avenue','Resistencia',20,1,10),(29,'Dennet','Pratte','30883680','2003-07-12','2019-04-30','867 Darwin Lane','Parana',17,5,2),(30,'Thorsten','Favell','22185991','1989-08-06','2006-10-12','9 Moland Junction','San Fernando del Valle',14,4,2),(31,'Eward','Taffurelli','17968255','2008-12-04','2000-10-13','0 Scott Pass','Salta',15,2,7),(32,'Lani','Coghlan','29076176','1976-12-10','1991-06-02','4 Esch Avenue','Cordoba',4,1,3),(33,'Joye','Vasyukhichev','34215826','1991-11-25','2016-09-03','9983 Maryland Street','General Roca',10,6,10),(34,'Shaina','McHale','22921953','1994-08-22','2018-02-09','8427 Dakota Drive','Monte Caseros',18,1,5),(35,'Hermon','Rennolds','32334031','1992-09-27','2009-03-31','28 Luster Crossing','San Salvador de Jujuy',16,2,10),(36,'Hedy','Beringer','15589835','1977-07-22','1995-04-07','78455 Fairfield Pass','La Banda',5,5,8),(37,'Beale','Okeshott','25640053','1967-11-22','2020-01-06','5571 Menomonie Avenue','San Salvador de Jujuy',16,5,4),(38,'Chiarra','Wrightam','28384875','2002-08-02','2017-12-31','8 Graedel Trail','Mendoza',7,2,8),(39,'Town','Higford','20183545','2008-12-13','2003-10-13','5761 7th Place','Salta',15,2,9),(40,'Joey','Loos','21335179','1980-08-09','1995-05-29','688 Canary Court','Santa Rosa',9,4,9),(41,'Orin','Flahive','15166382','1967-11-16','2007-11-08','23 Dapin Way','Rosario',3,3,4),(42,'Alphonso','Gripton','19389276','2002-04-08','2009-03-19','3356 Thackeray Plaza','San Salvador de Jujuy',16,5,5),(43,'Nora','Olland','25316169','2003-06-12','1998-12-27','8 Vermont Alley','San Salvador de Jujuy',16,4,5),(44,'Emlyn','Akid','26831691','2004-08-20','1999-03-28','04347 Butternut Park','Resistencia',20,1,9),(45,'Kristopher','Oliveto','26222730','1987-08-12','2014-02-22','6 Di Loreto Road','San Juan',8,1,3),(46,'Wake','Yorke','33090845','1994-05-28','2012-02-28','255 Bashford Point','San Fernando del Valle',14,5,7),(47,'Verge','Brea','30343276','1996-05-09','2024-01-25','29 Barby Park','Salta',15,5,10),(48,'Esme','Sprott','19443479','1972-04-25','1996-02-10','8 Cordelia Junction','Capital Federal',1,5,8),(49,'Evaleen','Briggdale','23735915','1996-03-30','2015-11-09','3927 Browning Park','San Fernando del Valle',14,4,1),(50,'Quintina','Milland','28071067','1987-05-18','2003-07-22','05355 Granby Way','Neuquen',11,6,7),(51,'Giffy','Ridder','19136091','1996-06-02','2006-07-25','4 Hovde Pass','Capital Federal',1,1,9),(52,'Julia','Cudihy','32652524','1995-12-03','2017-09-20','943 Granby Place','Salta',15,3,7),(53,'Janet','Ianilli','25373960','1988-01-24','2020-04-14','7845 Fisk Parkway','Parana',17,3,10),(54,'Chanda','Mabbe','18701307','1994-11-07','2012-05-10','78320 Duke Parkway','Santa Rosa',9,2,8),(55,'Kissiah','McPhee','34471853','1987-06-29','2004-02-08','255 Jana Circle','La Rioja',13,1,2),(56,'Dotti','Sollars','15420123','1978-11-07','2008-03-09','68 Heath Court','Santa Rosa',9,3,8),(57,'Leigh','Mirralls','30602572','2004-02-24','2006-04-04','5226 Dixon Crossing','Posadas',19,4,7),(58,'Garnette','Knellen','26955047','1986-05-31','2007-09-23','15760 Buhler Park','San Salvador de Jujuy',16,4,3),(59,'Kalli','Dugood','32611272','1975-02-02','2013-10-17','59 Summit Way','Neuquen',11,2,5),(60,'Erinn','Brachell','23900224','1980-04-08','1992-05-05','7 Evergreen Alley','San Miguel de Tucuman',12,6,4),(61,'Dorolice','Gaskins','18202895','1988-11-18','2014-05-20','2488 Straubel Terrace','La Plata',2,5,5),(62,'Farrah','Strasse','32700053','2003-01-25','2017-05-17','93286 Gale Alley','Resistencia',20,1,9),(63,'Nada','Nortunen','25286226','1983-05-21','2001-08-10','5 Ruskin Plaza','Salta',15,4,2),(64,'Joel','Critoph','19512050','1984-09-21','2016-08-30','0 Superior Plaza','San Juan',8,5,4),(65,'Felicle','Delort','29114050','1976-12-08','1997-03-12','44438 Main Street','Cordoba',4,6,4),(66,'Winston','Worsalls','17621934','1984-03-16','1996-10-26','84 Towne Alley','Rosario',3,5,3),(67,'Gordie','Franzotto','29928560','1999-12-24','2021-10-21','1 Artisan Center','Salta',15,1,4),(68,'Ronnica','Halahan','32331349','1972-01-09','2005-08-26','18 Pennsylvania Street','Capital Federal',1,6,6),(69,'Nobie','Burtonshaw','15695544','1974-01-12','1990-02-18','6 Roth Parkway','Villa Mercedes',6,3,1),(70,'Gwenore','Burge','21575212','1990-04-19','2019-06-15','9 Maryland Plaza','La Banda',5,2,1),(71,'Giselbert','Elacoate','19184969','1969-03-13','2006-10-22','7 Londonderry Court','Capital Federal',1,3,8),(72,'Thom','Blades','15631568','2002-06-29','1994-10-02','5497 Crest Line Terrace','Formosa',21,3,5),(73,'Loleta','McAndrew','16569718','1980-05-28','2025-08-13','09 Corscot Plaza','Santa Rosa',9,1,9),(74,'Dolf','Lambourne','22364604','1987-04-03','1995-02-27','84 Armistice Lane','Resistencia',20,6,3),(75,'Mellisent','Buncombe','21463370','1990-09-19','1996-08-22','9 Armistice Road','La Banda',5,3,5),(76,'Mac','MacTrustie','24350447','2002-08-24','2015-12-22','50 Anhalt Street','San Fernando del Valle',14,4,8),(77,'Gwen','Allingham','31871900','1978-04-18','2012-06-13','1 Thompson Alley','Capital Federal',1,5,1),(78,'Maryl','Van der Son','18821871','1999-07-20','2012-08-02','68555 Eastlawn Circle','San Salvador de Jujuy',16,4,7),(79,'Sacha','Goggan','16666231','2002-01-14','2010-07-30','6742 Bluestem Junction','San Miguel de Tucuman',12,1,8),(80,'Claus','Flood','16960941','2005-06-20','1994-05-25','76683 Homewood Point','Capital Federal',1,3,3),(81,'Gonzalo','Stickford','34984450','1967-10-16','2014-04-09','9613 Arizona Court','Cordoba',4,5,4),(82,'Lauri','Le Count','32152355','1976-05-14','2022-08-01','5 Eastlawn Road','Parana',17,6,8),(83,'Koral','Midlar','19625886','1984-04-11','1998-04-20','300 Green Ridge Hill','La Rioja',13,5,8),(84,'Garth','Chyuerton','24802824','1994-04-12','2010-08-13','473 Morning Place','Santa Rosa',9,6,10),(85,'Andres','Pundy','31709667','1988-05-10','2011-03-29','8552 Pleasure Way','La Plata',2,2,4),(86,'Trude','Gameson','28547751','1993-11-29','2021-05-20','3 Arrowood Road','Rosario',3,6,8),(87,'Ema','Mantione','23684380','1975-12-21','2002-09-30','1 Jackson Circle','San Juan',8,3,5),(88,'L;urette','Nowaczyk','18357097','2004-02-19','1991-11-06','29 Ruskin Alley','Rosario',3,5,10),(89,'Guntar','Mottinelli','23901704','1975-11-05','2021-03-25','89253 Debs Court','Mendoza',7,3,4),(90,'Ulick','Howood','33920001','1990-01-01','2013-07-04','0 Kingsford Junction','Monte Caseros',18,2,5),(91,'Astrix','Brogioni','25860606','1998-03-20','2010-07-16','2 Graceland Drive','San Miguel de Tucuman',12,2,3),(92,'Otes','Bonafant','17859845','1976-03-29','2021-11-10','6321 Farwell Way','General Roca',10,1,3),(93,'Ham','Cloke','27053761','1974-08-06','2011-11-05','87652 Badeau Circle','Neuquen',11,1,4),(94,'Jasmina','McQuorkell','22431565','1993-07-21','2007-07-18','3972 Clemons Court','Rosario',3,4,2),(95,'Nettle','Tedder','25859043','1976-12-31','2000-01-19','80 Waubesa Place','Villa Mercedes',6,3,1),(96,'Tasha','Patria','28488096','1985-05-15','1993-05-16','76500 Prairieview Crossing','Monte Caseros',18,2,6),(97,'Thor','Vaudre','26998503','1982-05-05','2025-07-12','43 Morning Plaza','Rosario',3,1,3),(98,'Jemimah','Blake','33930202','2006-04-16','2020-08-01','2 Elka Plaza','San Salvador de Jujuy',16,6,5),(99,'Christen','Gertz','15677423','1979-11-19','2001-01-24','7446 Saint Paul Avenue','General Roca',10,5,1),(100,'Wash','Kears','34440444','1981-04-04','2006-07-29','026 Superior Terrace','Formosa',21,2,4),(101,'Bettine','Breckwell','24950167','2001-05-05','2012-07-22','81 Leroy Junction','General Roca',10,4,1),(102,'Gui','Gammack','24674308','1979-07-21','2002-01-14','522 Hansons Avenue','Cordoba',4,2,7),(103,'Brynn','Circuit','19986063','2007-06-22','2023-01-23','292 Anhalt Terrace','La Banda',5,5,10),(104,'Farlie','Antognoni','32102377','2001-12-09','1996-05-14','6457 Debra Pass','La Plata',2,6,2),(105,'Wenda','Rathbone','17158530','2004-03-19','2005-11-27','4915 Forster Road','Monte Caseros',18,3,2),(106,'Lila','Dymick','27472544','1974-07-15','2016-01-01','472 Sugar Way','Monte Caseros',18,4,10),(107,'Joela','Seeman','18909283','1989-04-08','2008-05-17','00306 Sunnyside Point','General Roca',10,1,9),(108,'Marsha','Devil','17654024','1992-11-16','2020-02-09','72 Blackbird Street','General Roca',10,1,1),(109,'Barthel','Osbiston','16503824','1977-03-23','1995-07-27','5 Sachs Center','San Fernando del Valle',14,6,3),(110,'Wernher','Beddie','33230106','1992-05-27','2014-03-07','59227 Magdeline Center','Villa Mercedes',6,1,4),(111,'Raddy','Lovel','30796156','1998-12-23','2019-01-23','90 Melrose Place','Mendoza',7,4,1),(112,'Adolpho','MacPadene','34194974','2004-10-16','2025-04-04','141 Bunting Place','Formosa',21,2,2),(113,'Georgie','Degue','31864235','1996-05-18','2004-01-12','39230 Dottie Hill','La Plata',2,5,6),(114,'Vern','Bazell','26963042','1988-01-13','1995-08-07','8738 Lakeland Street','Parana',17,3,7),(115,'Lilah','Bysh','15164979','1999-01-29','2004-08-12','8 Moose Plaza','San Salvador de Jujuy',16,4,4),(116,'Aleda','Newgrosh','20073424','1979-05-10','2007-06-26','75561 Sunnyside Circle','Capital Federal',1,5,5),(117,'Patrizio','Okker','25159760','1997-02-16','2015-09-17','751 Heath Court','Cordoba',4,4,8),(118,'Liuka','McCole','31792029','1998-04-11','1998-07-19','575 Johnson Center','Rosario',3,1,8),(119,'Sawyere','Cowser','34976268','1979-03-20','2021-03-13','6562 Grover Alley','La Banda',5,2,10),(120,'Uriel','Braidwood','21438860','1994-12-15','1994-11-18','316 Sundown Trail','La Rioja',13,4,8),(121,'Horatius','Mikalski','19867927','1970-04-19','2003-05-10','37266 Mccormick Trail','San Salvador de Jujuy',16,5,2),(122,'Ruddy','Kenningham','32995611','1970-09-29','2006-02-21','8664 Oak Place','Parana',17,5,8),(123,'Gwenette','Bicheno','21135213','1997-09-22','2020-09-22','351 Warbler Court','Capital Federal',1,4,3),(124,'Dannie','Bynert','25920356','1967-09-28','2008-07-09','2 Jenifer Center','Monte Caseros',18,3,3),(125,'Ashlen','Frail','28067932','2008-03-23','2004-06-20','404 Carberry Pass','La Banda',5,4,1),(126,'Jacquelyn','Zollner','16485770','1984-09-23','1997-02-26','69 Atwood Point','Resistencia',20,6,9),(127,'Otis','Langmuir','33809426','1979-03-26','2018-06-24','37911 Stoughton Circle','General Roca',10,1,4),(128,'Shermy','Wressell','21819236','2006-08-24','2003-04-27','671 Kinsman Way','San Salvador de Jujuy',16,2,2),(129,'Dorthea','Wilkennson','19796281','1980-03-08','2012-05-16','3 Novick Crossing','Neuquen',11,6,2),(130,'Timofei','Kollach','16444080','1997-11-07','2011-07-16','648 Doe Crossing Terrace','Rosario',3,4,3),(131,'Xever','Heyfield','25100606','1984-01-26','2021-07-21','272 Sheridan Lane','San Juan',8,6,7),(132,'Colby','Mitton','17576383','1992-09-22','2000-07-02','403 Kings Parkway','Formosa',21,1,9),(133,'Petra','Arkle','27009702','2002-04-19','1995-11-15','9017 Sutteridge Center','Mendoza',7,4,10),(134,'Elizabeth','Sibbert','27779002','1994-08-20','2000-10-25','2 Dakota Lane','La Rioja',13,3,4),(135,'Rozanne','Methley','28923108','2007-07-27','2005-10-02','16274 Glacier Hill Point','Parana',17,5,5),(136,'Brittany','Custance','23032705','2005-11-06','2022-01-21','239 Fairview Circle','Resistencia',20,2,4),(137,'Hamnet','Hubber','30896027','1998-03-22','2000-08-27','8337 Northridge Center','Capital Federal',1,6,7),(138,'Arnold','Giscken','15348789','1986-05-22','1997-02-08','210 Charing Cross Park','Salta',15,4,8),(139,'Margi','Astill','27185488','1968-09-27','1993-06-19','07 Jackson Avenue','Capital Federal',1,5,7),(140,'Ame','Gentric','25783536','1966-10-10','2001-04-10','2 Esch Park','La Banda',5,1,5),(141,'Marcellus','Urwen','27451562','1983-11-06','2020-02-11','18179 Waubesa Pass','San Salvador de Jujuy',16,4,6),(142,'Bethanne','Thomann','22004065','1987-06-04','2000-08-15','7328 Steensland Pass','Mendoza',7,2,2),(143,'Vanya','Huckleby','31814587','1985-03-15','1997-05-12','7 North Plaza','Posadas',19,5,7),(144,'Emalee','Denton','16557839','1990-05-17','2004-11-07','36 Elka Junction','San Fernando del Valle',14,3,10),(145,'Car','Hawthorn','18260743','1977-06-30','1993-09-15','8398 Spohn Point','Neuquen',11,1,8),(146,'Seana','Leak','18661738','1981-11-28','2018-06-17','01195 Cardinal Terrace','La Rioja',13,4,6),(147,'Sapphire','Rivallant','18484816','1972-10-17','2012-12-21','28680 Norway Maple Center','Posadas',19,1,6),(148,'Ephrem','Dimond','30092631','1998-03-11','2000-04-17','35 Pond Trail','Resistencia',20,2,3),(149,'Carroll','Ablitt','28732924','1980-04-10','2008-06-21','5878 Florence Avenue','San Juan',8,3,10),(150,'Gery','Robardet','17936873','1982-03-12','1992-02-28','12 Warbler Drive','San Juan',8,1,9),(151,'Gradeigh','Climie','23168917','2004-04-09','1990-02-19','91 Stoughton Street','Monte Caseros',18,6,7),(152,'Shurlocke','Jemmett','32218990','1990-10-16','2014-12-19','720 Canary Trail','Santa Rosa',9,5,10),(153,'Lyda','Bonnier','20019155','1987-11-27','2001-07-17','26 Northridge Court','San Fernando del Valle',14,1,9),(154,'Gene','O\'Hegertie','15268516','1992-10-31','2025-05-24','359 Farmco Circle','Capital Federal',1,1,8),(155,'Porty','Wallwood','21749123','1971-10-14','2017-03-26','28300 Springs Point','La Rioja',13,1,3),(156,'Emmalyn','Fairy','33703344','2007-10-22','1997-12-17','536 Hanover Trail','Monte Caseros',18,6,7),(157,'Alaine','Brennan','23352340','1988-07-19','1998-05-26','09044 Forster Way','San Salvador de Jujuy',16,2,2),(158,'Gaile','Eden','28750163','1996-02-07','2003-06-18','8229 Lien Center','Mendoza',7,4,10),(159,'Vladamir','Tebbitt','22549060','1988-04-23','2023-02-21','87 Shoshone Place','Posadas',19,2,10),(160,'Nico','Eskrick','25272433','1981-07-17','2008-11-12','373 Hanson Circle','La Rioja',13,2,1),(161,'Karlyn','Croce','23357789','2001-04-27','2007-02-02','115 Laurel Way','Mendoza',7,4,1),(162,'Terrance','Thebes','22708619','2000-06-28','1994-12-12','0522 Buhler Court','Resistencia',20,3,10),(163,'Collen','McJerrow','22306825','2005-09-12','1990-05-21','14097 Loeprich Trail','Neuquen',11,3,8),(164,'Ketty','Marjanski','31844900','1977-10-20','2001-09-20','995 Pankratz Avenue','San Miguel de Tucuman',12,3,10),(165,'Harwilll','Petigrew','30859121','1999-06-03','1990-09-20','711 Boyd Lane','San Fernando del Valle',14,4,3),(166,'Diena','Paladino','33016413','1995-05-06','2014-03-02','521 Fulton Lane','Capital Federal',1,1,6),(167,'Justinian','Prover','19745643','1982-09-24','2012-04-18','8972 Troy Trail','Posadas',19,4,4),(168,'Tina','Sone','26352795','1978-09-25','2014-05-27','6 Oak Valley Center','General Roca',10,5,5),(169,'Heidie','Curtis','22089206','1965-08-08','2023-05-27','35 Stuart Trail','San Salvador de Jujuy',16,4,8),(170,'Blanca','Burgon','16156816','1988-03-14','2015-08-27','6 Messerschmidt Pass','Villa Mercedes',6,5,7),(171,'Catherine','Linstead','19686429','1969-08-08','1999-07-24','0 Oriole Street','Santa Rosa',9,5,2),(172,'Leena','Sketch','28080478','1991-08-28','1990-07-02','6 Russell Way','San Salvador de Jujuy',16,4,1),(173,'Gwyn','Metherell','18203419','2007-08-13','1999-06-22','2 Sullivan Junction','Resistencia',20,6,1),(174,'Moritz','Ferne','32904480','2007-03-19','2009-10-18','66899 Dorton Trail','San Salvador de Jujuy',16,2,9),(175,'Karola','Bartel','20348294','1995-01-31','2022-02-11','8 Carey Hill','Rosario',3,1,5),(176,'Constantine','Beel','27032210','2003-06-27','2024-05-23','102 Lillian Hill','La Plata',2,3,8),(177,'Sutherlan','Simunek','15699922','2003-10-06','1997-05-18','26956 Hoard Point','San Miguel de Tucuman',12,4,9),(178,'Laurence','Fouldes','31391651','2007-07-25','2019-12-08','43 Thierer Lane','La Banda',5,6,10),(179,'Curr','Defty','32354783','1966-06-15','2016-02-09','86 Claremont Drive','Santa Rosa',9,2,7),(180,'Mortimer','Maymond','20869355','2002-06-05','2022-10-05','5120 Brentwood Point','Salta',15,5,9),(181,'Thaddeus','Heikkinen','19368930','1996-12-26','2022-07-05','0 Summerview Park','Salta',15,4,5),(182,'Kennedy','Kloisner','19732818','1977-03-16','1999-06-27','87787 Oak Valley Court','San Juan',8,2,6),(183,'Even','Truelock','20172814','1995-04-08','2016-06-24','9096 Nova Drive','La Plata',2,5,7),(184,'Klarika','Easun','26016181','1997-01-05','1994-01-10','2546 Dixon Center','San Juan',8,6,8),(185,'Dniren','Riall','19171391','1992-04-07','2000-03-11','3524 Westerfield Parkway','Parana',17,2,7),(186,'Aloisia','Roussel','34179575','2005-04-27','1995-06-04','3 Hooker Terrace','Santa Rosa',9,2,1),(187,'Horace','Vallentine','16424543','1981-10-05','2024-04-16','74329 Kipling Avenue','Parana',17,3,2),(188,'Tonie','O\'Rodane','32989750','2005-06-16','2009-05-23','24 Florence Point','La Rioja',13,4,3),(189,'Lane','McNeillie','23609266','1972-06-28','2015-08-05','506 Starling Road','Monte Caseros',18,2,3),(190,'Saunders','Braidon','15963525','1979-04-26','2000-10-30','10 Springview Center','La Rioja',13,1,7),(191,'Myrtie','Creenan','22352309','1965-10-12','2015-03-14','1100 Randy Parkway','San Miguel de Tucuman',12,1,10),(192,'Valentin','Menault','32938017','1971-06-08','1998-02-10','7 Oakridge Hill','Resistencia',20,5,7),(193,'Saree','Bassilashvili','17860186','1983-04-10','2006-07-13','6948 Mcbride Hill','Parana',17,4,2),(194,'Niki','Putland','21300827','1974-07-15','2020-03-16','59 Westport Point','Villa Mercedes',6,6,10),(195,'Guenna','Grossier','25039088','1987-01-13','1995-09-29','96052 Larry Place','La Rioja',13,3,10),(196,'Worthington','Gomersall','16373228','1983-05-21','2021-03-23','64 Manitowish Place','Posadas',19,2,8),(197,'Gabriele','Hayworth','24949049','2004-12-24','2021-09-14','11902 Farwell Point','San Juan',8,3,10),(198,'Remy','Rivett','32538817','1989-10-29','2012-11-20','6 Twin Pines Avenue','Salta',15,2,7),(199,'Isador','Agron','34189823','1968-05-09','2004-02-14','406 High Crossing Plaza','Neuquen',11,6,3),(200,'Livvyy','Perview','25779271','1985-10-29','2000-01-29','39748 Redwing Parkway','Posadas',19,4,7),(201,'Carmelita','Myott','34660392','2004-11-23','2007-04-15','79011 Northwestern Terrace','La Banda',5,5,7),(202,'Blair','Tomanek','30918463','1993-08-26','2022-08-17','50 Northwestern Court','Cordoba',4,6,2),(203,'Lurline','Cumes','20553092','1986-11-24','2016-01-28','2 Golf Court','Capital Federal',1,2,7),(204,'Nevil','Gammack','33097202','1966-04-20','2016-08-12','42 Drewry Alley','Neuquen',11,6,5),(205,'Brett','Krale','24288473','1982-10-24','2014-02-15','2724 Golf View Hill','General Roca',10,3,3),(206,'Nichols','D\'eye','17565454','1990-11-22','1996-11-02','50 International Court','Monte Caseros',18,4,5),(207,'Gussi','Labbey','25423344','1986-07-10','2002-02-27','8 East Place','Monte Caseros',18,6,2),(208,'Weber','Parradine','32144059','1965-07-29','2009-02-15','06 Amoth Hill','La Banda',5,4,10),(209,'Alverta','Blazewski','16818030','1976-10-12','1998-08-04','11189 Armistice Court','General Roca',10,5,3),(210,'Marsh','Fidgeon','22165560','1966-08-17','2011-08-02','19706 Colorado Plaza','Capital Federal',1,1,3),(211,'Jules','Warrillow','31159925','2003-11-23','2018-05-12','78039 Service Terrace','Neuquen',11,3,6),(212,'Vassili','Gillbe','27792768','1984-11-06','2016-12-25','7 Pierstorff Plaza','Monte Caseros',18,3,6),(213,'Wendie','MacInnes','33889719','1988-06-24','2020-11-11','33862 Eastlawn Lane','Salta',15,4,2),(214,'Chicky','Shawyers','15194106','2005-05-23','1990-03-16','7592 Roxbury Circle','La Banda',5,5,9),(215,'Davy','Tussaine','30671900','1996-04-16','2003-06-21','18 Rutledge Way','Monte Caseros',18,6,9),(216,'Ezequiel','Bracken','25491754','1986-01-15','1995-06-11','66 Corben Pass','Capital Federal',1,1,5),(217,'Marys','Cordel','23777467','1980-04-05','2005-08-25','675 David Court','San Salvador de Jujuy',16,1,4),(218,'Christoph','Buffy','25329836','1976-04-18','2024-04-06','08421 Old Shore Place','General Roca',10,4,1),(219,'Victoria','Dameisele','23433193','1974-06-30','2012-08-19','5457 Aberg Point','Formosa',21,3,10),(220,'Caterina','Cockburn','17061995','1993-12-12','2024-07-13','1 Mariners Cove Way','Villa Mercedes',6,5,7),(221,'Zachary','Birdis','33702437','1973-05-22','2003-05-08','8831 Eastwood Drive','La Plata',2,3,7),(222,'Shane','Aspinall','28033942','1981-07-09','2010-01-20','95597 Transport Lane','Cordoba',4,4,8),(223,'Hubert','Adrianello','33417745','1999-08-05','2006-08-13','2504 Dorton Place','Salta',15,4,8),(224,'Retha','Brantzen','30715625','2002-10-06','2022-09-22','7847 Farwell Trail','San Juan',8,1,7),(225,'Winifred','Godfery','21152223','2005-04-09','2003-01-21','619 Welch Street','Posadas',19,4,3),(226,'Chloe','Kersaw','31225368','1986-11-24','1999-12-03','557 Meadow Ridge Circle','La Banda',5,5,3),(227,'Ula','Batterson','15660391','1987-04-08','2018-04-12','6525 Hayes Park','Formosa',21,2,3),(228,'Hastings','Skellon','16824427','2005-04-02','2013-01-17','38613 Washington Road','Neuquen',11,6,1),(229,'Zora','Stormes','21180241','1995-07-16','1997-09-21','93 Daystar Hill','Rosario',3,2,1),(230,'Tymothy','Fareweather','34490110','1992-12-20','2024-09-09','847 Almo Plaza','San Salvador de Jujuy',16,3,4),(231,'Jecho','Crichten','23827492','2002-05-14','2019-10-20','1133 Vermont Lane','Posadas',19,5,1),(232,'Rivi','Stairs','16718253','1978-08-31','2007-01-04','359 Grim Place','Resistencia',20,5,7),(233,'Peg','Newvill','31657742','1993-04-03','2024-03-31','22 Ohio Park','Villa Mercedes',6,1,7),(234,'Morse','Amphlett','28558633','1978-06-25','2003-02-18','339 Westport Drive','Neuquen',11,2,10),(235,'Dolf','Carthy','18411442','1966-01-25','2001-07-01','739 8th Point','Neuquen',11,4,10),(236,'Penrod','Branch','32934346','1991-01-13','2024-10-31','88426 Mallory Parkway','Neuquen',11,1,7),(237,'Syman','Marcoolyn','22600608','1990-10-25','2014-08-21','7061 Warrior Way','La Banda',5,4,8),(238,'Tannie','Renals','25581205','1974-12-11','1998-02-14','9 Iowa Junction','General Roca',10,4,6),(239,'Maxy','Horsley','15683656','1978-04-20','2013-09-26','5228 Dennis Place','General Roca',10,4,10),(240,'Frasco','Godsil','22084151','1999-09-11','2003-06-08','6650 Stoughton Hill','Mendoza',7,4,2),(241,'Elora','Slessor','24980221','1997-03-09','2006-05-14','1 Hintze Junction','Rosario',3,4,6),(242,'Karlyn','Nutbeem','31286445','1974-08-19','2013-12-22','39284 Park Meadow Point','La Plata',2,5,4),(243,'Kellsie','Saggs','27421051','1969-06-07','2015-11-19','336 Mesta Road','General Roca',10,2,6),(244,'Milka','Hatherleigh','27508162','2005-12-08','2020-02-01','89433 Cody Drive','Neuquen',11,3,7),(245,'Shari','Biaggioli','15551613','1969-09-12','2017-10-14','7 Grim Way','San Fernando del Valle',14,6,8),(246,'Vivianna','Spirit','28641824','1966-05-04','1997-03-07','755 Thompson Street','Cordoba',4,3,10),(247,'Alfreda','McPheat','33618984','1991-04-11','2008-10-05','1382 Schmedeman Center','General Roca',10,4,3),(248,'Roderigo','Liversage','31056846','1992-07-27','2014-02-06','49 Towne Court','La Banda',5,1,3),(249,'Ivy','Sanzio','30329014','1986-05-18','2015-08-28','9 Gerald Street','San Miguel de Tucuman',12,5,5),(250,'Vanya','Richmont','23438849','1996-03-03','1997-01-25','811 Reindahl Point','San Fernando del Valle',14,5,5),(251,'Glad','Stigers','19035379','2001-12-14','2005-08-29','0447 Eliot Center','Cordoba',4,5,8),(252,'Babita','Popescu','33617491','1976-07-29','2005-05-30','53904 Bayside Road','San Fernando del Valle',14,5,4),(253,'Hodge','Pencot','21223775','1968-07-21','2018-03-10','70088 Commercial Junction','Neuquen',11,1,3),(254,'Osbert','Jestico','22813140','1967-12-30','2007-06-15','39990 Beilfuss Alley','Monte Caseros',18,6,7),(255,'Ambur','Pearn','32442170','1979-07-21','2024-08-02','45793 Clove Center','San Juan',8,6,1),(256,'Zelig','Rosenhaus','18659820','2002-07-29','1995-06-11','7 Warrior Terrace','San Juan',8,3,3),(257,'Alasteir','Loads','32567467','1973-05-08','2023-07-27','9 Elmside Point','La Plata',2,1,5),(258,'Ralph','Sillars','33441225','2001-10-12','2008-02-28','99 Arapahoe Drive','Rosario',3,2,6),(259,'Charisse','Gwinnett','17106359','1970-04-23','2018-07-03','236 Reindahl Center','Resistencia',20,2,7),(260,'Nana','Fayne','15865584','1981-10-09','2011-07-01','09303 Bobwhite Point','San Miguel de Tucuman',12,4,3),(261,'Marcelo','Duckworth','17261959','1992-12-08','1992-12-28','9 Lukken Lane','La Banda',5,5,2),(262,'Mab','De Santos','34374121','1996-10-19','1995-09-01','788 Algoma Junction','Formosa',21,3,2),(263,'Dougy','Pocknoll','16716859','2007-03-16','2000-02-19','93252 Gina Street','La Rioja',13,3,10),(264,'Ricca','Wharby','22935444','1980-03-30','2004-02-04','652 Fair Oaks Pass','Posadas',19,4,3),(265,'Julian','Sermin','18390895','1983-03-31','2004-04-17','7508 Kropf Junction','San Salvador de Jujuy',16,3,7),(266,'Tedman','Vautin','24948446','1999-05-15','1990-08-04','28 Ramsey Crossing','Monte Caseros',18,4,8),(267,'Broderick','Rubenovic','24308682','1965-10-28','1999-04-27','0 Stoughton Lane','La Rioja',13,2,6),(268,'Roger','Raddin','31925048','1999-04-09','2005-09-06','4 Michigan Plaza','San Salvador de Jujuy',16,3,7),(269,'Charisse','Eyes','25870361','1990-07-12','2006-08-28','3 Russell Avenue','San Salvador de Jujuy',16,1,8),(270,'Codi','Stigell','16311790','1977-04-17','2010-10-15','0 Swallow Road','Parana',17,5,1),(271,'Kissie','Marmion','26837556','1991-07-12','1991-09-05','186 Springs Way','San Miguel de Tucuman',12,1,9),(272,'Anton','Wake','29011746','1971-06-09','1996-05-09','123 Elka Avenue','Monte Caseros',18,1,1),(273,'Mayne','Baiden','30755595','1971-07-12','2025-06-17','30 Anzinger Circle','Mendoza',7,2,9),(274,'Margarethe','Frew','24560093','1974-04-10','2000-05-07','47902 Melvin Center','Cordoba',4,1,2),(275,'Ariella','Ebourne','15974164','1965-06-27','2014-03-26','3684 Knutson Place','La Rioja',13,4,8),(276,'Lindy','Moralis','21654476','1979-11-17','2020-02-21','64 Cambridge Road','General Roca',10,5,9),(277,'Cthrine','Chell','23673351','1980-10-06','2023-04-02','0 Tony Hill','La Banda',5,4,10),(278,'Fancy','Wherton','31610137','1974-06-28','1999-11-01','4 Maryland Pass','Neuquen',11,5,6),(279,'Ruthanne','Throughton','26919970','2000-12-26','2009-01-12','2 Village Green Pass','San Juan',8,1,7),(280,'Carleen','Banghe','21004775','1977-10-25','2006-11-17','256 Canary Center','Villa Mercedes',6,2,10),(281,'Douglass','Luisetti','17679113','2003-04-01','2018-06-21','193 Cody Terrace','Resistencia',20,1,7),(282,'Elton','Sabate','17322971','1976-05-17','2021-03-29','883 Crownhardt Way','Cordoba',4,3,6),(283,'Tilly','Proswell','17503348','1973-02-05','2012-08-22','98915 Hoard Way','San Juan',8,1,2),(284,'Beitris','Scothron','26241893','1967-12-22','2020-01-14','6 Kingsford Hill','Neuquen',11,5,9),(285,'Riley','Gullam','16189394','1979-10-17','2012-02-09','23 Dexter Point','La Plata',2,6,4),(286,'Emanuel','Perham','21093161','2008-03-22','2011-03-23','19197 Victoria Court','Salta',15,4,5),(287,'Eugine','Readshaw','15001791','1997-08-29','1999-06-13','034 Lyons Street','Formosa',21,3,3),(288,'Sibbie','Belvard','19500505','2006-03-11','2021-10-24','841 Butterfield Pass','Parana',17,3,10),(289,'Killian','Calloway','31132067','1989-03-18','1991-01-17','5702 Coleman Crossing','Resistencia',20,6,2),(290,'Briano','Weldon','26558762','1997-02-16','1997-01-03','4937 Messerschmidt Court','Neuquen',11,3,7),(291,'Anderson','Eldrid','22633505','1975-08-04','2010-10-09','4 Onsgard Pass','Neuquen',11,1,7),(292,'Lester','Twinbourne','22767915','1999-05-18','2015-05-27','2 Clyde Gallagher Circle','Salta',15,6,8),(293,'Nancy','Cartmale','20092000','2000-10-22','2015-01-28','5816 Mayfield Place','Capital Federal',1,3,10),(294,'Cinderella','Baline','28480797','1985-08-25','2013-09-18','414 Buena Vista Lane','San Juan',8,5,6),(295,'Lavinia','Kernell','19886949','1970-03-05','1999-10-10','4 Northfield Point','San Juan',8,4,4),(296,'Camila','Crocken','21829299','2005-08-24','1993-11-25','017 Dwight Way','La Plata',2,4,2),(297,'Billy','Hembrow','32308910','1975-10-15','2021-01-16','25 Anhalt Drive','San Fernando del Valle',14,5,1),(298,'Reube','Pullen','22907479','1991-09-28','2018-08-30','22763 Macpherson Pass','Cordoba',4,6,4),(299,'Josh','Ambridge','31260525','1988-01-13','2007-11-01','9 Cardinal Alley','Capital Federal',1,1,7),(300,'Daffy','Sargood','23316156','2007-04-15','2014-03-07','81 Loomis Trail','La Rioja',13,4,3),(301,'Hazlett','Galtone','19749322','1973-08-05','2009-02-22','6 Bartillon Park','Formosa',21,2,3),(302,'Kenton','Arnecke','16573406','1993-05-12','1992-02-02','91 Clove Alley','La Rioja',13,2,6),(303,'Josepha','Kilroy','34291302','1991-02-17','2011-08-21','65 Spohn Way','Formosa',21,6,1),(304,'Domenic','Eversfield','29961803','2002-07-11','1994-11-01','95 Heath Terrace','Posadas',19,3,10),(305,'Leonard','Geke','28346192','1970-09-28','2001-04-16','15004 Nevada Park','Resistencia',20,6,1),(306,'Roxanne','Chalcraft','19538621','1987-05-09','2007-07-30','5300 Alpine Center','Posadas',19,3,5),(307,'Ingrim','Rudwell','15457470','1994-08-29','1990-09-27','8 Gateway Hill','San Salvador de Jujuy',16,4,5),(308,'Patrizia','Ironside','32714056','2003-03-15','2010-12-12','524 Hermina Junction','San Juan',8,4,5),(309,'Laetitia','McAusland','22071774','1996-08-07','2023-02-25','509 Bultman Plaza','Posadas',19,1,3),(310,'Joelie','Longland','17424963','1993-11-26','1991-03-14','82643 Summerview Circle','Parana',17,5,2),(311,'Steffie','Evequot','20516308','1980-12-05','1999-07-13','0760 Red Cloud Center','San Fernando del Valle',14,2,5),(312,'Walt','Sneath','15602869','1972-12-11','2000-11-17','72473 Milwaukee Circle','Salta',15,2,5),(313,'Elise','McEntagart','29937645','1980-06-17','2004-07-17','2853 Arkansas Crossing','La Plata',2,2,4),(314,'Sherie','Warbeys','29875808','1994-10-21','1993-03-26','041 Dexter Way','Capital Federal',1,6,5),(315,'Magdaia','Reboulet','32907999','1998-04-30','2022-07-18','4061 Pleasure Park','General Roca',10,3,9),(316,'Jenny','Maloney','26480210','2000-12-16','2001-08-16','0 Cascade Center','Capital Federal',1,4,3),(317,'Kaylyn','Kell','20535727','1993-09-08','2009-03-04','69254 Armistice Pass','San Miguel de Tucuman',12,3,6),(318,'Gail','Necrews','18806899','1972-01-28','2013-10-27','1 Arapahoe Center','General Roca',10,5,2),(319,'Ephrem','Benzing','31809206','1972-03-29','2022-07-13','6 Carpenter Drive','Salta',15,1,8),(320,'Dalila','Reitenbach','24224721','1990-03-03','2020-06-29','480 Columbus Place','Formosa',21,1,10),(321,'Colleen','Langstone','22103483','2001-07-12','2001-06-03','39 Evergreen Terrace','General Roca',10,4,8),(322,'Evangelina','Lauderdale','27091397','1978-01-16','2007-03-25','397 Springview Pass','La Rioja',13,4,10),(323,'Eustace','Izatson','20931924','1982-10-19','2011-01-09','82 Reindahl Way','General Roca',10,5,2),(324,'Herminia','Goodwyn','28958624','2008-12-19','2018-04-28','28335 Transport Crossing','Monte Caseros',18,1,2),(325,'Winslow','Woller','26820802','1977-12-17','2001-11-14','20 Westport Place','La Banda',5,1,4),(326,'Izzy','Bento','22181617','1992-07-14','1996-07-05','41568 Farwell Lane','General Roca',10,5,1),(327,'Lucia','Beetham','34253011','1974-05-19','2008-05-20','2136 Melody Terrace','Resistencia',20,3,7),(328,'Shannan','Sarfas','34667510','1997-12-30','2007-09-30','55 Vidon Court','La Banda',5,4,1),(329,'Marlow','Erdis','33181447','1969-03-09','2011-07-20','87422 Butternut Drive','Monte Caseros',18,4,6),(330,'Valentino','Cowope','20490126','1985-07-07','2020-01-26','436 Bayside Avenue','San Fernando del Valle',14,5,7),(331,'Shirline','Hamshaw','32882039','1967-02-23','2007-05-08','2018 Sage Terrace','Monte Caseros',18,2,10),(332,'Karoly','Keysel','20983490','1975-12-02','1991-04-27','4750 Lien Court','Rosario',3,2,5),(333,'Clovis','Cust','26839719','1978-10-17','2015-10-08','606 Northfield Road','Rosario',3,3,5),(334,'Stacie','Beldam','26834610','1995-12-19','2003-05-23','986 Hayes Park','Villa Mercedes',6,5,6),(335,'Lonni','Pughe','23514016','1994-11-27','2000-10-22','47430 Farragut Plaza','La Rioja',13,2,1),(336,'Karlene','Blind','22602987','1990-01-08','2016-05-27','83886 Hoepker Drive','San Miguel de Tucuman',12,5,6),(337,'Sabrina','Coltart','34819916','1967-08-18','2002-03-31','67 Canary Drive','Santa Rosa',9,4,9),(338,'Allie','Shapland','32684549','2007-06-01','2009-03-06','986 Menomonie Junction','Parana',17,4,7),(339,'Garth','Largen','27586646','2001-01-18','2012-08-15','04097 Huxley Terrace','Capital Federal',1,4,6),(340,'Marisa','Spaunton','15374852','1989-03-09','2020-10-24','3030 Harbort Crossing','Mendoza',7,5,7),(341,'Tanitansy','Beardsdale','24117577','2002-03-03','2022-03-08','34 Del Mar Circle','La Rioja',13,6,1),(342,'Kaylee','Gatchel','21881628','2006-12-24','2005-08-05','64 Myrtle Park','San Juan',8,6,1),(343,'Peyter','Noyce','22449805','1965-09-18','2015-10-01','9 Transport Way','Salta',15,1,4),(344,'Sawyer','Dadd','30660817','1997-08-06','1997-06-09','08 Stang Point','San Fernando del Valle',14,4,1),(345,'Spike','Sawkins','33769726','2007-04-19','2003-03-13','78194 Esker Hill','General Roca',10,5,6),(346,'Francklyn','Hanny','19581273','1969-10-14','1994-11-23','213 Grayhawk Point','Posadas',19,1,2),(347,'Vivyanne','Chattelaine','31596880','1968-04-16','2013-11-25','8048 Del Sol Plaza','La Banda',5,5,2),(348,'Coral','Stoate','29263180','1999-10-10','2021-08-05','8419 Lawn Terrace','Formosa',21,4,7),(349,'Barton','Bordes','34835241','2002-08-09','2004-10-27','652 Carberry Park','San Fernando del Valle',14,6,1),(350,'Retha','Ricardin','23639515','1998-03-10','2010-11-30','3346 Hansons Lane','La Banda',5,2,5),(351,'La verne','Blaszczynski','23666107','1981-04-26','2004-10-17','867 Amoth Drive','Resistencia',20,4,4),(352,'Josephine','Bullen','33879689','2002-09-04','1998-12-10','13408 Orin Plaza','San Miguel de Tucuman',12,1,1),(353,'Spike','Olliff','28465701','1981-10-07','2010-08-16','66246 Holy Cross Center','Posadas',19,2,10),(354,'Timmie','Strank','26391315','2004-07-03','2009-02-01','70 Merchant Park','San Miguel de Tucuman',12,1,8),(355,'Lissy','Mosten','15717890','2005-11-02','1999-08-19','33418 Forest Run Plaza','Neuquen',11,1,7),(356,'Had','Burstow','20073445','1971-10-17','2010-07-25','2 Dottie Circle','San Miguel de Tucuman',12,3,8),(357,'Kai','Guidi','22550254','1966-10-19','1991-01-01','2 Mayer Point','Mendoza',7,1,2),(358,'Ryann','Houndesome','32006030','1994-11-15','2014-03-01','04462 Bobwhite Park','Formosa',21,4,5),(359,'Gretal','Thieme','20301875','2004-08-13','2017-02-03','3 Ridgeview Crossing','Parana',17,2,9),(360,'Standford','Peckham','17970450','1972-01-06','1999-08-14','9760 Fairview Circle','Capital Federal',1,3,9),(361,'Ollie','MacCauley','25015292','1979-03-01','2016-06-07','9128 Ohio Point','Resistencia',20,4,4),(362,'Ryon','Booy','20683260','2007-01-21','2016-09-17','60 Kedzie Plaza','Villa Mercedes',6,1,5),(363,'Stacey','Blenkiron','16833723','1966-02-09','2022-06-22','816 Homewood Park','Resistencia',20,1,7),(364,'Kathye','Hawkins','25657106','1977-01-19','2010-05-03','3380 Delladonna Junction','Cordoba',4,3,2),(365,'Jillana','Renfield','33966477','1970-05-02','2020-10-29','09 Sycamore Park','Rosario',3,3,1),(366,'Michell','Tante','23569206','1982-02-16','2019-02-23','038 Continental Plaza','Villa Mercedes',6,3,9),(367,'Lazaro','Openshaw','23725777','1970-10-08','1993-12-28','7964 Brown Junction','Villa Mercedes',6,5,2),(368,'Harriet','Dinnington','33267503','1991-12-18','2023-05-21','5 Havey Drive','San Salvador de Jujuy',16,1,10),(369,'Augustus','Kitchenman','34764088','2000-02-15','1994-11-14','4 Stoughton Road','Posadas',19,6,2),(370,'Jocelyne','McLise','34516051','1967-06-19','2023-02-18','9 Oxford Park','Salta',15,4,10),(371,'Aggy','Winkle','16034722','2000-11-10','2016-12-28','29487 Surrey Hill','Rosario',3,4,4),(372,'Kliment','Denizet','24284259','1969-01-14','2021-10-13','192 Everett Court','Neuquen',11,3,1),(373,'Noam','Boteman','17003377','1973-07-20','2002-01-23','8820 Dottie Hill','Capital Federal',1,3,10),(374,'Margarete','Cunnell','30726497','1982-05-21','2010-02-25','95 Bonner Park','La Rioja',13,2,7),(375,'Maximilianus','Heritege','18524518','1972-01-07','2004-12-18','862 Badeau Pass','Posadas',19,6,5),(376,'Dolly','FitzAlan','17884827','1989-04-08','2021-09-13','71 Elmside Center','Parana',17,6,1),(377,'Terri','Domb','21559591','1965-08-09','2019-05-24','50134 Truax Park','San Salvador de Jujuy',16,3,6),(378,'Bryan','Autry','32129023','1965-12-18','2000-09-22','451 Northwestern Park','Rosario',3,3,4),(379,'Gracia','Kesteven','22267054','1970-06-09','1997-12-08','4 Wayridge Place','La Rioja',13,5,9),(380,'Teodoor','Ferries','31656290','1988-11-01','2025-08-07','5722 Macpherson Alley','Cordoba',4,6,8),(381,'Damian','Sowte','25466491','1982-08-16','2000-11-09','7 Bartillon Hill','Resistencia',20,6,1),(382,'Timmie','Metzing','31721006','1992-05-28','2006-04-29','12433 Armistice Terrace','San Fernando del Valle',14,6,3),(383,'Marne','Thiese','31747423','1988-06-28','2021-02-20','44881 Oneill Park','Parana',17,5,9),(384,'Woodrow','Stanaway','33083702','1977-10-18','1995-09-01','6731 Schlimgen Junction','Rosario',3,3,5),(385,'Tabatha','Lagneaux','25127734','2006-07-18','1997-04-07','86 Fairfield Park','Capital Federal',1,3,9),(386,'Garv','Napoli','19159966','1984-07-08','1994-03-16','52 Coleman Avenue','Cordoba',4,1,7),(387,'Euphemia','Abdy','30747652','1996-11-22','2018-07-16','0395 Fremont Hill','La Rioja',13,6,3),(388,'Arnold','Godier','30293701','1985-03-23','1991-10-12','32 Ramsey Lane','Mendoza',7,1,5),(389,'Seana','Braizier','30500925','1981-05-17','1991-03-22','2012 Coolidge Crossing','La Plata',2,5,2),(390,'Lishe','Plitz','18457531','1987-08-23','2009-03-07','162 Sunfield Alley','San Salvador de Jujuy',16,2,3),(391,'Paulette','Knewstub','31643040','1989-12-15','1995-08-29','77 Onsgard Court','Capital Federal',1,2,10),(392,'Florance','Corish','21878264','1968-04-25','2021-10-01','0 Grover Lane','General Roca',10,5,1),(393,'Hagen','Menel','27959811','1993-12-01','2010-10-26','5 Bellgrove Crossing','La Rioja',13,3,4),(394,'Evonne','Dealy','30790960','1969-01-09','1996-05-10','49 8th Junction','Monte Caseros',18,5,9),(395,'Yuma','Koppens','28968340','1993-01-13','2015-02-15','4348 Dapin Street','Salta',15,6,7),(396,'Saunder','Coleborn','16951400','2005-11-15','1992-03-22','20 Erie Avenue','Neuquen',11,2,1),(397,'Sylvan','Blackford','32336086','2006-03-31','1993-12-31','3 Texas Crossing','Parana',17,6,1),(398,'Gilberte','Dulin','28713249','1974-04-11','2011-07-20','51 Ruskin Court','Mendoza',7,3,6),(399,'Eberhard','Chason','15452487','1990-07-21','2025-06-11','4 Tony Road','La Banda',5,1,9),(400,'Ephrayim','Tosspell','29375277','1997-02-15','1999-06-21','1 Banding Junction','Mendoza',7,3,5);
/*!40000 ALTER TABLE `empleados` ENABLE KEYS */;
UNLOCK TABLES;

--
-- Table structure for table `estaciones`
--

DROP TABLE IF EXISTS `estaciones`;
/*!40101 SET @saved_cs_client     = @@character_set_client */;
/*!50503 SET character_set_client = utf8mb4 */;
CREATE TABLE `estaciones` (
  `ID_Estacion` int NOT NULL AUTO_INCREMENT,
  `Nombre_Estacion` varchar(50) NOT NULL,
  `Direccion` varchar(50) NOT NULL,
  `ID_Linea` int NOT NULL,
  `ID_Provincia` int NOT NULL,
  PRIMARY KEY (`ID_Estacion`),
  KEY `PK_Estacion_Linea` (`ID_Linea`),
  KEY `PK_Estacion_Provincia` (`ID_Provincia`),
  CONSTRAINT `PK_Estacion_Linea` FOREIGN KEY (`ID_Linea`) REFERENCES `lineas` (`ID_Linea`),
  CONSTRAINT `PK_Estacion_Provincia` FOREIGN KEY (`ID_Provincia`) REFERENCES `provincias` (`ID_Provincia`)
) ENGINE=InnoDB AUTO_INCREMENT=1432 DEFAULT CHARSET=utf8mb4 COLLATE=utf8mb4_0900_ai_ci;
/*!40101 SET character_set_client = @saved_cs_client */;

--
-- Dumping data for table `estaciones`
--

LOCK TABLES `estaciones` WRITE;
/*!40000 ALTER TABLE `estaciones` DISABLE KEYS */;
INSERT INTO `estaciones` VALUES (1,'16 DE JULIO','Montevideo 1377',2,2),(2,'20 DE SEPTIEMBRE','Colon 512',6,17),(3,'25 DE MAYO','Colon 512',2,2),(4,'30 DE AGOSTO','Rivadavia 678',5,2),(5,'4 DE NOVIEMBRE','Colon 512',6,2),(6,'9 DE JULIO','San Martin 123',5,2),(7,'AARON CASTELLANOS','Sarmiento 34',3,3),(8,'ABBOTT','Cabildo 555',2,2),(9,'ABRA GRANDE','Mitre 89',4,5),(10,'ABRA PAMPA','Independencia 45',4,16),(11,'ACEBAL','Sarmiento 34',1,3),(12,'ADELA','Cordoba 210',2,2),(13,'ADOLFO GONZALES CHAVES','Independencia 45',2,2),(14,'ADOLFO VAN PRAET','Sarmiento 34',5,9),(15,'AGUADA CECILIO','Colon 512',2,10),(16,'AGUADA DE GUERRA','Independencia 45',2,10),(17,'AGUARA','Independencia 45',2,2),(18,'AGUARAY','Sarmiento 34',4,15),(19,'AGUSTIN MOSCONI','Cabildo 555',2,2),(20,'AGUSTONI','Belgrano 45',5,9),(21,'ALAGON','Cabildo 555',5,2),(22,'ALAMOS','San Martin 123',2,2),(23,'ALBARELLOS','Belgrano 45',4,3),(24,'ALBARIÑO','Independencia 45',5,2),(25,'ALBERDI','Rivadavia 678',3,2),(26,'ALBERTI','Colon 512',5,2),(27,'ALDAO','Mitre 89',1,3),(28,'ALEGRE','San Martin 123',2,2),(29,'ALEJANDRO KORN','Colon 512',2,2),(30,'ALEJANDRO ROCA','Mitre 89',1,4),(31,'ALEJO LEDESMA','Montevideo 1377',1,4),(32,'ALEM','Independencia 45',3,2),(33,'ALFREDO PEÑA','Rivadavia 678',5,9),(34,'ALGARROBO','Colon 512',2,2),(35,'ALGARROBO','Uruguay 1345',2,2),(36,'ALLEN','Belgrano 45',2,10),(37,'ALLEN','Rivadavia 678',2,10),(38,'ALMIRANTE SOLIER','Belgrano 45',2,2),(39,'ALPACHIRI','Mitre 89',2,9),(40,'ALSINA','Uruguay 1345',1,2),(41,'ALTA CORDOBA','Cabildo 555',4,4),(42,'ALTA ITALIA','Uruguay 1345',5,9),(43,'ALTA VISTA','Colon 512',2,2),(44,'ALTAMIRANO','Independencia 45',2,2),(45,'ALTO DE SIERRA','Colon 512',4,8),(46,'ALTO PELADO','Colon 512',3,6),(47,'ALTO PENCOSO','Uruguay 1345',3,6),(48,'ALTO VERDE','Cordoba 210',3,7),(49,'ALTONA','Uruguay 1345',2,2),(50,'ALVAREZ','Colon 512',1,3),(51,'ALVEAR','Mitre 89',6,18),(52,'ALZAGA','Cabildo 555',2,2),(53,'AMEGHINO','Colon 512',5,2),(54,'AMERICA','Uruguay 1345',5,2),(55,'ANDINO','Sarmiento 34',1,3),(56,'ANGACO SUD','Sarmiento 34',4,8),(57,'ANGEL GALLARDO','Rivadavia 678',4,3),(58,'ANGUIL','Belgrano 45',5,9),(59,'ANTONIO CARBONI','San Martin 123',2,2),(60,'ANTONIO PINI','Mitre 89',4,3),(61,'ANZOATEGUI','Cabildo 555',2,9),(62,'AÑATUYA','Rivadavia 678',4,5),(63,'AP. RIO SALADO','Cordoba 210',2,2),(64,'APARICIO','Montevideo 1377',2,2),(65,'APOLINARIO SARAVIA','Colon 512',4,15),(66,'APOSTOLES','Uruguay 1345',6,19),(67,'ARANGUREN','Independencia 45',6,17),(68,'ARAOZ','Montevideo 1377',1,12),(69,'ARATA','Sarmiento 34',5,9),(70,'ARBOLEDAS','Cabildo 555',2,2),(71,'ARBOLITO','Cabildo 555',1,2),(72,'ARDILES','Mitre 89',1,5),(73,'ARENAL','Cabildo 555',4,15),(74,'ARENAZA','San Martin 123',5,2),(75,'ARGENTINA','Cabildo 555',1,5),(76,'ARGERICH','Mitre 89',2,2),(77,'ARIAS','Uruguay 1345',1,4),(78,'ARIZONA','Independencia 45',5,6),(79,'ARMSTRONG','Cordoba 210',1,3),(80,'AROCENA','Uruguay 1345',4,3),(81,'AROMOS','Uruguay 1345',4,3),(82,'ARRECIFES','Mitre 89',1,2),(83,'ARROYITO','Independencia 45',4,4),(84,'ARROYO AGUIAR','Mitre 89',4,3),(85,'ARROYO CLE','Independencia 45',6,17),(86,'ARROYO CORTO','Uruguay 1345',2,2),(87,'ARROYO DE LA CRUZ','Montevideo 1377',4,2),(88,'ARROYO DEL MEDIO','Belgrano 45',1,2),(89,'ARROYO SECO','Colon 512',1,3),(90,'ARROYO URQUIZA','Cordoba 210',6,17),(91,'ARROYO VENADO','Rivadavia 678',2,2),(92,'ARRUFO','Cordoba 210',1,3),(93,'ARTURO VATTEONE','Independencia 45',5,2),(94,'ATAHONA','Colon 512',4,12),(95,'ATALIVA','Belgrano 45',4,3),(96,'ATREUCO','Sarmiento 34',5,9),(97,'ATUCHA','Colon 512',1,2),(98,'AURELIA','Sarmiento 34',1,3),(99,'AURELIA NORTE','Cabildo 555',4,3),(100,'AVELLANEDA','Independencia 45',4,4),(101,'AVERIAS','San Martin 123',4,5),(102,'AVESTRUZ','Belgrano 45',2,2),(103,'AVIA TERAI','Cordoba 210',4,20),(104,'AYACUCHO','Independencia 45',2,2),(105,'AZOPARDO','Cabildo 555',2,2),(106,'AZUL','Belgrano 45',2,2),(107,'BAGUAL','Rivadavia 678',5,6),(108,'BAHIA BLANCA','Mitre 89',2,2),(109,'BAHIA BLANCA','Cabildo 555',2,2),(110,'BAIBIENE','San Martin 123',6,18),(111,'BAIGORRITA','Belgrano 45',3,2),(112,'BAJO GRANDE','Belgrano 45',4,15),(113,'BAJO HONDO','San Martin 123',2,2),(114,'BAJO HONDO - F.C.R.P.B.','San Martin 123',2,2),(115,'BALCARCE','Cordoba 210',2,2),(116,'BALDE','Sarmiento 34',3,6),(117,'BALLESTEROS','Belgrano 45',1,4),(118,'BALSA','San Martin 123',5,2),(119,'BANDERA','Independencia 45',4,5),(120,'BANDERALO','Belgrano 45',5,2),(121,'BARADERO','Montevideo 1377',1,2),(122,'BARRANCAS','Sarmiento 34',4,3),(123,'BARROW','Mitre 89',2,2),(124,'BARTOLOME DE LAS CASAS','Rivadavia 678',4,21),(125,'BASAVILBASO','Colon 512',6,17),(126,'BATAVIA','San Martin 123',3,6),(127,'BAYAUCA','Cabildo 555',5,2),(128,'BAZAN','Uruguay 1345',4,13),(129,'BEAZLEY','Belgrano 45',3,6),(130,'BELEN DE ESCOBAR','Belgrano 45',1,2),(131,'BELL VILLE','Independencia 45',1,4),(132,'BELLA VISTA','Cabildo 555',4,12),(133,'BELTRAN','San Martin 123',1,5),(134,'BENGOLEA','Belgrano 45',1,4),(135,'BENITEZ','Sarmiento 34',5,2),(136,'BENITO JUAREZ','Montevideo 1377',2,2),(137,'BENITO LEGEREN','San Martin 123',6,17),(138,'BENJAMIN GOULD','Cabildo 555',1,4),(139,'BENJAMIN PAZ','Colon 512',4,12),(140,'BENJAMIN ZORRILLA','Mitre 89',2,10),(141,'BERABEVU','Rivadavia 678',1,3),(142,'BERDUC','Colon 512',6,17),(143,'BERMEJO','Belgrano 45',4,8),(144,'BERMUDEZ','Cordoba 210',3,2),(145,'BERNARDO DE IRIGOYEN','Independencia 45',1,3),(146,'BERNARDO LARROUDE','Rivadavia 678',5,9),(147,'BERUTTI','San Martin 123',5,2),(148,'BETANIA','Independencia 45',4,15),(149,'BETBEDER','Montevideo 1377',6,17),(150,'BLANCA GRANDE','Uruguay 1345',2,2),(151,'BLANDENGUES','Cabildo 555',3,2),(152,'BLAQUIER','Independencia 45',3,2),(153,'BOCAYUVA','Sarmiento 34',5,2),(154,'BOEUF','Mitre 89',5,9),(155,'BOLIVAR','Cordoba 210',2,2),(156,'BONPLAND','Cordoba 210',6,18),(157,'BOSCH','Rivadavia 678',2,2),(158,'BOWEN','Uruguay 1345',5,7),(159,'BRAGADO','Montevideo 1377',5,2),(160,'BRANDSEN','Montevideo 1377',2,2),(161,'BUENA ESPERANZA','Cabildo 555',3,6),(162,'CABAL','San Martin 123',4,3),(163,'CABEZA DE BUEY','Uruguay 1345',4,15),(164,'CABILDO','Cordoba 210',2,2),(165,'CACHARI','Colon 512',2,2),(166,'CACUI','Belgrano 45',4,20),(167,'CADETES DE CHILE','Colon 512',3,7),(168,'CAIMANCITO','Belgrano 45',4,16),(169,'CALABACILLA','Independencia 45',6,17),(170,'CALCHAQUI','Uruguay 1345',4,3),(171,'CALDENADAS','Cordoba 210',3,6),(172,'CALDERON','Sarmiento 34',2,2),(173,'CALEUFU','Colon 512',5,9),(174,'CALILEGUA','San Martin 123',4,16),(175,'CALVO','Cabildo 555',2,2),(176,'CAMBACERES','Rivadavia 678',5,2),(177,'CAMET','Uruguay 1345',2,2),(178,'CAMPANA','Rivadavia 678',1,2),(179,'CAMPICHUELO','Uruguay 1345',4,15),(180,'CAMPO GARAY','Belgrano 45',4,3),(181,'CAMPO LARGO','Rivadavia 678',4,20),(182,'CAMPS','Belgrano 45',6,17),(183,'CANALEJAS','Sarmiento 34',5,7),(184,'CANALS','Independencia 45',1,4),(185,'CANGALLO','San Martin 123',2,2),(186,'CAÑADA DE GOMEZ','Rivadavia 678',1,3),(187,'CAÑADA DEL UCLE','San Martin 123',1,3),(188,'CAÑADA HONDA','Mitre 89',3,8),(189,'CAÑADA OMBU','Independencia 45',4,3),(190,'CAÑADA ROSQUIN','Montevideo 1377',4,3),(191,'CAÑADA SECA','Montevideo 1377',3,2),(192,'CAÑUELAS','Uruguay 1345',2,2),(193,'CAPAYAN','Independencia 45',4,14),(194,'CAPDEVILLE','Independencia 45',3,7),(195,'CAPILLA DE ROMERO','Uruguay 1345',3,4),(196,'CAPILLA DEL SEÑOR','Uruguay 1345',1,2),(197,'CAPILLA DEL SEÑOR','Independencia 45',6,2),(198,'CAPITAN BERMUDEZ','Independencia 45',4,3),(199,'CAPITAN JUAN PAGE','San Martin 123',4,15),(200,'CAPITAN MONTOYA','Uruguay 1345',5,7),(201,'CAPITAN SARMIENTO','Rivadavia 678',1,2),(202,'CAPIVARA','Sarmiento 34',4,3),(203,'CARCARAÑA','San Martin 123',1,3),(204,'CARDENAL CAGLIERO','Montevideo 1377',2,2),(205,'CARHUE','Cordoba 210',2,2),(206,'CARHUE','Cabildo 555',5,2),(207,'CARLOS CASARES','Mitre 89',5,2),(208,'CARLOS LEMEE','Uruguay 1345',4,2),(209,'CARLOS MARIA NAON','Rivadavia 678',5,2),(210,'CARLOS SALAS','Montevideo 1377',5,2),(211,'CARLOS TEJEDOR','Cordoba 210',5,2),(212,'CARMEN','Mitre 89',1,3),(213,'CARMEN DE ARECO','Cabildo 555',6,2),(214,'CARMEN DE PATAGONES','Sarmiento 34',2,2),(215,'CARMEN DE PATAGONES','Colon 512',2,2),(216,'CAROYA','Colon 512',4,4),(217,'CARPINTERIA','Sarmiento 34',3,8),(218,'CARRIZALES','Uruguay 1345',1,3),(219,'CASALEGNO','Cabildo 555',1,3),(220,'CASARES','Belgrano 45',1,5),(221,'CASAS','Uruguay 1345',4,3),(222,'CASCADA','Mitre 89',2,2),(223,'CASEROS','Belgrano 45',6,17),(224,'CASTELLI','Uruguay 1345',2,2),(225,'CASTILLA','Independencia 45',3,2),(226,'CASTRO BARROS','San Martin 123',4,13),(227,'CATRILO','Montevideo 1377',5,9),(228,'CAUCETE','Mitre 89',4,8),(229,'CAYASTACITO','Montevideo 1377',4,3),(230,'CAZA PAVA','Cabildo 555',6,18),(231,'CAZADOR','Cabildo 555',3,6),(232,'CAZON','Independencia 45',2,2),(233,'CEBALLOS','Sarmiento 34',5,9),(234,'CEBOLLAR','Montevideo 1377',4,13),(235,'CEIBALITO','Cabildo 555',4,15),(236,'CENTENO','Sarmiento 34',4,3),(237,'CEREALES','Cordoba 210',5,9),(238,'CERES','Colon 512',1,3),(239,'CERRITO','Colon 512',5,2),(240,'CERVANTES','Independencia 45',2,10),(241,'CHACABUCO','Cordoba 210',3,2),(242,'CHAGUARAL','Cabildo 555',4,15),(243,'CHAJARI','Rivadavia 678',6,17),(244,'CHALANTA','Mitre 89',3,6),(245,'CHALICAN','Montevideo 1377',4,16),(246,'CHALLACO','Rivadavia 678',2,11),(247,'CHAMAICO','Independencia 45',5,9),(248,'CHAMICAL','Rivadavia 678',4,13),(249,'CHANCAY','Independencia 45',5,2),(250,'CHAÑAR','Belgrano 45',4,13),(251,'CHAÑAR LADEADO','Cordoba 210',1,3),(252,'CHAÑAR MUYO','Montevideo 1377',4,15),(253,'CHAPADMALAL','Independencia 45',2,2),(254,'CHAPALEOFU','San Martin 123',2,2),(255,'CHARADAI','San Martin 123',4,20),(256,'CHARATA','Uruguay 1345',4,20),(257,'CHARRAS','Cordoba 210',1,4),(258,'CHAS','Sarmiento 34',2,2),(259,'CHASCOMUS','Rivadavia 678',2,2),(260,'CHAUPI POZO','Cordoba 210',1,5),(261,'CHAVARRIA','Mitre 89',6,18),(262,'CHAZON','Independencia 45',1,4),(263,'CHELFORO','Uruguay 1345',2,10),(264,'CHENAUT','Cabildo 555',4,2),(265,'CHEPES','Montevideo 1377',4,13),(266,'CHICHINALES','Montevideo 1377',2,10),(267,'CHICLANA','Uruguay 1345',5,2),(268,'CHILLAR','Cabildo 555',2,2),(269,'CHIMPAY','Cabildo 555',2,10),(270,'CHIMPAY','Independencia 45',2,10),(271,'CHIVILCOY','Mitre 89',5,2),(272,'CHOELE CHOEL','Sarmiento 34',2,10),(273,'CHOROMORO','Sarmiento 34',4,12),(274,'CHOROTIS','Belgrano 45',4,20),(275,'CHORROARIN','Independencia 45',4,15),(276,'CHOSMES','Colon 512',3,6),(277,'CHUCUL','Mitre 89',1,4),(278,'CHUMBICHA','Cabildo 555',4,14),(279,'CHUÑA','Cordoba 210',4,4),(280,'CINCO CHAÑARES','Mitre 89',2,10),(281,'CIPOLLETTI','Rivadavia 678',2,10),(282,'CIPOLLETTI','Cordoba 210',2,10),(283,'CLASON','Cordoba 210',4,3),(284,'CLAUDIO MOLINA','Rivadavia 678',2,2),(285,'CLEMENTE ONELLI','San Martin 123',2,10),(286,'CLODOMIRA','Belgrano 45',4,5),(287,'CLODOMIRO LEDESMA','Cabildo 555',6,17),(288,'CMDTE. NICANOR OTAMENDI','San Martin 123',2,2),(289,'CNEL. EUGENIO DEL BUSTO','Independencia 45',2,10),(290,'CNEL. HILARIO LAGOS','Mitre 89',5,9),(291,'COBO','Colon 512',2,2),(292,'COLIQUEO','Montevideo 1377',3,2),(293,'COLMENA','Sarmiento 34',4,3),(294,'COLOMBRES','Cabildo 555',4,12),(295,'COLON','Independencia 45',1,2),(296,'COLONIA ALVEAR','Montevideo 1377',5,7),(297,'COLONIA BARON','Mitre 89',5,9),(298,'COLONIA CALZADA','Rivadavia 678',3,6),(299,'COLONIA DORA','Mitre 89',1,5),(300,'COLONIA HINOJO','Independencia 45',2,2),(301,'COLONIA SERE','Sarmiento 34',5,2),(302,'COLONIA VELAZ','Sarmiento 34',4,2),(303,'COMALLO','Rivadavia 678',2,10),(304,'COMALLO','Cordoba 210',2,10),(305,'COMANDANTE FONTANA','Belgrano 45',4,21),(306,'COMANDANTE LEAL','Mitre 89',4,13),(307,'CONCARAN','Mitre 89',3,6),(308,'CONCEPCION DEL BERMEJO','Uruguay 1345',4,20),(309,'CONCEPCION DEL URUGUAY','Rivadavia 678',6,17),(310,'CONCORDIA','Uruguay 1345',6,17),(311,'CONDARCO','Belgrano 45',5,2),(312,'CONHELO','Sarmiento 34',5,9),(313,'CONLARA','Montevideo 1377',3,4),(314,'CONSTANZA','Mitre 89',4,3),(315,'CONSTITUCION','Colon 512',2,1),(316,'CONSTITUYENTES','Sarmiento 34',4,3),(317,'CORAZZI','Belgrano 45',5,2),(318,'CORDOBA','Rivadavia 678',1,4),(319,'CORONDA','Montevideo 1377',4,3),(320,'CORONEL AGUIRRE','Uruguay 1345',1,3),(321,'CORONEL ALZOGARAY','Independencia 45',3,6),(322,'CORONEL BELISLE','Colon 512',2,10),(323,'CORONEL BOERR','Rivadavia 678',2,2),(324,'CORONEL BOGADO','San Martin 123',4,3),(325,'CORONEL CHARLONE','Independencia 45',3,2),(326,'CORONEL CORNEJO','Independencia 45',4,15),(327,'CORONEL DORREGO','Montevideo 1377',2,2),(328,'CORONEL FALCON','Cabildo 555',2,2),(329,'CORONEL GRANADA','Mitre 89',5,2),(330,'CORONEL JUAN SOLA','Cabildo 555',4,15),(331,'CORONEL MARTINEZ DE HOZ','Colon 512',5,2),(332,'CORONEL MOLLINEDO','Sarmiento 34',4,15),(333,'CORONEL MOM','Belgrano 45',5,2),(334,'CORONEL PRINGLES','Cordoba 210',2,2),(335,'CORONEL RODOLFO BUNGE','San Martin 123',2,2),(336,'CORONEL SEGUI','Rivadavia 678',5,2),(337,'CORONEL SUAREZ','Sarmiento 34',2,2),(338,'CORONEL VIDAL','Mitre 89',2,2),(339,'CORRAL DE BUSTOS','Mitre 89',1,4),(340,'CORRAL DE LORCA','Sarmiento 34',3,7),(341,'CORREA','Belgrano 45',1,3),(342,'CORRIENTES','Rivadavia 678',6,18),(343,'CORTI','Mitre 89',2,2),(344,'CORZUELA','San Martin 123',4,20),(345,'COTE-LAI','Belgrano 45',4,20),(346,'CRAMER','Montevideo 1377',3,6),(347,'CRESPO','Rivadavia 678',6,17),(348,'CROTTO','Montevideo 1377',2,2),(349,'CRUZ DEL EJE','Sarmiento 34',4,4),(350,'CUAY GRANDE','Montevideo 1377',6,18),(351,'CUCHA CUCHA','Rivadavia 678',3,2),(352,'CUCHILLA REDONDA','Cabildo 555',6,17),(353,'CUCULLU','Colon 512',6,2),(354,'CURA MALAL','Colon 512',2,2),(355,'CURAPALIGÜE','Independencia 45',3,4),(356,'CURUPAITY','Rivadavia 678',1,3),(357,'CURUZU CUATIA','Independencia 45',6,18),(358,'CUTRAL-CO','Colon 512',2,11),(359,'CUTRAL-CO','Uruguay 1345',2,11),(360,'DAIREAUX','Uruguay 1345',2,2),(361,'DAMIAN MAISONNAVE','Uruguay 1345',5,9),(362,'DARREGUEIRA','San Martin 123',2,2),(363,'DARWIN','Montevideo 1377',2,10),(364,'DARWIN','Cabildo 555',2,10),(365,'DE BARY','Uruguay 1345',5,2),(366,'DE LA CANAL','Cordoba 210',2,2),(367,'DE LA GARMA','Belgrano 45',2,2),(368,'DEAN FUNES','Belgrano 45',4,4),(369,'DEL CARRIL','Cabildo 555',2,2),(370,'DEL VALLE','San Martin 123',2,2),(371,'DENNEHY','Independencia 45',5,2),(372,'DESAGUADERO','Cabildo 555',3,7),(373,'DESIDERIO TELLO','Colon 512',4,13),(374,'DESVIO ARIJON','Cabildo 555',4,3),(375,'DESVIO LA PALOMA','Colon 512',4,5),(376,'DEVOTO','Mitre 89',4,4),(377,'DIAZ','Montevideo 1377',1,3),(378,'DIEGO DE ALVEAR','Mitre 89',3,3),(379,'DIEGO GAYNOR','Montevideo 1377',1,2),(380,'DIVISADERO DE PINAMAR','Uruguay 1345',2,2),(381,'DIXONVILLE','Independencia 45',3,6),(382,'DOBLAS','Colon 512',5,9),(383,'DOLORES','Cabildo 555',2,2),(384,'DOMSELAAR','Uruguay 1345',2,2),(385,'DONADO','Cordoba 210',3,6),(386,'DONOVAN','Cordoba 210',3,6),(387,'DORILA','San Martin 123',5,9),(388,'DOYLE','Cordoba 210',4,2),(389,'DR. DOMINGO HAROSTEGUY','Cordoba 210',2,2),(390,'DR. ROGELIO CORTIZO','Cordoba 210',2,10),(391,'DRABBLE','Montevideo 1377',5,2),(392,'DRAGONES','Uruguay 1345',4,15),(393,'DUCOS','Colon 512',2,2),(394,'DUFAUR','Cabildo 555',2,2),(395,'DUGGAN','Belgrano 45',1,2),(396,'DUHAU','San Martin 123',5,2),(397,'DURAÑONA','Belgrano 45',2,2),(398,'DURHAM','Cabildo 555',1,3),(399,'DUSSAUD','Belgrano 45',5,2),(400,'EDUARDO CASTEX','Cordoba 210',5,9),(401,'EDUARDO COSTA','Sarmiento 34',5,2),(402,'EGAÑA','Rivadavia 678',2,2),(403,'EL BORDO','Cabildo 555',4,15),(404,'EL CABURE','Rivadavia 678',4,5),(405,'EL CADILLAL','Rivadavia 678',4,12),(406,'EL CHACHO','Cordoba 210',4,4),(407,'EL CHARCO','Colon 512',1,5),(408,'EL DIA','Belgrano 45',3,2),(409,'EL DIVISORIO','Uruguay 1345',2,2),(410,'EL DORADO','Sarmiento 34',3,2),(411,'EL FUERTECITO','Cabildo 555',4,4),(412,'EL GALPON','Rivadavia 678',4,15),(413,'EL LENGUARAZ','Uruguay 1345',2,2),(414,'EL MORO','Uruguay 1345',2,2),(415,'EL PARAISO','Belgrano 45',1,2),(416,'EL PENSAMIENTO','Sarmiento 34',2,2),(417,'EL QUEBRACHAL','Independencia 45',4,15),(418,'EL QUEMADO','Uruguay 1345',4,16),(419,'EL SOCORRO','San Martin 123',1,2),(420,'EL SOMBRERO','San Martin 123',6,18),(421,'EL TALA','Montevideo 1377',4,15),(422,'EL TEJAR','Cordoba 210',5,2),(423,'EL TIO','Montevideo 1377',4,4),(424,'EL TRIUNFO','San Martin 123',5,2),(425,'EL TUNAL','San Martin 123',4,15),(426,'EL ZORRO','Uruguay 1345',2,2),(427,'ELEODORO LOBOS','Belgrano 45',3,6),(428,'ELORTONDO','Cordoba 210',1,3),(429,'ELVIRA','Belgrano 45',2,2),(430,'EMBAJADOR MARTINI','Montevideo 1377',5,9),(431,'EMBARCACION','Colon 512',4,15),(432,'EMILIA','Belgrano 45',4,3),(433,'EMILIO AYARZA','Independencia 45',5,2),(434,'EMILIO LAMARCA','Sarmiento 34',2,2),(435,'EMILIO V. BUNGE','Cordoba 210',3,2),(436,'EMMA','Mitre 89',2,2),(437,'EMPALME LOBOS','Cabildo 555',2,2),(438,'EMPALME SAN CARLOS','Sarmiento 34',4,3),(439,'EMPALME VILLA CONSTITUCION','Sarmiento 34',1,3),(440,'EMPEDRADO','Cabildo 555',6,18),(441,'ENCINA','Montevideo 1377',5,2),(442,'ENRIQUE CARBO','Sarmiento 34',6,17),(443,'ERIZE','Mitre 89',2,2),(444,'ERNESTINA','Rivadavia 678',2,2),(445,'ESCALADA','San Martin 123',6,2),(446,'ESCRIÑA','Mitre 89',6,17),(447,'ESMERALDA','San Martin 123',4,3),(448,'ESPARTILLAR','Sarmiento 34',2,2),(449,'ESPERANZA','Colon 512',4,3),(450,'ESPIGAS','Colon 512',2,2),(451,'ESPIN','Independencia 45',4,3),(452,'EST. BRAZO LARGO','Rivadavia 678',6,17),(453,'EST. EL GAUCHO','Mitre 89',4,3),(454,'EST. GRAL. SAN MARTIN','Cordoba 210',6,17),(455,'EST. NUEVO ALBERDI','Colon 512',4,3),(456,'EST. ROSARIO OESTE','Sarmiento 34',4,3),(457,'ESTACION LIBERTAD','Uruguay 1345',6,18),(458,'ESTANISLAO DEL CAMPO','Independencia 45',4,21),(459,'ESTEBAN DE URIZAR','Rivadavia 678',4,15),(460,'ESTEBAN RAMS','San Martin 123',4,3),(461,'ESTECO','Cordoba 210',4,15),(462,'ESTOMBA','Rivadavia 678',2,2),(463,'ETCHEGOYEN','Cordoba 210',6,2),(464,'FAIR','Cabildo 555',2,2),(465,'FATIMA','Belgrano 45',6,2),(466,'FATRALO','Uruguay 1345',5,2),(467,'FAUSTINO M. PARERA','Belgrano 45',6,17),(468,'FEDERACION','San Martin 123',6,17),(469,'FEDERICO LACROZE','Independencia 45',6,1),(470,'FELIPE YOFRE','Cordoba 210',6,18),(471,'FERNANDEZ','Cabildo 555',1,5),(472,'FIRMAT','Independencia 45',1,3),(473,'FONTEZUELA','Montevideo 1377',1,2),(474,'FORMOSA','Cabildo 555',4,21),(475,'FORRES','Independencia 45',1,5),(476,'FORTIN ATAHUALPA','Colon 512',4,3),(477,'FORTIN CARDOZO','Cordoba 210',4,20),(478,'FORTIN INCA','Uruguay 1345',4,5),(479,'FORTIN LAS CHUÑAS','Belgrano 45',4,20),(480,'FORTIN LOBOS','Colon 512',2,2),(481,'FORTIN UNO','Cordoba 210',2,10),(482,'FORTIN VIGILANCIA','Belgrano 45',5,2),(483,'FORTUNA','Belgrano 45',5,6),(484,'FRAGA','San Martin 123',3,6),(485,'FRAILE PINTADO','Cabildo 555',4,16),(486,'FRANCISCO MADERO','Cabildo 555',5,2),(487,'FRANKLIN','Montevideo 1377',3,2),(488,'FRAY LUIS BELTRAN','Uruguay 1345',3,7),(489,'FRENCH','Belgrano 45',5,2),(490,'FRIAS','Independencia 45',4,5),(491,'FRONTERA','Rivadavia 678',4,3),(492,'FULTON','Cordoba 210',2,2),(493,'GAHAN','San Martin 123',6,2),(494,'GALVEZ','San Martin 123',1,3),(495,'GANCEDO','Sarmiento 34',4,20),(496,'GANDARA','Belgrano 45',2,2),(497,'GAONA','San Martin 123',4,15),(498,'GARABATO','Cabildo 555',4,3),(499,'GARCIA DEL RIO','Belgrano 45',2,2),(500,'GARDEY','Sarmiento 34',2,2),(501,'GARUPA','Montevideo 1377',6,19),(502,'GARZA','Uruguay 1345',1,5),(503,'GASPAR CAMPOS','Uruguay 1345',3,7),(504,'GAVIOTAS','Montevideo 1377',2,9),(505,'GENERAL ALVEAR','Cordoba 210',2,2),(506,'GENERAL ALVEAR','Cabildo 555',5,7),(507,'GENERAL BALLIVIAN','Cabildo 555',4,15),(508,'GENERAL BELGRANO','Mitre 89',2,2),(509,'GENERAL CAMPOS','Mitre 89',6,17),(510,'GENERAL CAPDEVILA','Mitre 89',4,20),(511,'GENERAL DANIEL CERRI','Cordoba 210',2,2),(512,'GENERAL DONOVAN','Mitre 89',4,20),(513,'GENERAL FERNANDEZ ORO','San Martin 123',2,10),(514,'GENERAL GALARZA','Cabildo 555',6,17),(515,'GENERAL GÜEMES','Montevideo 1377',4,15),(516,'GENERAL GUIDO','San Martin 123',2,2),(517,'GENERAL GUTIERREZ','Montevideo 1377',3,7),(518,'GENERAL L. VINTTER','Rivadavia 678',2,10),(519,'GENERAL LAMADRID','Independencia 45',2,2),(520,'GENERAL LEVALLE','Belgrano 45',3,4),(521,'GENERAL LIBORIO BERNAL','Independencia 45',2,10),(522,'GENERAL MADARIAGA','Colon 512',2,2),(523,'GENERAL MANUEL J. CAMPOS','Cordoba 210',2,9),(524,'GENERAL MOSCONI','San Martin 123',4,15),(525,'GENERAL N. H. PALACIOS','Cabildo 555',2,10),(526,'GENERAL OBLIGADO','Rivadavia 678',4,20),(527,'GENERAL O\'BRIEN','Mitre 89',5,2),(528,'GENERAL PAUNERO','Colon 512',3,4),(529,'GENERAL PAZ','Sarmiento 34',4,4),(530,'GENERAL PICO','San Martin 123',5,9),(531,'GENERAL PINEDO','Colon 512',4,20),(532,'GENERAL PINTO','Rivadavia 678',5,2),(533,'GENERAL PIRAN','Cordoba 210',2,2),(534,'GENERAL PIZARRO','Montevideo 1377',4,15),(535,'GENERAL RACEDO','Cordoba 210',6,17),(536,'GENERAL RAMIREZ','San Martin 123',6,17),(537,'GENERAL ROCA','Sarmiento 34',1,4),(538,'GENERAL ROCA','San Martin 123',2,10),(539,'GENERAL ROCA','Belgrano 45',2,10),(540,'GENERAL SOLER','Cordoba 210',3,4),(541,'GENERAL VILLEGAS','Independencia 45',5,2),(542,'GERMANIA','Uruguay 1345',3,2),(543,'GILBERT','Sarmiento 34',6,17),(544,'GIRARDET','Montevideo 1377',4,5),(545,'GOBERNADOR CANDIOTI','Montevideo 1377',4,3),(546,'GOBERNADOR CASTRO','San Martin 123',1,2),(547,'GOBERNADOR CRESPO','Colon 512',4,3),(548,'GOBERNADOR DOMINGUEZ','Independencia 45',6,17),(549,'GOBERNADOR ECHAGÜE','Belgrano 45',6,17),(550,'GOBERNADOR MANSILLA','San Martin 123',6,17),(551,'GOBERNADOR SOLA','Cordoba 210',6,17),(552,'GOBERNADOR VIRASORO','Colon 512',6,18),(553,'GOLONDRINA','Uruguay 1345',4,3),(554,'GONDRA','Mitre 89',3,2),(555,'GONZALEZ CALDERON','Uruguay 1345',6,17),(556,'GONZALEZ MORENO','Cabildo 555',5,2),(557,'GORCHS','San Martin 123',2,2),(558,'GORGONTA','Rivadavia 678',3,6),(559,'GOROSTIAGA','Cordoba 210',5,2),(560,'GOUDGE','Rivadavia 678',5,7),(561,'GOYENA','Uruguay 1345',2,2),(562,'GRACIARENA','Independencia 45',5,2),(563,'GRAMILLA','Sarmiento 34',1,5),(564,'GRAN GUARDIA','Colon 512',4,21),(565,'GREGORIA PEREZ DE DENIS','Independencia 45',4,3),(566,'GREGORIO VILLAFAÑE','Cabildo 555',3,2),(567,'GRÜNBEIN','Mitre 89',2,2),(568,'GUADALUPE','Belgrano 45',4,3),(569,'GUALEGUAY','Colon 512',6,17),(570,'GUAMINI','Belgrano 45',2,2),(571,'GUANACACHE','Cordoba 210',3,8),(572,'GUARDIA ESCOLTA','Cabildo 555',4,5),(573,'GUATRACHE','Rivadavia 678',2,9),(574,'GUAVIRAVI','Sarmiento 34',6,18),(575,'GUAYCURU','Rivadavia 678',4,3),(576,'GUERRERO','Colon 512',2,2),(577,'GUIDO SPANO','Mitre 89',6,2),(578,'GUIÑAZU','Cordoba 210',4,4),(579,'GÜNTHER','Colon 512',3,2),(580,'HALE','Belgrano 45',2,2),(581,'HEAVY','Montevideo 1377',6,2),(582,'HEREFORD','Cabildo 555',5,2),(583,'HERMOSO CAMPO','Mitre 89',4,20),(584,'HERNANDEZ','Cabildo 555',6,17),(585,'HERRERA','Sarmiento 34',1,5),(586,'HERSILIA','Sarmiento 34',1,3),(587,'HICKMANN','Colon 512',4,15),(588,'HIDALGO','Cordoba 210',5,9),(589,'HILARIO ASCASUBI','Rivadavia 678',2,2),(590,'HIPOLITO BOUCHARD','San Martin 123',3,4),(591,'HORCONES','San Martin 123',4,15),(592,'HUACALERA','Sarmiento 34',4,16),(593,'HUANGUELEN','Belgrano 45',2,2),(594,'HUANQUEROS','Cabildo 555',4,3),(595,'HUASCHA','Mitre 89',4,4),(596,'HUEJADA','Uruguay 1345',3,6),(597,'HUELEN','Cordoba 210',5,9),(598,'HUETEL','Independencia 45',2,2),(599,'HUILLAPIMA','San Martin 123',4,14),(600,'HUINCA RENANCO','Sarmiento 34',3,4),(601,'HUMAHUACA','Uruguay 1345',4,16),(602,'HUMBERTO 1º','Rivadavia 678',4,3),(603,'HUMBOLDT SUR','Uruguay 1345',4,3),(604,'HUNTER','Cordoba 210',6,2),(605,'HURITU HUASI','Cabildo 555',4,5),(606,'HUYAMAMPA','Cordoba 210',4,5),(607,'IBARLUCEA','Uruguay 1345',4,3),(608,'IBARRETA','San Martin 123',4,21),(609,'ICAÑO','Cordoba 210',1,5),(610,'IGARZABAL','Mitre 89',2,2),(611,'INDIO RICO','Sarmiento 34',2,2),(612,'ING. LUIS A. HUERGO','Cabildo 555',2,10),(613,'INGENIERO BALLOFFET','Mitre 89',5,7),(614,'INGENIERO FOSTER','Cabildo 555',5,9),(615,'INGENIERO GIAGNONI','Mitre 89',3,7),(616,'INGENIERO JACOBACCI','Belgrano 45',2,10),(617,'INGENIERO JACOBACCI','Rivadavia 678',2,10),(618,'INGENIERO JUAREZ','Rivadavia 678',4,21),(619,'INGENIERO LUIGGI','Cabildo 555',5,9),(620,'INGENIERO MONETA','Rivadavia 678',4,2),(621,'INGENIERO THOMPSON','Sarmiento 34',5,2),(622,'INTENDENTE ALVEAR','Mitre 89',5,9),(623,'INTIYACO','Colon 512',4,3),(624,'INVERNADAS','Sarmiento 34',2,2),(625,'IRALA','Independencia 45',3,2),(626,'IRAOLA','Rivadavia 678',2,2),(627,'IRAZUSTA','San Martin 123',6,17),(628,'IRENE','Uruguay 1345',2,2),(629,'IRENEO PORTELA','Belgrano 45',4,2),(630,'IRIARTE','Cordoba 210',3,2),(631,'IRIONDO','Cabildo 555',4,3),(632,'ISCA YACU','Colon 512',4,5),(633,'ISLA VERDE','Sarmiento 34',1,4),(634,'ISLAS','Uruguay 1345',2,2),(635,'ISTHILART','Independencia 45',6,17),(636,'ITALO','Rivadavia 678',3,4),(637,'ITIN','Sarmiento 34',4,20),(638,'ITURBE','Montevideo 1377',4,16),(639,'ITURREGUI','Montevideo 1377',2,2),(640,'J.M. MICHEO','Rivadavia 678',2,2),(641,'JAIME PETER','Rivadavia 678',4,4),(642,'JAMES CRAIK','Sarmiento 34',1,4),(643,'JARILLA','Montevideo 1377',3,6),(644,'JEANMAIRE','Sarmiento 34',4,4),(645,'JEPPENER','Cabildo 555',2,2),(646,'JERONIMO MATORRAS','Belgrano 45',4,15),(647,'JESUS MARIA','Uruguay 1345',4,4),(648,'JOAQUIN V. GONZALEZ','Belgrano 45',4,15),(649,'JOCOLI','San Martin 123',3,7),(650,'JOSE A. GUISASOLA','Cabildo 555',2,2),(651,'JOSE B. CASAS','Uruguay 1345',2,2),(652,'JOSE SANTOS AREVALO','Independencia 45',2,2),(653,'JUAN A. PRADERE','Cordoba 210',2,2),(654,'JUAN ANCHORENA','Uruguay 1345',1,2),(655,'JUAN B. MOLINA','Cabildo 555',4,3),(656,'JUAN DE GARAY','San Martin 123',2,10),(657,'JUAN E. BARRA','Rivadavia 678',2,2),(658,'JUAN F. IBARRA','Mitre 89',2,2),(659,'JUAN G. BAZAN','Colon 512',4,21),(660,'JUAN G. PUJOL','Montevideo 1377',4,2),(661,'JUAN GEZ','Rivadavia 678',3,6),(662,'JUAN JORGE','Sarmiento 34',6,17),(663,'JUAN JOSE CASTELLI','San Martin 123',4,20),(664,'JUAN JOSE PASO','Independencia 45',5,2),(665,'JUAN LLERENA','San Martin 123',3,6),(666,'JUAN PUJOL','Mitre 89',6,18),(667,'JUAREZ CELMAN','Mitre 89',4,4),(668,'JUBILEO','Rivadavia 678',6,17),(669,'JUNIN','Uruguay 1345',3,2),(670,'JUSTO DARACT','Uruguay 1345',3,6),(671,'KM 173','Belgrano 45',6,18),(672,'KM 468','San Martin 123',4,3),(673,'KM 855','Uruguay 1345',4,20),(674,'KM 884','Cabildo 555',4,20),(675,'KM. 581','Uruguay 1345',4,4),(676,'KM. 691','Colon 512',4,4),(677,'KRABBE','Uruguay 1345',2,2),(678,'LA AURORA','Rivadavia 678',4,5),(679,'LA BANDA','Rivadavia 678',1,5),(680,'LA BARRANCOSA','Belgrano 45',2,2),(681,'LA BEBA','Uruguay 1345',6,2),(682,'LA CABRAL','Montevideo 1377',4,3),(683,'LA CAÑADA','Independencia 45',4,5),(684,'LA CARLOTA','Rivadavia 678',1,4),(685,'LA CAUTIVA','Rivadavia 678',3,4),(686,'LA COLINA','Cordoba 210',2,2),(687,'LA CONSTANCIA','Belgrano 45',2,2),(688,'LA COSTA','San Martin 123',3,6),(689,'LA CRIOLLA','Colon 512',4,3),(690,'LA CRIOLLA','Cabildo 555',6,17),(691,'LA CRUZ','Colon 512',6,18),(692,'LA DELFINA','Montevideo 1377',5,2),(693,'LA DORITA','Cordoba 210',5,2),(694,'LA DORMIDA','San Martin 123',3,7),(695,'LA ESCONDIDA','Cordoba 210',4,20),(696,'LA ESTRELLA','San Martin 123',4,15),(697,'LA FRANCIA','Colon 512',4,4),(698,'LA GILDA','Uruguay 1345',1,4),(699,'LA GLORIA','Independencia 45',5,9),(700,'LA INTERMEDIA','Belgrano 45',4,16),(701,'LA INVENCIBLE','Rivadavia 678',6,2),(702,'LA LARGA','Montevideo 1377',2,2),(703,'LA LIMPIA','Mitre 89',5,2),(704,'LA LUCILA','Mitre 89',4,3),(705,'LA LUISA','Cordoba 210',1,2),(706,'LA MADRID','Mitre 89',4,12),(707,'LA MANUELA','Cabildo 555',2,2),(708,'LA MAROMA','Mitre 89',5,6),(709,'LA MARUJA','Montevideo 1377',5,9),(710,'LA MASCOTA','Sarmiento 34',2,2),(711,'LA MENDIETA','Sarmiento 34',4,16),(712,'LA MORA','Colon 512',5,7),(713,'LA NACIONAL','Montevideo 1377',3,4),(714,'LA NORIA','Montevideo 1377',2,2),(715,'LA OLLA','Rivadavia 678',4,4),(716,'LA ORIENTAL','Colon 512',3,2),(717,'LA PAZ','Independencia 45',3,7),(718,'LA PORTEÑA','Cordoba 210',5,2),(719,'LA QUIACA','Cordoba 210',4,16),(720,'LA RINCONADA','Colon 512',3,8),(721,'LA RIOJA','Colon 512',4,13),(722,'LA RUBIA','Mitre 89',1,3),(723,'LA SABANA','Independencia 45',4,20),(724,'LA SEÑA','Montevideo 1377',3,6),(725,'LA SORTIJA','Mitre 89',2,2),(726,'LA TOMA','Belgrano 45',3,6),(727,'LA TRINIDAD','Montevideo 1377',6,2),(728,'LA VIOLETA','Uruguay 1345',4,2),(729,'LA VITICOLA','Cordoba 210',2,2),(730,'LA ZANJA','Cordoba 210',5,2),(731,'LABARDEN','Montevideo 1377',2,2),(732,'LABORDE','Montevideo 1377',1,4),(733,'LABORDEBOY','Belgrano 45',1,3),(734,'LABOUGLE','Sarmiento 34',6,18),(735,'LABOULAYE','Cabildo 555',3,4),(736,'LAGO EPECUEN','Montevideo 1377',5,2),(737,'LAGUNA ALSINA','Independencia 45',2,2),(738,'LAGUNA BLANCA','San Martin 123',4,20),(739,'LAGUNA LARGA','Cabildo 555',1,4),(740,'LAGUNA PAIVA','Colon 512',4,3),(741,'LAGUNA YEMA','Mitre 89',4,21),(742,'LAPACHITO','Rivadavia 678',4,20),(743,'LAPLACETTE','Rivadavia 678',3,2),(744,'LAPRIDA','Mitre 89',2,2),(745,'LARGUIA','Rivadavia 678',4,3),(746,'LARRECHEA','Belgrano 45',1,3),(747,'LARROQUE','Independencia 45',6,17),(748,'LARTIGAU','Montevideo 1377',2,2),(749,'LAS ACEQUIAS','Sarmiento 34',1,4),(750,'LAS ARMAS','Rivadavia 678',2,2),(751,'LAS AVISPAS','Independencia 45',4,3),(752,'LAS BANDURRIAS','Colon 512',4,3),(753,'LAS BREÑAS','Cabildo 555',4,20),(754,'LAS CATITAS','Belgrano 45',3,7),(755,'LAS CEJAS','Uruguay 1345',4,12),(756,'LAS DELICIAS','Mitre 89',6,17),(757,'LAS FLORES','San Martin 123',2,2),(758,'LAS HERMANAS','Sarmiento 34',2,2),(759,'LAS HIGUERAS','Sarmiento 34',1,4),(760,'LAS ISLETAS','Belgrano 45',3,6),(761,'LAS LAJITAS','Cordoba 210',4,15),(762,'LAS LOMITAS','Uruguay 1345',4,21),(763,'LAS MARTINETAS','Rivadavia 678',2,2),(764,'LAS MOSCAS','Cabildo 555',6,17),(765,'LAS MOSTAZAS','Colon 512',2,2),(766,'LAS NUTRIAS','Colon 512',2,2),(767,'LAS PALMAS','Mitre 89',1,2),(768,'LAS PALMERAS','San Martin 123',1,3),(769,'LAS TOSCAS','Uruguay 1345',5,2),(770,'LAS VAQUERIAS','Cordoba 210',2,2),(771,'LASTRA','San Martin 123',2,2),(772,'LAVAISSE','San Martin 123',3,6),(773,'LAVALLE','Belgrano 45',4,5),(774,'LAZO','Montevideo 1377',6,17),(775,'LEGUIZAMON','Uruguay 1345',3,4),(776,'LEHMANN','San Martin 123',4,3),(777,'LEIVA','Rivadavia 678',4,3),(778,'LEON','Independencia 45',4,16),(779,'LEONES','Uruguay 1345',1,4),(780,'LERTORA','Cabildo 555',5,2),(781,'LEUBUCO','Uruguay 1345',5,2),(782,'LEZAMA','Sarmiento 34',2,2),(783,'LIBANO','Belgrano 45',2,2),(784,'LIBAROS','Uruguay 1345',6,17),(785,'LIBERTADOR GENERAL SAN MARTIN','Independencia 45',4,16),(786,'LIBORIO LUNA','Independencia 45',3,6),(787,'LICENCIADO MATIENZO','Colon 512',2,2),(788,'LIMA','Sarmiento 34',1,2),(789,'LINCOLN','Independencia 45',5,2),(790,'LLAJTA MAUCA','Sarmiento 34',4,5),(791,'LLAMBI CAMPBELL','Independencia 45',4,3),(792,'LOBERIA','Montevideo 1377',2,2),(793,'LOBOS','Sarmiento 34',2,2),(794,'LOGROÑO','Rivadavia 678',4,3),(795,'LONQUIMAY','Cabildo 555',5,9),(796,'LOPEZ','Belgrano 45',1,3),(797,'LOPEZ','Uruguay 1345',2,2),(798,'LOS ALFALFARES','Uruguay 1345',3,4),(799,'LOS AMORES','Cabildo 555',4,3),(800,'LOS BLANCOS','Independencia 45',4,15),(801,'LOS CHAÑARITOS','Belgrano 45',4,4),(802,'LOS CHIRIGUANOS','Cordoba 210',4,21),(803,'LOS CISNES','Cordoba 210',1,4),(804,'LOS FRENTONES','Cabildo 555',4,20),(805,'LOS MATACOS','Cordoba 210',4,21),(806,'LOS MENUCOS','Independencia 45',2,10),(807,'LOS MENUCOS','San Martin 123',2,10),(808,'LOS PINOS','Mitre 89',2,2),(809,'LOS PIRPINTOS','Belgrano 45',4,5),(810,'LOS POZOS','San Martin 123',4,4),(811,'LOS QUIRQUINCHOS','Belgrano 45',1,3),(812,'LOS RALOS','Montevideo 1377',4,12),(813,'LOS TABANOS','Montevideo 1377',4,3),(814,'LOS TIGRES','Cordoba 210',4,5),(815,'LOS TOLDOS','Uruguay 1345',5,2),(816,'LOUGE','Independencia 45',2,2),(817,'LOVENTUEL','Montevideo 1377',5,9),(818,'LUAN TORO','Uruguay 1345',5,9),(819,'LUCAS GONZALEZ','Sarmiento 34',6,17),(820,'LUCIO V. MANSILLA','Sarmiento 34',4,4),(821,'LUCIO VICENTE LOPEZ','Independencia 45',4,3),(822,'LUGONES','Colon 512',1,5),(823,'LUIS BURELA','Uruguay 1345',4,15),(824,'LUIS PALACIOS','Cabildo 555',4,3),(825,'LUJAN','Independencia 45',5,2),(826,'LUMBRERAS','Sarmiento 34',4,15),(827,'MACACHIN','Mitre 89',5,9),(828,'MACAPILLO','Cabildo 555',4,15),(829,'MACHAGAI','Sarmiento 34',4,20),(830,'MACIEL','Cordoba 210',4,3),(831,'MAGGIOLO','Colon 512',1,3),(832,'MAIMARA','Cordoba 210',4,16),(833,'MAIPU','Belgrano 45',2,2),(834,'MAKALLE','Belgrano 45',4,20),(835,'MALBRAN','Independencia 45',1,5),(836,'MALVINAS ARGENTINAS','Montevideo 1377',4,4),(837,'MANCHA BLANCA','Sarmiento 34',2,10),(838,'MANFREDI','Montevideo 1377',1,4),(839,'MANUEL DERQUI','Independencia 45',6,18),(840,'MANUEL ELORDI','Sarmiento 34',4,15),(841,'MANUEL GARCIA FERNANDEZ','Independencia 45',4,12),(842,'MANUEL J. GARCIA','Belgrano 45',5,2),(843,'MANUEL OCAMPO','Independencia 45',1,2),(844,'MAPIS','Montevideo 1377',2,2),(845,'MAQUINCHAO','San Martin 123',2,10),(846,'MAQUINCHAO','Belgrano 45',2,10),(847,'MAQUINISTA LEVET','Sarmiento 34',3,7),(848,'MAQUINISTA VERON','Mitre 89',4,16),(849,'MAR DEL PLATA','Montevideo 1377',2,2),(850,'MAR DEL PLATA CARGAS','Cabildo 555',2,2),(851,'MARAYES','San Martin 123',4,8),(852,'MARCELINO ESCALADA','Mitre 89',4,3),(853,'MARCOS JUAREZ','Colon 512',1,4),(854,'MARGARITA','Cabildo 555',4,3),(855,'MARI LAUQUEN','Mitre 89',5,2),(856,'MARIA EUGENIA','Cordoba 210',4,3),(857,'MARIA IGNACIA VELA','Colon 512',2,2),(858,'MARIANO BOEDO','Montevideo 1377',4,21),(859,'MARIANO H. ALFONZO','Montevideo 1377',1,2),(860,'MARIANO I. LOZA','Belgrano 45',6,18),(861,'MARIANO ROLDAN','Belgrano 45',2,2),(862,'MARIANO SAAVEDRA','Cordoba 210',1,3),(863,'MARIANO UNZUE','Rivadavia 678',2,2),(864,'MARTIN BERRAONDO','Sarmiento 34',2,2),(865,'MARTIN COLMAN','Cabildo 555',2,2),(866,'MARTINEZ DEL TINEO','Independencia 45',4,15),(867,'MASCASIN','Independencia 45',4,13),(868,'MASSEY','San Martin 123',5,2),(869,'MATARA','Colon 512',4,5),(870,'MATILDE','Rivadavia 678',1,3),(871,'MAURICIO MAYER','Sarmiento 34',5,9),(872,'MAXIMO FERNANDEZ','Sarmiento 34',5,2),(873,'MAYOR BURATOVICH','Rivadavia 678',2,2),(874,'MAYOR BURATOVICH','Cordoba 210',2,2),(875,'MECHITA','Uruguay 1345',5,2),(876,'MEDANOS','Sarmiento 34',2,2),(877,'MEDANOS','Colon 512',2,2),(878,'MEDANOS','Mitre 89',6,17),(879,'MELERO','Mitre 89',4,5),(880,'MELINCUE','Rivadavia 678',1,3),(881,'MEMBRILLAR','Mitre 89',3,2),(882,'MENDOZA','Cabildo 555',3,7),(883,'MERCEDES','San Martin 123',5,2),(884,'MERCEDES','Colon 512',3,2),(885,'MERCEDES','Rivadavia 678',6,18),(886,'METAN','Rivadavia 678',4,15),(887,'METILEO','Belgrano 45',5,9),(888,'MICAELA CASCALLARES','Colon 512',2,2),(889,'MIGUEL CANE','Uruguay 1345',5,9),(890,'MIGUEL ESCALADA','Cabildo 555',4,3),(891,'MIGUEL RIGLOS','Rivadavia 678',5,9),(892,'MILAGRO','Sarmiento 34',4,13),(893,'MINISTRO RAMOS MEXIA','Cabildo 555',2,10),(894,'MIRAFLORES','Belgrano 45',4,14),(895,'MIRAMAR','Belgrano 45',2,2),(896,'MIRAMONTE','Sarmiento 34',2,2),(897,'MIRANDA','Independencia 45',2,2),(898,'MOCORETA','Cordoba 210',6,18),(899,'MOJOTORO','San Martin 123',4,15),(900,'MONASTERIO','Mitre 89',2,2),(901,'MONIGOTES','Belgrano 45',1,3),(902,'MONJE','Mitre 89',4,3),(903,'MONSALVO','Mitre 89',2,2),(904,'MONTE CASEROS','Colon 512',6,18),(905,'MONTE COMAN','San Martin 123',5,7),(906,'MONTE CRISTO','Uruguay 1345',4,4),(907,'MONTE FLORES','Cordoba 210',4,3),(908,'MONTE LEÑA','Cabildo 555',1,4),(909,'MONTE MAIZ','Colon 512',1,4),(910,'MONTE NIEVAS','Rivadavia 678',5,9),(911,'MONTE QUEMADO','Mitre 89',4,5),(912,'MONTE VERA','Cordoba 210',4,3),(913,'MONTEAGUDO','Sarmiento 34',4,12),(914,'MONTES DE OCA','Uruguay 1345',2,2),(915,'MOORES','Cabildo 555',5,2),(916,'MORRISON','San Martin 123',1,4),(917,'MORSE','San Martin 123',3,2),(918,'MOSMOTA','Mitre 89',3,6),(919,'MUÑOZ','San Martin 123',2,2),(920,'NAHUEL MAPA','Belgrano 45',3,6),(921,'NAHUEL NIYEU','Uruguay 1345',2,10),(922,'NAPALEOFU','Mitre 89',2,2),(923,'NAPENAY','Mitre 89',4,20),(924,'NAPOSTA','Rivadavia 678',2,2),(925,'NARE','Independencia 45',4,3),(926,'NASALO','Rivadavia 678',4,5),(927,'NASCHEL','Rivadavia 678',3,6),(928,'NAVIA','Cordoba 210',3,6),(929,'NELSON','Cordoba 210',4,3),(930,'NEUQUEN','Cordoba 210',2,11),(931,'NEUQUEN','Mitre 89',2,11),(932,'NEWTON','Colon 512',2,2),(933,'NICOLAS DESCALZI','Colon 512',2,2),(934,'NICOLAS HERRERA','San Martin 123',6,17),(935,'NICOLAS LEVALLE','Colon 512',2,2),(936,'NIEVES','Cabildo 555',2,2),(937,'NIRIHUAU','Rivadavia 678',2,10),(938,'NOGOYA','Uruguay 1345',6,17),(939,'NORBERTO DE LA RIESTRA','Mitre 89',2,2),(940,'NUESTRA SEÑORA DE TALAVERA','Montevideo 1377',4,15),(941,'NUEVA ESCOCIA','Rivadavia 678',3,6),(942,'NUEVA GALIA','San Martin 123',5,6),(943,'NUEVA LEHMANN','Uruguay 1345',1,3),(944,'NUEVO LEON','Belgrano 45',2,10),(945,'ÑANDUCITA','Sarmiento 34',4,3),(946,'OGILVIE','Independencia 45',4,3),(947,'O\'HIGGINS','Sarmiento 34',3,2),(948,'OJEDA','Colon 512',5,9),(949,'OLAETA','Rivadavia 678',1,4),(950,'OLASCOAGA','Cabildo 555',5,2),(951,'OLAVARRIA','Cabildo 555',2,2),(952,'OLEGARIO VICTOR ANDRADE','Mitre 89',6,17),(953,'OLIVA','Colon 512',1,4),(954,'OLIVEROS','Rivadavia 678',4,3),(955,'OLMOS','Belgrano 45',1,4),(956,'OMBU','Rivadavia 678',2,2),(957,'OMBUCTA','San Martin 123',2,2),(958,'ONAGOITY','Belgrano 45',3,4),(959,'ONCATIVO','Uruguay 1345',1,4),(960,'ONCE','Cabildo 555',5,1),(961,'ORO VERDE','Uruguay 1345',6,17),(962,'OSVALDO MAGNASCO','Montevideo 1377',6,17),(963,'OTOÑO','San Martin 123',2,2),(964,'OVEJERIA','Colon 512',3,7),(965,'PADRE LOZANO','Sarmiento 34',4,15),(966,'PADRE P. ITURRALDE - KM 421','Montevideo 1377',4,3),(967,'PALACIOS','Independencia 45',1,3),(968,'PALEMON HUERGO','San Martin 123',5,2),(969,'PALMIRA','Colon 512',3,7),(970,'PALO NEGRO','Montevideo 1377',1,5),(971,'PALO SANTO','Mitre 89',4,21),(972,'PALOMITAS','Colon 512',4,15),(973,'PALPALA','Colon 512',4,16),(974,'PAMPA BLANCA','Cordoba 210',4,16),(975,'PAMPA DE LOS GUANACOS','San Martin 123',4,5),(976,'PAMPA DEL CIELO','Montevideo 1377',4,20),(977,'PAMPA DEL INFIERNO','Montevideo 1377',4,20),(978,'PAMPA DEL TIGRE','Mitre 89',3,7),(979,'PAMPA FLORIDA','Colon 512',4,20),(980,'PAMPA MAYO','San Martin 123',4,5),(981,'PARADA ACUÑA','Cabildo 555',6,18),(982,'PARADA KM. 181','Montevideo 1377',6,18),(983,'PARADA PUCHETA','Rivadavia 678',6,18),(984,'PARAGÜIL','Colon 512',2,2),(985,'PARAJE FALKNER','Montevideo 1377',2,10),(986,'PARAJE KM 282','Belgrano 45',4,3),(987,'PARAJE KM 302','Cordoba 210',4,3),(988,'PARAJE KM 320','Mitre 89',4,3),(989,'PARAJE KM. 501','Belgrano 45',4,3),(990,'PARANA','Montevideo 1377',6,17),(991,'PARDO','Mitre 89',2,2),(992,'PARISH','Uruguay 1345',2,2),(993,'PARRAVICINI','Independencia 45',2,2),(994,'PASCANAS','Cabildo 555',1,4),(995,'PASMAN','Cordoba 210',2,2),(996,'PASO DE LOS LIBRES','Cordoba 210',6,18),(997,'PASO MAYOR','Independencia 45',2,2),(998,'PASO VIEJO','Montevideo 1377',4,4),(999,'PASTEUR','Uruguay 1345',5,2),(1000,'PASTOR BRITOS','Rivadavia 678',6,17),(1001,'PATQUIA','Mitre 89',4,13),(1002,'PAULA','Colon 512',2,2),(1003,'PAVON ARRIBA','Mitre 89',1,3),(1004,'PAZOS KANKI','Cordoba 210',5,2),(1005,'PEDERNAL','Montevideo 1377',6,17),(1006,'PEDERNALES','Cordoba 210',2,2),(1007,'PEDRO E. VIVAS','Cordoba 210',4,4),(1008,'PEDRO GOMEZ CELLO','Montevideo 1377',4,3),(1009,'PEDRO LASALLE','Cordoba 210',2,2),(1010,'PEDRO LURO','Cordoba 210',2,2),(1011,'PEDRO LURO','Mitre 89',2,2),(1012,'PEDRO R. FERNANDEZ','Sarmiento 34',6,18),(1013,'PEDRO VARGAS','Colon 512',5,7),(1014,'PEHUAJO','Montevideo 1377',5,2),(1015,'PELLEGRINI','Colon 512',5,2),(1016,'PERALTA','Independencia 45',2,2),(1017,'PEREZ MILLAN','Colon 512',4,2),(1018,'PERGAMINO','Cabildo 555',1,2),(1019,'PERICO','Sarmiento 34',4,16),(1020,'PERITO MORENO','Belgrano 45',2,10),(1021,'PERKINS','Belgrano 45',3,2),(1022,'PETRONILA','Belgrano 45',4,3),(1023,'PEYRANO','Rivadavia 678',1,3),(1024,'PICHANAL','Mitre 89',4,15),(1025,'PICHI HUINCA','Uruguay 1345',5,9),(1026,'PICHI MAHUIDA','Rivadavia 678',2,10),(1027,'PICHINCHA','Cabildo 555',3,2),(1028,'PIE DE PALO','Cordoba 210',4,8),(1029,'PIEDRITAS','Rivadavia 678',3,2),(1030,'PIERES','Cabildo 555',2,2),(1031,'PIGÜE','Uruguay 1345',2,2),(1032,'PILAR','Independencia 45',1,4),(1033,'PILAR','Sarmiento 34',3,2),(1034,'PILAR','Montevideo 1377',4,3),(1035,'PILAR','San Martin 123',6,2),(1036,'PILCANIYEU','Cordoba 210',2,10),(1037,'PILCANIYEU','Mitre 89',2,10),(1038,'PILLAHUINCO','Mitre 89',2,2),(1039,'PINCEN','Cordoba 210',3,4),(1040,'PINDAPOY','Independencia 45',6,19),(1041,'PINO DE SAN LORENZO','San Martin 123',4,3),(1042,'PINTO','San Martin 123',1,5),(1043,'PIQUETE CABADO','Rivadavia 678',4,15),(1044,'PIQUILLIN','Sarmiento 34',4,4),(1045,'PIQUIRENDA','Mitre 89',4,15),(1046,'PIRANE','Sarmiento 34',4,21),(1047,'PIRGUITA','Uruguay 1345',3,7),(1048,'PIROVANO','Colon 512',2,2),(1049,'PLAZA HUINCUL','Sarmiento 34',2,11),(1050,'PLAZA HUINCUL','Colon 512',2,11),(1051,'PLAZA MONTERO','Montevideo 1377',2,2),(1052,'PLOTTIER','Belgrano 45',2,11),(1053,'PLUMA DE PATO','Montevideo 1377',4,15),(1054,'POCITO','Uruguay 1345',3,8),(1055,'PONTAUT','Rivadavia 678',2,2),(1056,'POSADAS','Cabildo 555',6,19),(1057,'POURTALE','Independencia 45',2,2),(1058,'POZO BORRADO','Sarmiento 34',4,3),(1059,'POZO DEL INDIO','Independencia 45',4,20),(1060,'POZO DEL MORTERO','Sarmiento 34',4,21),(1061,'POZO DEL TIGRE','Cabildo 555',4,21),(1062,'POZO DULCE','Montevideo 1377',4,5),(1063,'POZO HONDO','Sarmiento 34',4,5),(1064,'PRADERE','San Martin 123',5,2),(1065,'PRESIDENCIA DE LA PLAZA','Mitre 89',4,20),(1066,'PRESIDENCIA ROQUE SAENZ PEÑA','Sarmiento 34',4,20),(1067,'PRIMERA JUNTA','Belgrano 45',5,2),(1068,'PUAN','Sarmiento 34',2,2),(1069,'PUERTO TIROL','Independencia 45',4,20),(1070,'PUESTO DEL MARQUES','San Martin 123',4,16),(1071,'PUMAHUASI','Rivadavia 678',4,16),(1072,'PUNA','Independencia 45',4,5),(1073,'PUNI TAJO','Cordoba 210',4,5),(1074,'PUNTA ALTA','Rivadavia 678',2,2),(1075,'PUNTA DE LOS LLANOS','Cordoba 210',4,13),(1076,'PURMAMARCA','Rivadavia 678',4,16),(1077,'PYÑEIRO','Mitre 89',2,2),(1078,'QUEMU QUEMU','Rivadavia 678',5,9),(1079,'QUENUMA','Cabildo 555',5,2),(1080,'QUEQUEN','Independencia 45',2,2),(1081,'QUETREQUEN','Montevideo 1377',5,9),(1082,'QUILCO','Cabildo 555',2,2),(1083,'QUILINO','Cordoba 210',4,4),(1084,'QUIMILI','Cabildo 555',4,5),(1085,'QUIRNO COSTA','Colon 512',5,2),(1086,'QUIROGA','Sarmiento 34',5,2),(1087,'QUIROS','Cabildo 555',4,14),(1088,'QUITILIPI','Colon 512',4,20),(1089,'RAFAELA','Colon 512',1,3),(1090,'RAFAELA','Independencia 45',4,3),(1091,'RAMA CAIDA','Sarmiento 34',5,7),(1092,'RAMAYON','Cordoba 210',4,3),(1093,'RAMBLON','Belgrano 45',3,8),(1094,'RAMON J. CARCANO','Rivadavia 678',1,4),(1095,'RAMON J. NEILD','Mitre 89',5,2),(1096,'RAMON M. CASTRO','Cordoba 210',2,11),(1097,'RAMOS OTERO','Belgrano 45',2,2),(1098,'RANCHILLOS','Cabildo 555',1,12),(1099,'RANCHOS','Belgrano 45',2,2),(1100,'RANCUL','Cabildo 555',5,9),(1101,'RANQUELES','Mitre 89',3,4),(1102,'RAUCH','Belgrano 45',2,2),(1103,'RAWSON','San Martin 123',3,2),(1104,'REAL DEL CADILLO','Cabildo 555',4,13),(1105,'REAL DEL PADRE','Independencia 45',5,7),(1106,'REAL SAYANA','Rivadavia 678',1,5),(1107,'REALICO','Colon 512',5,9),(1108,'RECALDE','Uruguay 1345',2,2),(1109,'RECREO','Rivadavia 678',4,3),(1110,'RECREO','Uruguay 1345',4,14),(1111,'RELMO','Montevideo 1377',5,9),(1112,'RESERVA','Montevideo 1377',2,2),(1113,'RESISTENCIA','Rivadavia 678',4,20),(1114,'RETAMITO','Rivadavia 678',3,8),(1115,'RETIRO BELGRANO','Sarmiento 34',4,1),(1116,'RETIRO MITRE','San Martin 123',1,1),(1117,'RETIRO SAN MARTIN','Mitre 89',3,1),(1118,'REYES','Montevideo 1377',4,16),(1119,'RIACHUELO','Belgrano 45',6,18),(1120,'RICARDO GAVIÑA','Independencia 45',2,2),(1121,'RIO COLORADO','Uruguay 1345',2,10),(1122,'RIO COLORADO','Montevideo 1377',2,10),(1123,'RIO COLORADO','Montevideo 1377',4,12),(1124,'RIO CUARTO','Montevideo 1377',1,4),(1125,'RIO DEL VALLE','Mitre 89',4,15),(1126,'RIO MUERTO','Independencia 45',4,20),(1127,'RIO PIEDRAS','Mitre 89',4,15),(1128,'RIO PRIMERO','Mitre 89',4,4),(1129,'RIO QUINTO','Independencia 45',3,6),(1130,'RIO SEGUNDO','San Martin 123',1,4),(1131,'RIO TALA','Cabildo 555',1,2),(1132,'RIO TAPENAGA','San Martin 123',4,20),(1133,'RIOBAMBA','San Martin 123',3,4),(1134,'RIVAS','Cabildo 555',3,2),(1135,'RIVERA','Belgrano 45',5,2),(1136,'ROBERTS','Belgrano 45',5,2),(1137,'ROCHA','Belgrano 45',2,2),(1138,'RODOLFO ISELIN','Belgrano 45',5,7),(1139,'ROJAS','Sarmiento 34',6,2),(1140,'ROLDAN','Cabildo 555',1,3),(1141,'ROLON','Rivadavia 678',5,9),(1142,'ROMAN BAEZ','Cabildo 555',5,2),(1143,'ROQUE PEREZ','Montevideo 1377',2,2),(1144,'ROSALES','Montevideo 1377',3,4),(1145,'ROSARIO DE LA FRONTERA','Independencia 45',4,15),(1146,'ROSARIO DEL TALA','Rivadavia 678',6,17),(1147,'ROSARIO NORTE','Montevideo 1377',1,3),(1148,'ROSAS','Uruguay 1345',2,2),(1149,'ROVERSI','Uruguay 1345',4,5),(1150,'RUCANELO','Colon 512',5,9),(1151,'RUFINO','Colon 512',3,3),(1152,'SAAVEDRA','Montevideo 1377',2,2),(1153,'SAFORCADA','Montevideo 1377',3,2),(1154,'SALADAS','Uruguay 1345',6,18),(1155,'SALADILLO','San Martin 123',2,2),(1156,'SALDUNGARAY','Belgrano 45',2,2),(1157,'SALLIQUELO','Colon 512',5,2),(1158,'SALTA','Belgrano 45',4,15),(1159,'SALTO','Belgrano 45',6,2),(1160,'SALTO ANDERSEN','Belgrano 45',2,10),(1161,'SALTO DE LAS ROSAS','Cordoba 210',5,7),(1162,'SALTO GRANDE','San Martin 123',4,3),(1163,'SALVADOR MARIA','Uruguay 1345',2,2),(1164,'SALVADOR MAZZA','Uruguay 1345',4,15),(1165,'SAN AGUSTIN','Cordoba 210',1,3),(1166,'SAN AGUSTIN','Sarmiento 34',2,2),(1167,'SAN AMBROSIO','Colon 512',1,4),(1168,'SAN ANDRES DE GILES','Uruguay 1345',6,2),(1169,'SAN ANTONIO','Montevideo 1377',4,14),(1170,'SAN ANTONIO DE ARECO','San Martin 123',1,2),(1171,'SAN ANTONIO OESTE','Uruguay 1345',2,10),(1172,'SAN ANTONIO OESTE','Montevideo 1377',2,10),(1173,'SAN BERNARDO','Sarmiento 34',2,2),(1174,'SAN BERNARDO','Colon 512',5,2),(1175,'SAN CARLOS DE BARILOCHE','Mitre 89',2,10),(1176,'SAN CARLOS DE BARILOCHE','Sarmiento 34',2,10),(1177,'SAN CRISTOBAL','Colon 512',4,3),(1178,'SAN CRISTOBAL','Colon 512',4,3),(1179,'SAN EMILIO','Colon 512',5,2),(1180,'SAN EUGENIO','San Martin 123',1,3),(1181,'SAN FABIAN','Colon 512',4,3),(1182,'SAN FERNANDO DEL VALLE DE CATAMARCA','Rivadavia 678',4,14),(1183,'SAN FRANCISCO F.C.G.B.','Cordoba 210',4,4),(1184,'SAN GENARO','Mitre 89',4,3),(1185,'SAN HILARIO','Uruguay 1345',4,21),(1186,'SAN IGNACIO','San Martin 123',2,2),(1187,'SAN JACINTO','Uruguay 1345',3,2),(1188,'SAN JERONIMO SUD','Independencia 45',1,3),(1189,'SAN JOSE','Mitre 89',6,17),(1190,'SAN JOSE DE LAS SALINAS','Mitre 89',4,4),(1191,'SAN JUAN','Cabildo 555',3,8),(1192,'SAN JUAN','Uruguay 1345',4,8),(1193,'SAN JUANCITO','Mitre 89',4,16),(1194,'SAN JUSTO','Sarmiento 34',4,3),(1195,'SAN LORENZO','Cordoba 210',1,3),(1196,'SAN LORENZO','Montevideo 1377',6,18),(1197,'SAN LUIS','Mitre 89',3,6),(1198,'SAN MANUEL','Sarmiento 34',2,2),(1199,'SAN MARCOS','Montevideo 1377',1,4),(1200,'SAN MARTIN','Sarmiento 34',3,7),(1201,'SAN MAURICIO','Montevideo 1377',5,2),(1202,'SAN MIGUEL DE TUCUMAN','Independencia 45',1,12),(1203,'SAN MIGUEL DE TUCUMAN F.C.G.B.','San Martin 123',4,12),(1204,'SAN MIGUEL DEL MONTE','Independencia 45',2,2),(1205,'SAN NICOLAS DE LOS ARROYOS','Mitre 89',1,2),(1206,'SAN PATRICIO','Belgrano 45',3,2),(1207,'SAN PEDRO','Independencia 45',1,2),(1208,'SAN PEDRO','Rivadavia 678',4,5),(1209,'SAN PEDRO DE JUJUY','Colon 512',4,16),(1210,'SAN RAFAEL','Montevideo 1377',5,7),(1211,'SAN ROMAN','Independencia 45',2,2),(1212,'SAN ROQUE','Colon 512',6,18),(1213,'SAN SALVADOR','Cordoba 210',6,17),(1214,'SAN SALVADOR DE JUJUY','Uruguay 1345',4,16),(1215,'SAN SEVERO','San Martin 123',1,4),(1216,'SANCHEZ','Cordoba 210',1,2),(1217,'SANCHEZ DE LORIA','Montevideo 1377',3,8),(1218,'SANSINENA','Rivadavia 678',5,2),(1219,'SANTA ANA','Belgrano 45',6,17),(1220,'SANTA CLARA DE BUENA VISTA','Rivadavia 678',1,3),(1221,'SANTA COLOMA','San Martin 123',4,2),(1222,'SANTA COLOMA','Rivadavia 678',6,2),(1223,'SANTA CRUZ','Uruguay 1345',4,13),(1224,'SANTA ELENA','Rivadavia 678',2,2),(1225,'SANTA ELEODORA','San Martin 123',3,2),(1226,'SANTA FE','Sarmiento 34',1,3),(1227,'SANTA FE','Belgrano 45',4,3),(1228,'SANTA INES','Mitre 89',5,2),(1229,'SANTA LUCIA','Mitre 89',4,2),(1230,'SANTA LUISA','San Martin 123',2,2),(1231,'SANTA MARGARITA','Cabildo 555',4,3),(1232,'SANTA REGINA','Cabildo 555',3,2),(1233,'SANTA ROSA','Rivadavia 678',5,9),(1234,'SANTA ROSA','Rivadavia 678',3,7),(1235,'SANTA ROSA DE CONLARA','Sarmiento 34',3,6),(1236,'SANTA TERESA','Cordoba 210',1,3),(1237,'SANTIAGO TEMPLE','Rivadavia 678',4,4),(1238,'SANTO DOMINGO','Rivadavia 678',2,2),(1239,'SANTO TOMAS','Sarmiento 34',5,2),(1240,'SANTO TOME','Sarmiento 34',6,18),(1241,'SANTO TOME F.C.G.B.','San Martin 123',4,3),(1242,'SANTO TOME F.C.G.M.','Mitre 89',1,3),(1243,'SANTURCE','Uruguay 1345',4,3),(1244,'SARAH','Cordoba 210',5,9),(1245,'SARASA','Cabildo 555',6,2),(1246,'SARMIENTO','Montevideo 1377',4,4),(1247,'SASTRE','Independencia 45',4,3),(1248,'SAUCE VIEJO','Independencia 45',4,3),(1249,'SAUCELITO','Mitre 89',4,15),(1250,'SCHNEIDEWIND','Cordoba 210',4,15),(1251,'SEGUROLA','Cordoba 210',2,2),(1252,'SELVA','Uruguay 1345',1,5),(1253,'SENDA HACHADA','Montevideo 1377',4,15),(1254,'SENILLOSA','Mitre 89',2,11),(1255,'SENILLOSA','Sarmiento 34',2,11),(1256,'SERODINO','Colon 512',1,3),(1257,'SERREZUELA','Independencia 45',4,4),(1258,'SEVIGNE','Montevideo 1377',2,2),(1259,'SHAW','Montevideo 1377',2,2),(1260,'SIERRA COLORADA','Cabildo 555',2,10),(1261,'SIERRA COLORADA','Independencia 45',2,10),(1262,'SIERRA DE LA VENTANA','San Martin 123',2,2),(1263,'SIERRA PEREYRA','Mitre 89',1,3),(1264,'SILVA','Sarmiento 34',4,3),(1265,'SIMOCA','Uruguay 1345',4,12),(1266,'SOLDINI','Uruguay 1345',1,3),(1267,'SOLIS','Cabildo 555',1,2),(1268,'STEGMANN','Cabildo 555',2,2),(1269,'STEPHENSON','Independencia 45',4,3),(1270,'STROEDER','Colon 512',2,2),(1271,'SUIPACHA','Rivadavia 678',5,2),(1272,'SUNCHALES','Montevideo 1377',1,3),(1273,'SUNCHO CORRAL','Montevideo 1377',4,5),(1274,'SUNDBLAD','Independencia 45',5,2),(1275,'TABAQUILLO','Colon 512',4,4),(1276,'TABOADA','Montevideo 1377',1,5),(1277,'TACANAS','Uruguay 1345',1,12),(1278,'TACAÑITAS','Belgrano 45',4,5),(1279,'TACO POZO','Colon 512',4,20),(1280,'TACO RALO','Cordoba 210',4,12),(1281,'TACURAL','Cabildo 555',1,3),(1282,'TAFI VIEJO','Belgrano 45',4,12),(1283,'TALAMUYUNA','Sarmiento 34',4,13),(1284,'TAMANGUEYU','Montevideo 1377',2,2),(1285,'TANDIL','Mitre 89',2,2),(1286,'TAPALQUE','Colon 512',2,2),(1287,'TAPEBICUA','Mitre 89',6,18),(1288,'TAPIA','Cordoba 210',4,12),(1289,'TAPSO','San Martin 123',4,5),(1290,'TARTAGAL','Belgrano 45',4,15),(1291,'TATAY','Independencia 45',6,2),(1292,'TELEN','Independencia 45',5,9),(1293,'TENIENTE BROWN','Montevideo 1377',4,21),(1294,'TENIENTE GRAL. FRAGA','Belgrano 45',4,21),(1295,'TENIENTE ORIGONE','Belgrano 45',2,2),(1296,'TEZANOS PINTO','Colon 512',6,17),(1297,'TILCARA','Mitre 89',4,16),(1298,'TILISARAO','Cordoba 210',3,6),(1299,'TILQUICHO','Colon 512',3,4),(1300,'TIMBUES','Belgrano 45',4,3),(1301,'TIMOTE','Rivadavia 678',5,2),(1302,'TIO PUJIO','Mitre 89',1,4),(1303,'TIUN PUNCO','Uruguay 1345',4,5),(1304,'TOAY','Cordoba 210',5,9),(1305,'TOBA','San Martin 123',4,3),(1306,'TOBANTIRENDA','Colon 512',4,15),(1307,'TOBAS','Belgrano 45',4,5),(1308,'TODD','Sarmiento 34',1,2),(1309,'TOLEDO','Belgrano 45',1,4),(1310,'TOLLOCHE','Uruguay 1345',4,15),(1311,'TOMAS M. DE ANCHORENA','Belgrano 45',5,9),(1312,'TORNQUIST','Independencia 45',2,2),(1313,'TORRENT','Uruguay 1345',6,18),(1314,'TORRES','Mitre 89',6,2),(1315,'TORTUGAS','Mitre 89',1,3),(1316,'TOSTADO','Cordoba 210',4,3),(1317,'TOTORALEJOS','Colon 512',4,4),(1318,'TOTORAS','Belgrano 45',4,3),(1319,'TRAIL','Cabildo 555',4,3),(1320,'TRANCAS','Uruguay 1345',4,12),(1321,'TRANSITO','San Martin 123',4,4),(1322,'TRAVESIA','Sarmiento 34',3,6),(1323,'TREBOLARES','Independencia 45',5,9),(1324,'TRENEL','Mitre 89',5,9),(1325,'TRENQUE LAUQUEN','Rivadavia 678',5,2),(1326,'TRES ALGARROBOS','Independencia 45',5,2),(1327,'TRES ARROYOS','Sarmiento 34',2,2),(1328,'TRES CRUCES','Cabildo 555',4,16),(1329,'TRES CUERVOS','Independencia 45',2,2),(1330,'TRES ISLETAS','Montevideo 1377',4,20),(1331,'TRES LAGUNAS','San Martin 123',5,2),(1332,'TRES LOMAS','Mitre 89',5,2),(1333,'TRES PICOS','San Martin 123',2,2),(1334,'TRILI','Belgrano 45',5,9),(1335,'TRIUNVIRATO','Mitre 89',3,2),(1336,'TUCLAME','Cabildo 555',4,4),(1337,'TUMBAYA','Belgrano 45',4,16),(1338,'UBAJAY','Uruguay 1345',6,17),(1339,'UCACHA','San Martin 123',1,4),(1340,'UNION','Cordoba 210',5,6),(1341,'UQUIA','Colon 512',4,16),(1342,'URDAMPILLETA','Sarmiento 34',2,2),(1343,'URDINARRAIN','Cordoba 210',6,17),(1344,'URIBELARREA','Montevideo 1377',2,2),(1345,'URIBURU','San Martin 123',5,9),(1346,'URUNDEL','Cordoba 210',4,15),(1347,'URUTAU','Sarmiento 34',4,5),(1348,'VAGUES','Independencia 45',1,2),(1349,'VALCHETA','Montevideo 1377',2,10),(1350,'VALCHETA','Cabildo 555',2,10),(1351,'VALDES','Montevideo 1377',2,2),(1352,'VALENTIN GOMEZ','San Martin 123',5,2),(1353,'VALLECITO','Rivadavia 678',4,8),(1354,'VALLIMANCA','Sarmiento 34',2,2),(1355,'VAZQUEZ','San Martin 123',2,2),(1356,'VEDIA','San Martin 123',3,2),(1357,'VENADO TUERTO','Sarmiento 34',1,3),(1358,'VENADOS GRANDES','Rivadavia 678',4,20),(1359,'VERA','Montevideo 1377',4,3),(1360,'VERA MUJICA','San Martin 123',4,3),(1361,'VERA Y PINTADO','Uruguay 1345',4,3),(1362,'VIBORAS','Montevideo 1377',2,2),(1363,'VICEALMIRANTE E. O\'CONNOR','San Martin 123',2,10),(1364,'VICENTE A. ECHEVERRIA','Montevideo 1377',4,3),(1365,'VICTORIA','Colon 512',1,2),(1366,'VICTORICA','Cabildo 555',5,9),(1367,'VICUÑA MACKENNA','Mitre 89',3,4),(1368,'VIDELA','Mitre 89',4,3),(1369,'VIEDMA','Colon 512',2,10),(1370,'VIEDMA','Uruguay 1345',2,10),(1371,'VILELA','Belgrano 45',2,2),(1372,'VILELAS','San Martin 123',4,5),(1373,'VILLA AMELIA','Rivadavia 678',4,3),(1374,'VILLA CLARA','Belgrano 45',6,17),(1375,'VILLA DE SOTO','Uruguay 1345',4,4),(1376,'VILLA DOLORES','Cabildo 555',3,4),(1377,'VILLA FONTANA','Sarmiento 34',6,17),(1378,'VILLA GENERAL ARIAS','Cordoba 210',2,2),(1379,'VILLA GUTIERREZ','Cabildo 555',4,4),(1380,'VILLA HUIDOBRO','Colon 512',3,4),(1381,'VILLA LIA','Independencia 45',4,2),(1382,'VILLA MANTERO','Independencia 45',6,17),(1383,'VILLA MARIA','Cordoba 210',1,4),(1384,'VILLA MAZA','San Martin 123',5,2),(1385,'VILLA MERCEDES','Cabildo 555',3,6),(1386,'VILLA MINETTI','Uruguay 1345',4,3),(1387,'VILLA RAMALLO','Rivadavia 678',1,2),(1388,'VILLA REGINA','Independencia 45',2,10),(1389,'VILLA REGINA','San Martin 123',2,10),(1390,'VILLA ROSA','Colon 512',4,2),(1391,'VILLA ROTH','Montevideo 1377',3,2),(1392,'VILLA RUIZ','Sarmiento 34',6,2),(1393,'VILLA SAN MARCIAL','Montevideo 1377',6,17),(1394,'VILLA SARALEGUI','Rivadavia 678',4,3),(1395,'VILLA SAUZE','Cordoba 210',5,2),(1396,'VILLAGUAY ESTE','San Martin 123',6,17),(1397,'VILLALONGA','Mitre 89',2,2),(1398,'VILLALONGA','Sarmiento 34',2,2),(1399,'VILLANUEVA','Rivadavia 678',2,2),(1400,'VILMER','Belgrano 45',1,5),(1401,'VIÑA','Colon 512',1,2),(1402,'VIPOS','Mitre 89',4,12),(1403,'VIRGINIA','Cordoba 210',4,3),(1404,'VIVORATA','Sarmiento 34',2,2),(1405,'VOLCAN','San Martin 123',4,16),(1406,'VOLTA','Uruguay 1345',5,2),(1407,'VOLUNTAD','Cordoba 210',2,2),(1408,'WARNES','Cordoba 210',5,2),(1409,'WASHINGTON','Sarmiento 34',3,4),(1410,'WENCESLAO ESCALANTE','Uruguay 1345',1,4),(1411,'WHEEL WRIGHT','San Martin 123',1,3),(1412,'WINIFREDA','Colon 512',5,9),(1413,'YACUY','Cordoba 210',4,15),(1414,'YALA','Cabildo 555',4,16),(1415,'YARIGUARENDA','Rivadavia 678',4,15),(1416,'YATASTO','Belgrano 45',4,15),(1417,'YERBAS','Sarmiento 34',2,2),(1418,'YERUA','Sarmiento 34',6,17),(1419,'YUCHAN','Cordoba 210',4,15),(1420,'YUQUERI','Colon 512',6,17),(1421,'YUTO','Rivadavia 678',4,16),(1422,'YUTUYACO','Montevideo 1377',5,2),(1423,'ZANJITAS','Independencia 45',3,6),(1424,'ZAPALA','Uruguay 1345',2,11),(1425,'ZAPALA','Montevideo 1377',2,11),(1426,'ZAPARINQUI','Independencia 45',4,20),(1427,'ZARATE','Cordoba 210',1,2),(1428,'ZARATE','Belgrano 45',6,2),(1429,'ZAVALIA','Sarmiento 34',5,2),(1430,'ZENON VIDELA DORNA','Independencia 45',2,2),(1431,'ZUBERBÜLHER','Cordoba 210',4,20);
/*!40000 ALTER TABLE `estaciones` ENABLE KEYS */;
UNLOCK TABLES;

--
-- Table structure for table `lineas`
--

DROP TABLE IF EXISTS `lineas`;
/*!40101 SET @saved_cs_client     = @@character_set_client */;
/*!50503 SET character_set_client = utf8mb4 */;
CREATE TABLE `lineas` (
  `ID_Linea` int NOT NULL AUTO_INCREMENT,
  `Nombre_linea` varchar(50) NOT NULL,
  PRIMARY KEY (`ID_Linea`)
) ENGINE=InnoDB AUTO_INCREMENT=7 DEFAULT CHARSET=utf8mb4 COLLATE=utf8mb4_0900_ai_ci;
/*!40101 SET character_set_client = @saved_cs_client */;

--
-- Dumping data for table `lineas`
--

LOCK TABLES `lineas` WRITE;
/*!40000 ALTER TABLE `lineas` DISABLE KEYS */;
INSERT INTO `lineas` VALUES (1,'Mitre'),(2,'Roca'),(3,'San Martin'),(4,'Belgrano'),(5,'Sarmiento'),(6,'Urquiza');
/*!40000 ALTER TABLE `lineas` ENABLE KEYS */;
UNLOCK TABLES;

--
-- Table structure for table `pasajeros`
--

DROP TABLE IF EXISTS `pasajeros`;
/*!40101 SET @saved_cs_client     = @@character_set_client */;
/*!50503 SET character_set_client = utf8mb4 */;
CREATE TABLE `pasajeros` (
  `ID_Pasajero` int NOT NULL AUTO_INCREMENT,
  `Nombre_Pax` varchar(50) NOT NULL,
  `Apellido_Pax` varchar(50) NOT NULL,
  `DNI_Pax` varchar(8) NOT NULL,
  `Fecha_Nac_Pax` date NOT NULL,
  `Direccion_Pax` varchar(100) NOT NULL,
  `Ciudad_Pax` varchar(100) NOT NULL,
  `ID_Provincia` int NOT NULL,
  PRIMARY KEY (`ID_Pasajero`),
  KEY `FK_Pasajeros_Provincias` (`ID_Provincia`),
  CONSTRAINT `FK_Pasajeros_Provincias` FOREIGN KEY (`ID_Provincia`) REFERENCES `provincias` (`ID_Provincia`)
) ENGINE=InnoDB AUTO_INCREMENT=2002 DEFAULT CHARSET=utf8mb4 COLLATE=utf8mb4_0900_ai_ci;
/*!40101 SET character_set_client = @saved_cs_client */;

--
-- Dumping data for table `pasajeros`
--

LOCK TABLES `pasajeros` WRITE;
/*!40000 ALTER TABLE `pasajeros` DISABLE KEYS */;
INSERT INTO `pasajeros` VALUES (1,'Idell','Ricciardiello','17868499','1992-10-10','Montevideo 1377','La Banda',5),(2,'Almeta','Liddyard','11238085','1999-02-21','Colon 512','Resistencia',20),(3,'Melanie','Graffin','36139888','2007-06-05','Colon 512','Mendoza',7),(4,'Andrei','Coppens','44438368','1954-08-30','Rivadavia 678','Resistencia',20),(5,'Katherina','Adam','10466283','1999-07-19','Colon 512','Capital Federal',1),(6,'Lyon','Luten','22906738','1954-02-19','San Martin 123','La Rioja',13),(7,'Raffarty','Kelk','16323566','1998-09-19','Sarmiento 34','Parana',17),(8,'Nelie','Hickeringill','21167245','2009-10-18','Cabildo 555','La Plata',2),(9,'Smith','Koch','34440996','1982-06-29','Mitre 89','La Plata',2),(10,'Norry','Lovering','16219047','1948-02-09','Independencia 45','Rosario',3),(11,'Kala','McGow','14067062','2019-06-01','Sarmiento 34','La Rioja',13),(12,'Eberhard','Velasquez','29021474','2013-05-02','Cordoba 210','La Banda',5),(13,'Ty','Tuer','32523774','2005-07-21','Independencia 45','San Salvador de Jujuy',16),(14,'Salomone','Copnall','12929149','1988-08-16','Sarmiento 34','San Salvador de Jujuy',16),(15,'Cortney','Delieu','10548696','2019-07-16','Colon 512','San Juan',8),(16,'Dimitry','Geerling','21220422','1978-04-16','Independencia 45','Capital Federal',1),(17,'Brocky','Crockley','31948173','2025-04-23','Independencia 45','Villa Mercedes',6),(18,'Ezequiel','Currey','30427891','2025-02-24','Sarmiento 34','Santa Rosa',9),(19,'Alexandr','Dallicoat','20125447','1974-11-06','Cabildo 555','Formosa',21),(20,'Anthea','Macbane','28376889','1958-03-04','Belgrano 45','General Roca',10),(21,'Dulce','Gemmell','13616386','1981-03-14','Cabildo 555','Cordoba',4),(22,'Hali','Oliffe','44923042','1953-10-28','San Martin 123','La Banda',5),(23,'Barbra','Agglione','30568426','1991-02-23','Belgrano 45','San Salvador de Jujuy',16),(24,'Faina','Rockingham','27756588','1970-02-14','Independencia 45','Formosa',21),(25,'Sandy','Murtimer','30759611','1980-04-22','Rivadavia 678','Monte Caseros',18),(26,'Kiel','Meegan','32948752','1966-08-16','Colon 512','Formosa',21),(27,'Giulio','Brettel','22117907','2023-03-07','Mitre 89','Salta',15),(28,'Danny','Paal','13883604','1949-07-12','San Martin 123','La Banda',5),(29,'Justen','Palphreyman','11222921','1951-12-24','Colon 512','Cordoba',4),(30,'Mylo','Guinn','26590843','2024-02-01','Mitre 89','San Salvador de Jujuy',16),(31,'Booth','Drains','30658848','1972-11-11','Montevideo 1377','La Banda',5),(32,'Monique','Challenor','19866607','1980-02-14','Independencia 45','Rosario',3),(33,'Jens','McCaffery','32243922','1957-06-09','Rivadavia 678','Mendoza',7),(34,'Karrie','Stannard','10265523','1965-09-09','Colon 512','Monte Caseros',18),(35,'Elfrieda','Flecknell','39396193','1999-08-08','Uruguay 1345','Rosario',3),(36,'Vivienne','Stolle','22602665','1980-08-05','Belgrano 45','La Banda',5),(37,'Giuseppe','Shambroke','19225911','1961-01-23','Rivadavia 678','Posadas',19),(38,'Gloria','Hazeup','21507742','1968-10-13','Belgrano 45','Villa Mercedes',6),(39,'Dania','Kitteridge','17715101','1972-03-12','Mitre 89','La Banda',5),(40,'Nell','Bisson','40338831','1984-12-27','Uruguay 1345','General Roca',10),(41,'Chrissy','Bough','25660456','1947-08-26','Cabildo 555','San Fernando del Valle',14),(42,'Tobe','Wabersinke','10930699','1984-01-15','Uruguay 1345','La Banda',5),(43,'Roseann','Andino','33861025','1975-04-04','Colon 512','Villa Mercedes',6),(44,'Ingamar','Lambin','27549146','2025-01-30','Independencia 45','Salta',15),(45,'Armand','Sawrey','21886756','1999-03-22','Colon 512','Salta',15),(46,'Shannan','Boote','29642673','1962-12-18','Colon 512','San Miguel de Tucuman',12),(47,'Arch','Alejo','13611931','1978-02-21','Uruguay 1345','Mendoza',7),(48,'Laney','Elsbury','13455626','2018-05-06','Cordoba 210','Santa Rosa',9),(49,'Eb','Bartolozzi','34720861','1951-05-04','Uruguay 1345','Santa Rosa',9),(50,'Charlot','Rosenbloom','32782535','2019-06-17','Colon 512','La Rioja',13),(51,'Isaiah','Lening','24927046','1947-07-11','Mitre 89','San Fernando del Valle',14),(52,'Desmund','Lamlin','29186412','2006-05-10','Cabildo 555','Capital Federal',1),(53,'Decca','Jeanin','21903945','1967-07-20','Colon 512','Resistencia',20),(54,'Moll','Wigsell','32899839','1992-02-15','Uruguay 1345','Cordoba',4),(55,'Almeria','Lyptrade','24980307','2022-06-14','Sarmiento 34','Rosario',3),(56,'Cecilla','Stranahan','22463808','2014-01-08','Sarmiento 34','Formosa',21),(57,'Irma','Standingford','39123697','1969-09-07','Rivadavia 678','Capital Federal',1),(58,'Sheba','Ianiello','11706324','1946-02-23','Belgrano 45','San Salvador de Jujuy',16),(59,'Juanita','Lewnden','21673403','2009-08-07','San Martin 123','La Plata',2),(60,'Godart','Turney','44177936','1975-04-25','Mitre 89','Capital Federal',1),(61,'Sutherland','McCurdy','41069343','1984-08-06','Cabildo 555','San Miguel de Tucuman',12),(62,'Carlota','MacTavish','33759031','1956-06-18','Rivadavia 678','Neuquen',11),(63,'Thomasine','Skullet','24436254','1980-04-09','Cordoba 210','San Salvador de Jujuy',16),(64,'Holly','Peeke-Vout','33791371','1963-11-07','Montevideo 1377','Resistencia',20),(65,'Dunc','Goldwater','23183965','1981-02-19','Colon 512','Villa Mercedes',6),(66,'Farra','Barniss','27845875','2001-09-29','Uruguay 1345','Neuquen',11),(67,'Babbie','Feldheim','26935737','1973-11-30','Independencia 45','Posadas',19),(68,'Denys','Chart','37991797','2017-08-08','Montevideo 1377','San Fernando del Valle',14),(69,'Skippie','Clempton','35666568','2000-12-06','Sarmiento 34','San Juan',8),(70,'Dilan','Lowrey','27999606','1980-12-01','Cabildo 555','Rosario',3),(71,'Cy','Kidwell','27139205','1957-11-08','Cabildo 555','San Salvador de Jujuy',16),(72,'Claudian','Lethley','13912842','1961-01-25','Mitre 89','San Salvador de Jujuy',16),(73,'Bronnie','Uden','39086556','1946-06-28','Cabildo 555','Resistencia',20),(74,'Riordan','Spilisy','27268537','1969-02-06','San Martin 123','Formosa',21),(75,'Donaugh','Thirkettle','13693704','1966-07-02','Cabildo 555','San Juan',8),(76,'Renata','MacKereth','21254570','2018-10-21','Mitre 89','Parana',17),(77,'Marinna','Wagner','21248984','2016-05-18','Uruguay 1345','Salta',15),(78,'Marquita','Arnson','36267383','1982-10-28','Independencia 45','La Rioja',13),(79,'Derward','Remon','26629920','1986-03-08','Cordoba 210','Resistencia',20),(80,'Fawnia','Fincke','31530915','2021-04-17','Uruguay 1345','San Juan',8),(81,'Isidor','Marfield','35109371','1992-10-24','Uruguay 1345','La Banda',5),(82,'Gwenni','Caherny','38445558','1979-03-16','Mitre 89','Mendoza',7),(83,'Marylynne','Dowtry','25189439','1977-04-03','Independencia 45','La Plata',2),(84,'Berget','Klagge','26208461','1979-06-21','Mitre 89','Resistencia',20),(85,'Shayne','Zoanetti','25266445','1998-04-26','Independencia 45','Formosa',21),(86,'Hettie','Rabat','19840613','1980-01-10','Uruguay 1345','San Juan',8),(87,'Carey','Van Ross','38608142','1965-07-06','Montevideo 1377','San Miguel de Tucuman',12),(88,'Johny','Alvarado','19208983','1956-09-22','Belgrano 45','Villa Mercedes',6),(89,'Colet','Gilcriest','14198400','2017-11-29','Colon 512','Resistencia',20),(90,'Irena','Yann','40274994','1969-05-20','Cordoba 210','La Plata',2),(91,'Dru','Raffels','26623600','1983-07-27','Rivadavia 678','General Roca',10),(92,'Hank','Robyns','36764332','1982-07-06','Cordoba 210','Capital Federal',1),(93,'Aida','Gannaway','44405877','2007-01-06','Independencia 45','Salta',15),(94,'Wolfy','Karet','12075996','1953-03-02','Colon 512','La Plata',2),(95,'Mariel','Nanetti','18357942','1980-08-07','Belgrano 45','Mendoza',7),(96,'Hodge','Aingel','26288949','1989-05-12','Sarmiento 34','Villa Mercedes',6),(97,'Amalle','Chater','15090026','2016-12-01','Colon 512','La Rioja',13),(98,'Kermit','Cockshtt','10179692','2024-05-23','Sarmiento 34','Cordoba',4),(99,'Yard','Lamberti','16184547','1975-04-15','Cabildo 555','Resistencia',20),(100,'Reggi','Crum','40323433','2002-05-22','Independencia 45','La Banda',5),(101,'Joella','Waywell','41537747','1971-03-30','San Martin 123','La Banda',5),(102,'Esta','MacKeogh','31104638','1949-11-11','Belgrano 45','San Salvador de Jujuy',16),(103,'Filmer','Cromly','10671151','1998-07-24','Cordoba 210','Posadas',19),(104,'Phillipp','Polglase','37398660','1998-01-09','Independencia 45','Santa Rosa',9),(105,'Joly','Hacket','12835767','1961-08-12','Cabildo 555','Mendoza',7),(106,'Jerrie','Neilly','41301813','2005-09-21','Belgrano 45','Posadas',19),(107,'Cheryl','Curedell','23057865','2020-07-06','Rivadavia 678','Neuquen',11),(108,'Judy','McMorran','24091191','1975-10-12','Mitre 89','Cordoba',4),(109,'Abbe','Taverner','25791569','1995-11-03','Cabildo 555','Santa Rosa',9),(110,'Katie','Murtimer','25712338','1947-01-20','San Martin 123','Capital Federal',1),(111,'Klaus','Jirek','31593317','1986-05-12','Belgrano 45','San Juan',8),(112,'Hyman','Costy','35458608','1970-11-02','Belgrano 45','Mendoza',7),(113,'Tiena','Emptage','24872778','1976-04-25','San Martin 123','Rosario',3),(114,'Sallyann','Gwatkins','19724563','1948-07-15','San Martin 123','Mendoza',7),(115,'Rosabel','Huerta','40425475','2010-09-27','Cordoba 210','Formosa',21),(116,'Koenraad','Silk','29590957','1957-04-01','Sarmiento 34','Salta',15),(117,'Garvey','Roggero','12314407','1999-01-15','Belgrano 45','San Salvador de Jujuy',16),(118,'Brena','Fletcher','38695491','1962-04-20','San Martin 123','Formosa',21),(119,'Dulcine','Bielfeldt','26389362','1995-12-16','Independencia 45','Posadas',19),(120,'Zachery','Hollidge','19939976','2014-01-15','Belgrano 45','Mendoza',7),(121,'Cacilia','Warlaw','35129092','1960-05-29','Montevideo 1377','San Salvador de Jujuy',16),(122,'Silvana','Hedde','42966368','1997-08-10','Sarmiento 34','Resistencia',20),(123,'Claiborn','Lorryman','13893646','1997-08-22','Mitre 89','Capital Federal',1),(124,'Ginger','Egan','20223932','2007-08-10','Rivadavia 678','Neuquen',11),(125,'Weylin','Learoyde','37973257','1970-02-03','Colon 512','Cordoba',4),(126,'Candace','Conechie','36352137','1956-06-26','San Martin 123','San Salvador de Jujuy',16),(127,'Pablo','Baulk','17512247','1948-04-09','Cabildo 555','Monte Caseros',18),(128,'Nickola','Shawel','29202511','1952-02-05','Uruguay 1345','Cordoba',4),(129,'Virginia','Bennough','41547745','1952-05-23','Belgrano 45','La Banda',5),(130,'Archibold','Crow','15028096','2003-06-02','Belgrano 45','Mendoza',7),(131,'Mendie','Petrescu','43156076','1962-05-29','Independencia 45','Santa Rosa',9),(132,'Rahel','Scoles','22463253','2012-12-10','Cabildo 555','San Fernando del Valle',14),(133,'Katlin','Lattey','38865982','1960-03-07','San Martin 123','Capital Federal',1),(134,'Rikki','Leacy','11043618','1964-07-19','Belgrano 45','Formosa',21),(135,'Sean','Roisen','35301713','2000-02-23','Sarmiento 34','Cordoba',4),(136,'Judye','Giovannacci','24274159','2025-03-21','Montevideo 1377','San Fernando del Valle',14),(137,'Gan','Grinyer','30507844','2015-03-30','San Martin 123','Resistencia',20),(138,'Tades','Gregorace','44562337','1947-03-14','Cabildo 555','Mendoza',7),(139,'Patric','Elverston','11348183','1956-07-30','Colon 512','San Miguel de Tucuman',12),(140,'Adi','Giuron','23590282','1953-03-28','Mitre 89','Rosario',3),(141,'Norri','Skirvane','35581028','2014-01-09','Rivadavia 678','Santa Rosa',9),(142,'Alyse','Keetley','28861874','1958-09-03','Colon 512','San Miguel de Tucuman',12),(143,'Bartolomeo','Wrennall','17904051','1945-08-08','Belgrano 45','La Plata',2),(144,'Kale','Giorgi','31907347','1986-01-04','Cordoba 210','Salta',15),(145,'Monica','Gammie','26256320','2003-12-02','Independencia 45','Formosa',21),(146,'Sophi','Jarnell','11860798','2021-11-15','Rivadavia 678','Rosario',3),(147,'Pet','Priden','20408038','2020-06-30','San Martin 123','San Fernando del Valle',14),(148,'Othello','McFetridge','42877029','2003-02-14','Independencia 45','San Salvador de Jujuy',16),(149,'Tatiana','Maling','26093126','2019-08-28','Montevideo 1377','La Rioja',13),(150,'Doro','Sterke','23759500','1965-05-27','Uruguay 1345','Capital Federal',1),(151,'Sterne','Kensall','35699751','1962-07-03','Cabildo 555','La Banda',5),(152,'Norene','Itzkovwich','35660639','2019-07-12','Independencia 45','Resistencia',20),(153,'Janetta','Abrahamowitcz','31154863','1952-12-31','Sarmiento 34','Formosa',21),(154,'Brody','Escofier','17271571','1976-11-01','Mitre 89','La Plata',2),(155,'Fanni','Rubbens','21083356','1977-01-14','Cordoba 210','San Fernando del Valle',14),(156,'Bordie','MacHarg','13488411','2010-05-02','Cordoba 210','San Salvador de Jujuy',16),(157,'Alissa','Roland','13303158','2000-01-29','Rivadavia 678','Parana',17),(158,'Cymbre','Gosforth','17683930','1960-11-17','Uruguay 1345','Posadas',19),(159,'Krystalle','Kynoch','15585248','2007-07-06','Montevideo 1377','Formosa',21),(160,'Dory','Carneck','29186472','1985-03-26','Montevideo 1377','San Salvador de Jujuy',16),(161,'Casar','Sotheby','29898111','2015-04-08','Cabildo 555','General Roca',10),(162,'Dunc','Battleson','21648978','1964-04-18','San Martin 123','Villa Mercedes',6),(163,'Maxy','Joan','40854489','2015-10-08','Uruguay 1345','La Plata',2),(164,'Mufi','Blanchette','18865048','1986-01-25','Cordoba 210','Resistencia',20),(165,'Hobart','Awdry','24247022','2011-11-01','Colon 512','Monte Caseros',18),(166,'Lefty','Pohling','32075378','2013-04-11','Belgrano 45','Rosario',3),(167,'Benny','Giorgi','30086563','1980-05-06','Colon 512','Villa Mercedes',6),(168,'Yoshiko','Redmore','28432592','2019-02-12','Belgrano 45','Santa Rosa',9),(169,'Barbette','Franseco','37779143','1980-06-19','Independencia 45','La Rioja',13),(170,'Ajay','Sampson','10867159','2012-01-15','Uruguay 1345','Villa Mercedes',6),(171,'Simone','Caulder','34013469','1959-06-21','Cordoba 210','La Plata',2),(172,'Nikita','Vile','42861853','1994-03-30','Sarmiento 34','Salta',15),(173,'Sayer','Mallinson','21323215','1974-06-16','Colon 512','Neuquen',11),(174,'Merry','Gonsalvez','24604194','1996-07-31','San Martin 123','Resistencia',20),(175,'Ab','Van den Hof','30881188','1953-07-07','Cabildo 555','Cordoba',4),(176,'Tera','Legate','15424424','1961-02-06','Rivadavia 678','San Juan',8),(177,'Star','Wheble','13908219','1991-05-21','Uruguay 1345','La Banda',5),(178,'Gregoor','De Pero','10966889','1970-08-17','Rivadavia 678','San Fernando del Valle',14),(179,'Albina','Cranmor','34691494','2018-05-09','Uruguay 1345','General Roca',10),(180,'Keenan','Calan','22148679','2013-07-11','Belgrano 45','Salta',15),(181,'Kristina','Korting','44368590','2020-12-28','Rivadavia 678','Monte Caseros',18),(182,'Ogdon','Archer','16231575','1987-11-17','Belgrano 45','Posadas',19),(183,'Emilie','Launder','16532686','1988-10-12','Sarmiento 34','San Miguel de Tucuman',12),(184,'Brandea','Ferrieres','13950538','1971-10-15','Independencia 45','General Roca',10),(185,'Drugi','Alwood','39478082','1988-10-09','San Martin 123','San Miguel de Tucuman',12),(186,'Ardelis','Yousef','20796981','1959-09-16','Rivadavia 678','General Roca',10),(187,'Claudian','Arnout','39490400','2008-07-10','San Martin 123','Rosario',3),(188,'Lory','Heigho','33389765','1977-09-12','Mitre 89','La Plata',2),(189,'Bernardine','Hindes','24104250','1947-09-13','Independencia 45','Villa Mercedes',6),(190,'Carin','Clemmens','10808899','1947-07-04','Montevideo 1377','Villa Mercedes',6),(191,'Hamnet','Tinghill','13838369','1990-11-29','Montevideo 1377','La Rioja',13),(192,'Manny','Kinsman','23805492','2008-06-09','Uruguay 1345','San Fernando del Valle',14),(193,'Edvard','Rove','13178852','1984-04-05','Independencia 45','Resistencia',20),(194,'Weylin','Gladwish','40635341','2020-10-12','Independencia 45','La Plata',2),(195,'Melisenda','Brimman','32534381','1993-05-26','Uruguay 1345','Santa Rosa',9),(196,'Margaretha','Ghelardi','37501158','1970-06-15','Uruguay 1345','La Plata',2),(197,'Jake','Coyte','26842704','1986-05-17','Independencia 45','La Rioja',13),(198,'Carrissa','Frandsen','39147331','1989-09-30','Independencia 45','Posadas',19),(199,'Kyle','Tatterton','23504967','1984-04-30','San Martin 123','Parana',17),(200,'Mag','Malloch','40744984','2015-12-22','Uruguay 1345','General Roca',10),(201,'Delmore','O\'Monahan','40517109','1953-07-12','Rivadavia 678','Villa Mercedes',6),(202,'Hope','Ayscough','37873370','1956-11-07','Sarmiento 34','Capital Federal',1),(203,'Nisse','Hounson','15053044','2012-01-03','San Martin 123','Resistencia',20),(204,'Keir','Kennicott','35026377','2001-11-28','Montevideo 1377','San Fernando del Valle',14),(205,'Bridie','Blaydes','18112303','1960-02-04','Cordoba 210','Monte Caseros',18),(206,'Daveta','Hinrichs','31053619','1952-08-02','Cabildo 555','La Banda',5),(207,'Susi','Vause','27677692','1955-12-24','Mitre 89','Neuquen',11),(208,'Deerdre','Furse','43893889','1987-04-10','Uruguay 1345','Cordoba',4),(209,'Royal','Wasselin','10063503','1997-11-02','Rivadavia 678','Villa Mercedes',6),(210,'Adiana','Spratt','28268923','1948-10-01','Montevideo 1377','Monte Caseros',18),(211,'Caitrin','Scandroot','27808619','1997-08-25','Cordoba 210','General Roca',10),(212,'Kelbee','Isack','22930277','1979-11-27','Mitre 89','Neuquen',11),(213,'Rufe','Grave','24998372','1963-10-07','Cabildo 555','Mendoza',7),(214,'Blair','Loffhead','10282353','1997-04-30','Sarmiento 34','Resistencia',20),(215,'Melina','Roof','35705252','2023-04-24','Colon 512','La Plata',2),(216,'Felicio','Carmen','42459260','1966-02-27','Colon 512','Salta',15),(217,'Clayton','Szymanzyk','21097955','2000-05-16','Sarmiento 34','General Roca',10),(218,'Darrin','Lamminam','43007448','1967-03-16','Uruguay 1345','San Miguel de Tucuman',12),(219,'Truda','Lilley','40848142','2002-09-11','Cabildo 555','Formosa',21),(220,'Ann-marie','Sissland','20941333','1969-11-29','Belgrano 45','La Rioja',13),(221,'Ashlie','Lightbowne','16933290','2018-08-30','Uruguay 1345','Mendoza',7),(222,'Gibby','Shillan','24177123','1981-05-24','Mitre 89','Mendoza',7),(223,'Lora','Mournian','35750059','1982-06-05','Belgrano 45','San Fernando del Valle',14),(224,'Woody','Matthewes','35718430','1993-08-31','Uruguay 1345','Salta',15),(225,'Rolando','Fryd','11977716','1985-03-11','Independencia 45','San Juan',8),(226,'Sella','Pele','25204028','1982-08-22','San Martin 123','Villa Mercedes',6),(227,'Erl','Franzonello','19890717','1988-03-11','Montevideo 1377','La Plata',2),(228,'Renaud','Egger','42600989','2021-01-03','Mitre 89','Capital Federal',1),(229,'Benton','L\' Anglois','21735659','2006-09-26','Montevideo 1377','Posadas',19),(230,'Alikee','Kettel','35703307','1992-11-14','Cabildo 555','Resistencia',20),(231,'Adena','Gillean','32493520','1959-03-14','Cabildo 555','Rosario',3),(232,'Tim','McGibbon','38157350','1945-09-14','Independencia 45','Neuquen',11),(233,'Brunhilda','Dissman','18822522','2024-09-03','Sarmiento 34','La Banda',5),(234,'Fabe','Kelleher','39986009','1973-08-22','Montevideo 1377','San Juan',8),(235,'Hallsy','Alecock','16885113','2024-03-04','Cabildo 555','Neuquen',11),(236,'Avigdor','Ventris','11332032','2011-02-09','Sarmiento 34','Salta',15),(237,'Ursula','Goad','42095658','1969-05-01','Cordoba 210','Santa Rosa',9),(238,'Marney','Schultes','11995337','1954-12-16','Colon 512','Posadas',19),(239,'Fernando','Rubinov','18829748','2015-05-09','Colon 512','La Banda',5),(240,'Pollyanna','Sapey','24638682','1957-01-30','Independencia 45','San Miguel de Tucuman',12),(241,'Richardo','Leece','20109678','1945-10-02','Cordoba 210','Santa Rosa',9),(242,'Osmund','Jewel','13519232','1972-10-29','Cabildo 555','Parana',17),(243,'Filbert','Ferrucci','19399953','1984-06-05','Rivadavia 678','San Salvador de Jujuy',16),(244,'Janel','Malter','38716753','1996-09-12','Mitre 89','Villa Mercedes',6),(245,'Muffin','Pettett','26346246','1956-11-19','Montevideo 1377','Posadas',19),(246,'Maud','Crimpe','26324700','1985-10-10','Rivadavia 678','Rosario',3),(247,'Horton','Peter','25810866','1993-09-29','Independencia 45','La Banda',5),(248,'Clemmie','Routham','23543920','2018-04-17','Rivadavia 678','Santa Rosa',9),(249,'Leonardo','Thomasson','44871913','2022-11-06','Independencia 45','San Fernando del Valle',14),(250,'Antonina','Garmon','36606512','2003-08-25','Belgrano 45','La Banda',5),(251,'Marcellina','Pergens','27819471','1954-05-27','Cordoba 210','Santa Rosa',9),(252,'Karla','Hukins','27323514','1969-08-26','Montevideo 1377','Salta',15),(253,'Zared','Januszkiewicz','41297147','1970-11-28','Independencia 45','San Fernando del Valle',14),(254,'Rebeca','Viles','30060056','1947-11-27','San Martin 123','San Juan',8),(255,'Caro','Ferneley','41003018','1973-02-06','San Martin 123','San Juan',8),(256,'Milissent','Sulley','25598749','2016-09-17','Uruguay 1345','Capital Federal',1),(257,'Maure','Egleton','41058165','1963-07-05','Cordoba 210','Capital Federal',1),(258,'Adriano','Wildman','22964895','1995-01-19','Sarmiento 34','Formosa',21),(259,'Jeremy','Ciobutaro','23272073','1996-10-22','Rivadavia 678','La Rioja',13),(260,'Veronica','Durdy','29322235','2019-08-31','Cordoba 210','Cordoba',4),(261,'Muffin','Wyson','11737299','1953-05-13','Mitre 89','La Banda',5),(262,'Joelle','Bemlott','14944366','2021-03-27','Independencia 45','Salta',15),(263,'Ciro','Stone Fewings','21538075','1989-08-03','Uruguay 1345','Formosa',21),(264,'Dav','Patterson','12599415','2001-03-28','Cabildo 555','Parana',17),(265,'Sammie','Bedrosian','14510270','1984-09-24','Montevideo 1377','San Juan',8),(266,'Fallon','Noteyoung','31029103','1970-05-08','Montevideo 1377','Rosario',3),(267,'Malorie','Heinig','13599135','1947-04-15','Uruguay 1345','La Plata',2),(268,'Nicolis','Mabon','35664199','1965-06-15','Cabildo 555','San Fernando del Valle',14),(269,'Grove','Latimer','30286350','1952-12-22','Cabildo 555','Posadas',19),(270,'Loise','Sarchwell','27171034','1979-12-18','Independencia 45','Cordoba',4),(271,'Waylen','Stallwood','27230958','2017-04-04','Mitre 89','La Plata',2),(272,'Loydie','Barthropp','10968440','1952-12-03','Sarmiento 34','Formosa',21),(273,'Melli','Cayley','25429100','1950-10-07','Sarmiento 34','Santa Rosa',9),(274,'Cherrita','Sprionghall','16448273','1954-10-03','Belgrano 45','San Miguel de Tucuman',12),(275,'Billie','Abson','25694880','2014-11-09','Independencia 45','Monte Caseros',18),(276,'Suzy','Hassent','23097088','2002-07-19','Colon 512','La Plata',2),(277,'Tara','Feake','14176649','2001-07-19','Mitre 89','Capital Federal',1),(278,'Annabelle','O\'Scollain','27125604','1972-07-06','Cabildo 555','Resistencia',20),(279,'Bondy','Daniau','38473966','2012-01-29','Cordoba 210','La Banda',5),(280,'Zonnya','Kersley','30530571','1991-06-07','Mitre 89','La Plata',2),(281,'Dareen','Disney','16140987','1957-03-26','Rivadavia 678','Resistencia',20),(282,'Wenonah','Tewnion','12421185','2013-10-06','Cordoba 210','San Juan',8),(283,'Gabi','McWhin','29769879','1998-01-26','Cordoba 210','Villa Mercedes',6),(284,'Clotilda','Shrimptone','15273356','2002-09-19','Rivadavia 678','La Rioja',13),(285,'Betteann','Prettjohn','44577462','1979-05-16','San Martin 123','San Juan',8),(286,'Goraud','Kinset','37863215','1948-09-17','Belgrano 45','Neuquen',11),(287,'Juliane','Bond','27801244','2016-04-27','Cabildo 555','La Banda',5),(288,'Pate','Sarge','29469244','2019-11-12','San Martin 123','San Salvador de Jujuy',16),(289,'Datha','Boner','21588707','1962-03-19','Independencia 45','Cordoba',4),(290,'Karlie','Wrassell','42108968','1959-01-07','Mitre 89','Rosario',3),(291,'Zarah','Braben','44166496','1977-06-02','Colon 512','Villa Mercedes',6),(292,'Risa','Gasker','14466704','1948-12-06','Montevideo 1377','General Roca',10),(293,'Jaquenette','Beeho','19264351','1974-10-26','Sarmiento 34','La Rioja',13),(294,'Terence','Reeme','21261857','2005-10-05','Cabildo 555','San Salvador de Jujuy',16),(295,'Gwenneth','Denkin','14097967','1990-06-13','Independencia 45','Neuquen',11),(296,'Culley','Moorrud','17272578','1997-12-06','Montevideo 1377','Neuquen',11),(297,'Odilia','Thomazet','13088883','2023-08-25','Mitre 89','Salta',15),(298,'Amelie','Marsay','21617185','1984-01-06','Rivadavia 678','Rosario',3),(299,'Letta','Robet','29460304','1967-09-04','Mitre 89','San Miguel de Tucuman',12),(300,'Nita','Turnpenny','17093198','1984-05-27','Independencia 45','Resistencia',20),(301,'Lewie','Gheerhaert','36003566','2016-01-16','Sarmiento 34','Mendoza',7),(302,'Sib','Waddell','24457292','1993-12-06','Sarmiento 34','Villa Mercedes',6),(303,'Madelena','Oager','26218379','1953-02-26','Rivadavia 678','Monte Caseros',18),(304,'Clarine','Warrell','35591500','1990-01-05','Cordoba 210','La Rioja',13),(305,'Cynthy','Hallmark','29078850','1993-07-17','Belgrano 45','Santa Rosa',9),(306,'Ruy','Flode','17054942','1987-02-14','Mitre 89','Villa Mercedes',6),(307,'Westbrooke','Chiverton','22662259','1965-10-03','Mitre 89','San Miguel de Tucuman',12),(308,'Ivy','Krysiak','31688856','1969-09-30','Uruguay 1345','Salta',15),(309,'Louie','Bodycote','16915181','1961-01-20','Rivadavia 678','General Roca',10),(310,'Vina','Kyte','36443467','1978-08-21','Uruguay 1345','Salta',15),(311,'Goldarina','Skellion','39395397','1958-03-19','Belgrano 45','Salta',15),(312,'Jordan','Ozanne','38416566','2015-11-12','Sarmiento 34','Capital Federal',1),(313,'Natal','Gargett','17366931','1980-05-09','Montevideo 1377','Santa Rosa',9),(314,'Allie','Throssell','17145014','1965-09-10','Mitre 89','Resistencia',20),(315,'Westbrooke','Eakle','13952019','2015-01-31','Colon 512','La Plata',2),(316,'Mellie','Caldayrou','23684674','1980-02-04','Sarmiento 34','Villa Mercedes',6),(317,'Rosetta','Challice','21830432','2011-03-20','Belgrano 45','San Fernando del Valle',14),(318,'Damon','Klishin','32998315','1987-01-11','Rivadavia 678','Santa Rosa',9),(319,'Sheeree','Iacovacci','22196463','1947-04-16','Montevideo 1377','Salta',15),(320,'Kynthia','Seville','15729966','1959-02-15','Uruguay 1345','Parana',17),(321,'Guthry','Bremmell','34966589','1951-05-12','Independencia 45','San Salvador de Jujuy',16),(322,'Marybelle','Leathem','42336795','1960-09-08','Colon 512','San Juan',8),(323,'Cale','Zanussii','30598180','2017-09-29','Rivadavia 678','Santa Rosa',9),(324,'Shaun','Retchford','29126246','2023-05-02','San Martin 123','General Roca',10),(325,'Morten','Forbes','10688622','1965-04-20','Independencia 45','San Salvador de Jujuy',16),(326,'Yolande','McDool','18696173','2002-10-30','Independencia 45','Neuquen',11),(327,'Theo','Gordge','23001639','1983-05-21','Montevideo 1377','San Juan',8),(328,'Harbert','Daverin','22470409','1980-11-11','Cabildo 555','Monte Caseros',18),(329,'Ira','Frowen','21607629','1973-05-04','Mitre 89','Cordoba',4),(330,'Pris','Natt','13514156','1989-08-02','Cabildo 555','Capital Federal',1),(331,'Holmes','Thackston','10566517','2019-02-18','Colon 512','Mendoza',7),(332,'Sibel','Rabson','21107010','1985-04-22','Sarmiento 34','Formosa',21),(333,'Ardelle','Haugen','20056094','1995-06-14','Belgrano 45','Salta',15),(334,'Cherlyn','Schowenburg','25535628','1974-11-27','Cordoba 210','La Plata',2),(335,'Noell','Doorey','38071247','1958-05-24','San Martin 123','La Rioja',13),(336,'Barbabra','Pechard','32209148','2020-03-18','Rivadavia 678','San Miguel de Tucuman',12),(337,'Joseito','Niese','24761870','1985-06-06','Sarmiento 34','Cordoba',4),(338,'Cordy','Ivanuschka','19896573','1982-10-06','Mitre 89','General Roca',10),(339,'Craig','Iczokvitz','25831993','2009-09-10','Mitre 89','General Roca',10),(340,'Anestassia','Rippen','23395865','1951-11-11','Sarmiento 34','Santa Rosa',9),(341,'Riccardo','Kennan','23539966','1961-10-10','Belgrano 45','Posadas',19),(342,'Ignace','Drakes','26639707','2014-09-06','Rivadavia 678','Santa Rosa',9),(343,'Hailee','Seivwright','27979925','1969-09-30','Mitre 89','Santa Rosa',9),(344,'Leone','Marchello','43999434','1957-06-07','San Martin 123','Cordoba',4),(345,'Catina','Vescovo','40546632','1972-07-06','Belgrano 45','Rosario',3),(346,'Had','Longthorne','17917434','1962-05-24','Montevideo 1377','La Rioja',13),(347,'Tiffy','Ethridge','30898489','1972-07-31','Rivadavia 678','General Roca',10),(348,'Arni','Dowdam','20823000','1995-09-28','Montevideo 1377','Capital Federal',1),(349,'Mandi','Holbarrow','29497660','2024-09-08','Sarmiento 34','Salta',15),(350,'Sydney','Edland','22851855','1990-04-07','Montevideo 1377','La Plata',2),(351,'Datha','Silbert','14973509','1961-07-11','Rivadavia 678','Salta',15),(352,'Ignace','Bastock','41091877','1958-04-10','Cabildo 555','Resistencia',20),(353,'Mehetabel','Piper','37143710','1966-03-25','Colon 512','Posadas',19),(354,'Tracy','Kendal','38520027','1984-09-13','Colon 512','Rosario',3),(355,'Robinet','Coen','21267749','1985-01-25','Independencia 45','La Plata',2),(356,'Ezmeralda','Rossander','22264576','2013-11-02','Rivadavia 678','Mendoza',7),(357,'Wash','Danat','23524565','2008-12-21','Independencia 45','San Fernando del Valle',14),(358,'Lindsay','Cucinotta','27280537','1946-04-18','Colon 512','La Rioja',13),(359,'Amy','O\'Lahy','11962139','1950-10-15','Uruguay 1345','Posadas',19),(360,'Prentice','Jacob','15117030','2011-10-15','Uruguay 1345','Santa Rosa',9),(361,'Ilyse','McCartan','21692238','1985-02-24','Uruguay 1345','Mendoza',7),(362,'Cyb','Northedge','27212826','2018-12-31','San Martin 123','Formosa',21),(363,'Ilario','Swayland','18364035','1993-03-25','Montevideo 1377','San Fernando del Valle',14),(364,'Jena','Bakhrushin','19645004','1957-06-11','Cabildo 555','Posadas',19),(365,'Eldridge','Cade','32461018','1966-11-27','Uruguay 1345','Parana',17),(366,'Danyelle','Colthard','39541917','2021-03-08','Cordoba 210','Resistencia',20),(367,'Harlie','Stiggles','40397619','1984-04-13','Belgrano 45','La Banda',5),(368,'Anet','Antosch','20219770','1991-07-15','Belgrano 45','La Plata',2),(369,'Cele','Medley','11628785','1984-06-25','Cabildo 555','Formosa',21),(370,'Arleen','Macak','23026675','2002-01-09','San Martin 123','San Juan',8),(371,'Kristoforo','Cockhill','28755636','1949-02-11','Independencia 45','La Rioja',13),(372,'Regan','Baume','32679497','1992-07-18','Cabildo 555','San Salvador de Jujuy',16),(373,'Damien','Scanderet','15865997','2018-06-01','Colon 512','Posadas',19),(374,'Collette','Hercules','43894635','1964-01-27','Cabildo 555','Formosa',21),(375,'Kelcie','Askew','27703546','2018-01-25','Colon 512','San Miguel de Tucuman',12),(376,'Conn','Stiggles','25025482','2021-09-08','Mitre 89','Resistencia',20),(377,'Jorge','Fuidge','44581255','1955-01-07','Montevideo 1377','Monte Caseros',18),(378,'Beckie','Scarasbrick','26044436','1965-01-29','Mitre 89','Formosa',21),(379,'Carita','Atwool','10102089','2022-08-15','Montevideo 1377','Parana',17),(380,'Gianina','Boost','20716049','1971-11-08','Uruguay 1345','General Roca',10),(381,'Natasha','Rickman','39677320','2001-09-02','Independencia 45','La Banda',5),(382,'Randa','Peterkin','10357904','1949-12-10','Colon 512','Salta',15),(383,'Rosalind','Shevill','22579321','2003-10-11','Cabildo 555','Resistencia',20),(384,'Skell','Elvins','26071410','1990-03-11','Uruguay 1345','Cordoba',4),(385,'Monti','Pidgley','29709864','1968-07-14','Cordoba 210','Resistencia',20),(386,'Barret','Makinson','33868136','1957-08-31','Cordoba 210','San Juan',8),(387,'Hamel','McCombe','23451844','2004-06-19','San Martin 123','Villa Mercedes',6),(388,'Esteban','Tale','33041443','2017-09-18','Cordoba 210','San Fernando del Valle',14),(389,'Muffin','Bengtson','39723865','2018-06-03','Cordoba 210','Rosario',3),(390,'Garrick','Ohrt','15485889','2009-08-03','Cordoba 210','La Banda',5),(391,'Karim','Suddards','26710698','1998-05-31','Montevideo 1377','Formosa',21),(392,'Alyss','Gartside','14455793','2012-10-15','Uruguay 1345','Resistencia',20),(393,'Brynn','Ralfe','26214514','1976-10-20','Colon 512','San Fernando del Valle',14),(394,'Nefen','Olphert','24705456','1987-04-05','Cabildo 555','General Roca',10),(395,'Yovonnda','Puleque','13909094','1956-05-27','Belgrano 45','Monte Caseros',18),(396,'Ellissa','Herion','14167708','1982-04-13','San Martin 123','Salta',15),(397,'Fairlie','Farenden','11690333','2016-04-11','Belgrano 45','Neuquen',11),(398,'Thomasine','Traylen','20197185','2010-04-14','Cabildo 555','San Juan',8),(399,'Elicia','Culcheth','43352566','2019-03-31','Belgrano 45','Formosa',21),(400,'Aubry','Drescher','15538855','2010-04-30','Cordoba 210','Santa Rosa',9),(401,'Rochella','Whight','17550362','2013-11-13','Sarmiento 34','La Rioja',13),(402,'Gussie','Draayer','41620095','2002-01-03','Rivadavia 678','Posadas',19),(403,'Sutton','Dunlea','35279148','1993-01-05','Cabildo 555','Posadas',19),(404,'Jerrine','Sheepy','33643834','1967-08-02','Rivadavia 678','San Juan',8),(405,'Morse','Bliven','27183079','1994-04-15','Rivadavia 678','Santa Rosa',9),(406,'Adrien','Keelinge','11998201','1968-10-27','Cordoba 210','Salta',15),(407,'Klaus','Kasbye','21478966','1961-12-25','Colon 512','Rosario',3),(408,'Thia','Giercke','10938286','1949-05-08','Belgrano 45','San Juan',8),(409,'Morena','Morris','40490442','1956-04-13','Uruguay 1345','Santa Rosa',9),(410,'Karlens','Soot','12429248','1955-05-18','Sarmiento 34','Resistencia',20),(411,'Henrik','Asche','38060452','1951-03-15','Cabildo 555','Salta',15),(412,'Bruce','Riddiford','18398840','1967-01-08','Rivadavia 678','San Fernando del Valle',14),(413,'Gill','Hearley','21915124','1981-07-31','Uruguay 1345','Capital Federal',1),(414,'Lambert','Woolcocks','39525133','1979-03-04','Uruguay 1345','Capital Federal',1),(415,'Gerard','Kliner','31552919','2021-05-25','Belgrano 45','La Rioja',13),(416,'Harold','Ferreli','31182874','1976-03-04','Sarmiento 34','La Plata',2),(417,'Durward','Pigeram','22414118','1967-08-23','Independencia 45','La Rioja',13),(418,'Viviana','Douglas','14256559','1985-04-06','Uruguay 1345','Neuquen',11),(419,'Emlyn','Kopman','25463812','2017-10-26','San Martin 123','La Plata',2),(420,'Edin','Melonby','23479549','1962-12-31','San Martin 123','Formosa',21),(421,'Rudolf','Rockcliff','28109232','1945-06-21','Montevideo 1377','Cordoba',4),(422,'Rivalee','Dunn','13176395','2020-12-20','Cordoba 210','Rosario',3),(423,'Iseabal','Fenix','44640187','1976-01-06','Montevideo 1377','Mendoza',7),(424,'Jorgan','Beniesh','40221849','1986-07-31','San Martin 123','San Salvador de Jujuy',16),(425,'Mikel','Nenci','37833346','1993-05-01','San Martin 123','La Plata',2),(426,'Genovera','Cordon','39621932','1993-10-12','Uruguay 1345','La Rioja',13),(427,'Bridget','Downey','35378626','1974-09-12','Belgrano 45','San Fernando del Valle',14),(428,'Merry','Leyfield','31183557','1982-11-05','Cordoba 210','Parana',17),(429,'Madalyn','Gomez','36241661','2012-06-27','Belgrano 45','Cordoba',4),(430,'Elijah','Jovanovic','15024319','1993-12-03','Montevideo 1377','Monte Caseros',18),(431,'Auroora','Marzello','24882491','2002-12-01','Colon 512','Capital Federal',1),(432,'Kelvin','Burress','43996719','1999-09-04','Belgrano 45','Formosa',21),(433,'Yasmeen','Dearden','18582230','1970-02-08','Independencia 45','Cordoba',4),(434,'Chastity','Swinburne','32074897','1945-09-06','Sarmiento 34','La Banda',5),(435,'Minette','Gravey','26282106','1983-11-30','Cordoba 210','Neuquen',11),(436,'Guglielmo','Drakes','44735943','2012-06-03','Mitre 89','Cordoba',4),(437,'Julianna','Newbold','38001828','2002-11-04','Cabildo 555','Monte Caseros',18),(438,'Tobin','Ficken','21835977','2003-10-01','Sarmiento 34','La Plata',2),(439,'Lambert','Piddletown','28497873','1962-08-10','Sarmiento 34','Villa Mercedes',6),(440,'Evelin','Dingley','30516692','1989-08-01','Cabildo 555','Villa Mercedes',6),(441,'Hermione','Decreuze','27659906','1991-09-20','Montevideo 1377','Rosario',3),(442,'Eveline','Ash','34799643','1958-07-31','Sarmiento 34','Salta',15),(443,'Abel','Kendred','40552120','1969-09-22','Mitre 89','La Banda',5),(444,'Cher','Jobson','18204445','1988-01-14','Rivadavia 678','Parana',17),(445,'Keith','Lacaze','18269999','1975-03-23','San Martin 123','Resistencia',20),(446,'Kym','Steptow','41492933','1953-07-19','Mitre 89','La Plata',2),(447,'Yankee','Curd','25959043','2017-09-21','San Martin 123','Villa Mercedes',6),(448,'Rania','Brampton','43115165','1994-05-12','Sarmiento 34','Monte Caseros',18),(449,'Gonzales','Hutcheon','13821080','1969-03-20','Colon 512','Salta',15),(450,'Libbey','Lamerton','16110970','1970-11-13','Colon 512','Formosa',21),(451,'Ina','Laurent','30876441','1997-06-16','Independencia 45','General Roca',10),(452,'Say','Alasdair','11410615','1995-03-08','Rivadavia 678','San Miguel de Tucuman',12),(453,'Trace','Gamon','35834961','1998-10-10','Mitre 89','Monte Caseros',18),(454,'Siffre','Heball','35563079','1964-02-10','Cordoba 210','La Plata',2),(455,'Tisha','O\' Finan','16064603','1962-01-10','Colon 512','Monte Caseros',18),(456,'Chance','Duce','37514577','1984-06-24','Sarmiento 34','Cordoba',4),(457,'Ivette','Capponer','23353283','1994-08-25','Uruguay 1345','Monte Caseros',18),(458,'Shannen','Gotcliffe','42232445','1958-04-17','Independencia 45','San Juan',8),(459,'Dru','Riccardo','25841269','2004-01-30','Rivadavia 678','La Banda',5),(460,'Candi','Andresen','35571303','2025-03-15','San Martin 123','Mendoza',7),(461,'Horst','Tolotti','27755082','1997-03-11','Cordoba 210','General Roca',10),(462,'Kayla','Melmore','22833862','1981-01-06','Rivadavia 678','San Fernando del Valle',14),(463,'Caleb','Osbourn','35233031','2013-10-08','Cordoba 210','Santa Rosa',9),(464,'Roze','Syvret','11172237','1947-10-31','Cabildo 555','La Rioja',13),(465,'Alida','Di Bartolomeo','33292265','1979-04-12','Belgrano 45','La Banda',5),(466,'Friedrick','Pasterfield','41676480','1971-07-20','Uruguay 1345','Capital Federal',1),(467,'Sallyanne','Raiment','11524387','2002-06-04','Belgrano 45','Posadas',19),(468,'Hulda','Muckloe','22476943','1970-03-31','San Martin 123','Formosa',21),(469,'Guido','Sketchley','11170842','1962-03-10','Independencia 45','Formosa',21),(470,'Ame','Haggie','42334803','1979-07-30','Cordoba 210','San Juan',8),(471,'Maddie','Mollindinia','34264313','1997-05-02','Cabildo 555','Parana',17),(472,'Renelle','Jacobson','19919802','2012-02-25','Independencia 45','San Miguel de Tucuman',12),(473,'Claribel','Corteis','21503842','1951-07-01','Montevideo 1377','Neuquen',11),(474,'Jamaal','Hares','13258069','1973-04-15','Cabildo 555','Santa Rosa',9),(475,'Toinette','Vowles','10296471','1998-09-24','Independencia 45','Salta',15),(476,'Yolande','Toulamain','14409946','1948-03-16','Colon 512','San Fernando del Valle',14),(477,'Hazlett','O\'Clery','35329860','2017-04-14','Cordoba 210','San Miguel de Tucuman',12),(478,'Jada','Rosewell','35317189','1962-02-08','Uruguay 1345','La Rioja',13),(479,'Bekki','Eadmead','44310102','1971-11-13','Belgrano 45','Posadas',19),(480,'Pavla','Learned','35597340','1947-11-29','Colon 512','Santa Rosa',9),(481,'Barny','Moors','23833222','1986-11-04','Cordoba 210','Rosario',3),(482,'Bella','Filippucci','39847015','2018-04-07','Belgrano 45','San Juan',8),(483,'Devonna','Bickle','23001625','2003-05-10','Belgrano 45','La Rioja',13),(484,'Bendite','Newens','19316237','1945-08-05','San Martin 123','Cordoba',4),(485,'Urbano','Corselles','25966119','2016-01-22','Cabildo 555','La Plata',2),(486,'Thorn','Rickarsey','15018446','2014-12-08','Cabildo 555','La Plata',2),(487,'Marlo','Woodham','12798105','2005-02-16','Montevideo 1377','Formosa',21),(488,'Gustie','Housam','27775842','2023-05-04','Uruguay 1345','San Salvador de Jujuy',16),(489,'Waring','Fiddyment','24005585','1981-12-28','Belgrano 45','General Roca',10),(490,'Ayn','Lammers','19753231','1991-04-04','Independencia 45','Parana',17),(491,'Shellysheldon','Handover','33922207','1985-12-29','Rivadavia 678','General Roca',10),(492,'Jack','Swinden','14995512','2021-10-12','Cordoba 210','Mendoza',7),(493,'Buck','Tinsley','27725866','2019-10-25','San Martin 123','La Plata',2),(494,'Alphonse','Dollard','28161962','1948-10-16','San Martin 123','Parana',17),(495,'Nicoli','Beel','35359717','1971-04-10','Sarmiento 34','Salta',15),(496,'Sigismond','Jankovsky','34592114','2008-04-05','Belgrano 45','La Banda',5),(497,'Marga','Nix','34517940','1991-08-29','San Martin 123','La Rioja',13),(498,'Aleta','Darree','42035960','1952-04-10','Cabildo 555','San Miguel de Tucuman',12),(499,'Joannes','Gladhill','26553555','1947-10-23','Belgrano 45','Santa Rosa',9),(500,'Obed','Meates','15492773','1984-10-12','Sarmiento 34','San Fernando del Valle',14),(501,'Haslett','Hattigan','16177225','1982-12-24','Montevideo 1377','Formosa',21),(502,'Lonnie','Vigours','39324138','2011-03-22','Uruguay 1345','San Juan',8),(503,'Berkie','Rainger','42782071','1961-11-21','Uruguay 1345','Parana',17),(504,'Carlene','Rosenschein','31723888','2013-07-10','Montevideo 1377','La Plata',2),(505,'Kai','Taft','42745239','1959-07-26','Cordoba 210','Cordoba',4),(506,'Jennine','Stubbin','25781997','1969-01-28','Cabildo 555','San Salvador de Jujuy',16),(507,'Zaneta','Jest','10181803','1946-01-15','Cabildo 555','Capital Federal',1),(508,'Emmeline','Maudlen','44770080','2020-11-01','Mitre 89','Mendoza',7),(509,'Nyssa','Stares','33098301','1954-08-13','Mitre 89','La Rioja',13),(510,'Constantin','Blanchflower','22296151','1951-11-15','Mitre 89','General Roca',10),(511,'Alphard','Bridewell','13070330','1997-06-01','Cordoba 210','Villa Mercedes',6),(512,'Merridie','Garvin','27823728','1953-09-10','Mitre 89','Resistencia',20),(513,'Shelba','Kinch','32390962','1987-01-22','San Martin 123','Cordoba',4),(514,'Kain','Robertsen','31762978','1978-10-18','Cabildo 555','San Fernando del Valle',14),(515,'Delbert','Harme','24785917','1948-07-29','Montevideo 1377','General Roca',10),(516,'Florenza','Poley','42894805','1996-12-10','San Martin 123','La Plata',2),(517,'Wolfy','Dimanche','36432926','1991-05-23','Montevideo 1377','Cordoba',4),(518,'Harriette','Karpfen','11302881','2018-09-27','Rivadavia 678','Resistencia',20),(519,'Jenine','Manolov','11359202','1967-06-29','Independencia 45','Posadas',19),(520,'Alasdair','Skures','23234143','1967-11-18','Belgrano 45','La Banda',5),(521,'Dodie','Nerheny','17235535','1994-07-09','Independencia 45','Villa Mercedes',6),(522,'Giorgio','Whelpdale','41114086','2018-03-19','Colon 512','Formosa',21),(523,'Korry','Whitehall','23533550','2011-12-10','Cordoba 210','San Juan',8),(524,'Silvio','Dimitrov','16137951','1954-02-21','San Martin 123','Monte Caseros',18),(525,'Caddric','Beccera','28237725','1978-06-20','Cabildo 555','General Roca',10),(526,'Petrina','Cornehl','20879407','1971-12-31','Rivadavia 678','Mendoza',7),(527,'Maxy','Bonhan','36070342','1994-10-21','Mitre 89','Monte Caseros',18),(528,'Hazlett','Pesselt','44252320','2015-04-10','Colon 512','Parana',17),(529,'Graehme','Bank','19090408','1978-04-16','Sarmiento 34','Cordoba',4),(530,'Elton','Wilman','44040748','2007-09-21','San Martin 123','San Fernando del Valle',14),(531,'Tris','Leven','23499780','1962-08-18','Colon 512','Neuquen',11),(532,'Ilene','Loy','17696159','2012-07-08','Rivadavia 678','Posadas',19),(533,'Burg','Dudderidge','36578237','1968-12-26','Cordoba 210','General Roca',10),(534,'Ethelyn','Rounds','27932424','1984-02-23','Montevideo 1377','San Salvador de Jujuy',16),(535,'Forrest','Groll','34237761','1963-11-03','Cordoba 210','La Banda',5),(536,'Jsandye','McAtamney','11273758','1973-05-16','San Martin 123','San Fernando del Valle',14),(537,'Marti','Rhyme','30179015','1992-09-11','Sarmiento 34','Neuquen',11),(538,'Andonis','Vickors','42895268','2020-02-15','San Martin 123','Formosa',21),(539,'Gearard','Shoosmith','44409951','1970-02-26','Belgrano 45','Villa Mercedes',6),(540,'Stacia','Franses','24975980','1959-08-08','Cordoba 210','Posadas',19),(541,'Theodosia','Lochead','43538123','2019-07-01','Independencia 45','Posadas',19),(542,'Gisela','MacGibbon','21933082','1945-11-24','Uruguay 1345','Santa Rosa',9),(543,'Saidee','Eustis','15016606','1952-02-26','Sarmiento 34','La Rioja',13),(544,'Duffie','Lippatt','40603982','1985-07-31','Montevideo 1377','Formosa',21),(545,'Carleton','Enriques','10706740','2021-11-12','Montevideo 1377','Salta',15),(546,'Nettle','Carnew','30888664','1949-05-26','San Martin 123','San Juan',8),(547,'Chloe','Rimes','37216446','1962-09-18','Colon 512','Monte Caseros',18),(548,'Gertrud','Roelofs','33653050','2007-02-15','Independencia 45','La Banda',5),(549,'Celestina','Smowton','21147072','2021-07-18','Belgrano 45','Neuquen',11),(550,'Petr','Ropkes','17592206','2020-05-08','San Martin 123','Formosa',21),(551,'Felipa','Renackowna','37175988','2011-05-09','Cordoba 210','La Rioja',13),(552,'Nicola','Birchenhead','23855722','1967-11-06','Colon 512','Mendoza',7),(553,'Cooper','Leale','38224063','2025-03-17','Uruguay 1345','San Salvador de Jujuy',16),(554,'Dolli','Puckring','39379800','2001-09-30','Mitre 89','Neuquen',11),(555,'Dominica','Wooster','28072899','1972-03-23','Uruguay 1345','La Banda',5),(556,'Oralee','Oggers','35748725','2014-05-12','Cabildo 555','La Plata',2),(557,'Lurleen','Chesnut','12756452','2016-09-17','San Martin 123','Neuquen',11),(558,'Gnni','McLagan','24247526','1983-09-16','Rivadavia 678','Monte Caseros',18),(559,'Eveleen','Jedraszczyk','42795630','1969-02-24','Cordoba 210','Parana',17),(560,'Oralle','Sharratt','35426497','1969-04-05','Rivadavia 678','Rosario',3),(561,'Myrta','Reinhart','15318712','1953-11-14','Uruguay 1345','San Miguel de Tucuman',12),(562,'Maddy','Marcoolyn','24269263','1974-12-02','Independencia 45','Villa Mercedes',6),(563,'Maison','Hansill','44833693','1945-06-12','Sarmiento 34','Monte Caseros',18),(564,'Boycey','Jedrych','29028726','1969-04-22','Colon 512','Neuquen',11),(565,'Vanya','Tippetts','32568780','2018-10-06','Independencia 45','Neuquen',11),(566,'Bogey','Olden','31807115','2009-04-10','Cabildo 555','San Miguel de Tucuman',12),(567,'Sarina','Elcoux','29246602','1965-08-11','Mitre 89','La Rioja',13),(568,'Kerrill','Dundin','42211313','2017-04-22','Belgrano 45','Capital Federal',1),(569,'Peyton','Kryska','22517767','1987-12-03','Colon 512','La Rioja',13),(570,'Reyna','Ugoletti','26923649','1985-09-22','Belgrano 45','Posadas',19),(571,'Emmye','Youings','12273735','2022-01-01','Cordoba 210','General Roca',10),(572,'Erie','Kennea','30718786','1949-02-24','Cabildo 555','Salta',15),(573,'Kayle','Kiddle','10222409','2015-08-08','Rivadavia 678','Capital Federal',1),(574,'Bili','Petera','11382446','1990-05-16','Sarmiento 34','Monte Caseros',18),(575,'Consuelo','Elmes','25890807','1973-06-13','Rivadavia 678','Cordoba',4),(576,'Pauline','Snelling','17220434','1953-10-17','Colon 512','Parana',17),(577,'Viki','Suatt','32902273','2012-03-13','Mitre 89','San Fernando del Valle',14),(578,'Aylmer','Tomblett','32933764','1983-07-14','Cordoba 210','San Juan',8),(579,'Early','Cowcha','44503534','1994-10-29','Colon 512','San Fernando del Valle',14),(580,'Lutero','Isherwood','19162831','2016-05-15','Belgrano 45','San Fernando del Valle',14),(581,'Minna','Leve','40430338','1960-02-29','Montevideo 1377','San Fernando del Valle',14),(582,'Fulton','Osborn','22947860','1966-08-10','Cabildo 555','Salta',15),(583,'Karlan','Gregor','31468431','2023-02-26','Mitre 89','La Rioja',13),(584,'Philippe','Layton','44847136','1988-08-02','Cabildo 555','Cordoba',4),(585,'Trisha','Cleary','31514939','1994-02-10','Sarmiento 34','La Banda',5),(586,'Gibbie','Chatenet','16248556','1976-02-26','Sarmiento 34','Salta',15),(587,'Gearalt','Spykings','14505372','2020-02-04','Colon 512','General Roca',10),(588,'Estell','Linturn','18619853','2025-02-28','Cordoba 210','Monte Caseros',18),(589,'Brigid','Zanazzi','28712096','1946-02-27','Rivadavia 678','Capital Federal',1),(590,'Kerry','Heditch','38865152','2018-03-13','San Martin 123','Formosa',21),(591,'Hedvige','Roath','16557495','1954-02-09','San Martin 123','Rosario',3),(592,'Sibel','Nickoll','39089633','1956-07-05','Sarmiento 34','Cordoba',4),(593,'Gerrie','Avis','42153068','1973-07-27','Belgrano 45','Formosa',21),(594,'Dean','Pinard','22086927','2019-07-28','Cabildo 555','Salta',15),(595,'Becki','Pennetta','30099776','2014-10-30','Mitre 89','San Juan',8),(596,'Flemming','Drohan','32615108','1956-02-19','Uruguay 1345','Mendoza',7),(597,'Maris','Wyldbore','29632420','1957-05-26','Cordoba 210','Monte Caseros',18),(598,'Marmaduke','Stump','12693356','1996-10-11','Independencia 45','San Juan',8),(599,'Immanuel','Harrowsmith','37357254','1965-04-27','San Martin 123','Neuquen',11),(600,'Catharine','Schowenburg','38166203','1949-03-02','Sarmiento 34','Mendoza',7),(601,'Obadiah','Sallinger','38751606','1951-12-03','Uruguay 1345','Mendoza',7),(602,'Armand','Pencott','26838806','1987-07-31','Rivadavia 678','Cordoba',4),(603,'Torr','Pywell','31566952','1985-03-25','Uruguay 1345','Rosario',3),(604,'Brunhilda','Docherty','22614924','2022-05-16','Cordoba 210','General Roca',10),(605,'Elsa','Aleso','27085459','1973-04-21','Cabildo 555','La Plata',2),(606,'Bearnard','MacCallam','40029139','1964-06-19','Cordoba 210','Santa Rosa',9),(607,'Wyn','Reeson','32333484','2005-06-16','Uruguay 1345','Posadas',19),(608,'Grier','Yann','10765415','1966-02-09','San Martin 123','Formosa',21),(609,'Toddy','McTeggart','31085683','1977-04-11','Cordoba 210','Neuquen',11),(610,'Dix','Scrange','38833912','2007-08-27','Mitre 89','Posadas',19),(611,'Warde','Perigeaux','21454563','2025-09-11','Sarmiento 34','Parana',17),(612,'Ash','Crebo','30691596','1968-01-17','Cabildo 555','Mendoza',7),(613,'Phebe','Ausiello','43644434','1990-03-31','Mitre 89','San Salvador de Jujuy',16),(614,'Michel','Dobrowolny','24065025','2015-12-30','Cabildo 555','Resistencia',20),(615,'Moishe','MacGiany','32712929','1967-11-24','Mitre 89','Santa Rosa',9),(616,'Candida','Nansom','41814467','2016-11-03','Belgrano 45','Villa Mercedes',6),(617,'Betsey','Penhall','30967273','2019-08-16','Rivadavia 678','Villa Mercedes',6),(618,'Gregorius','Greschke','14122489','1962-06-04','Rivadavia 678','Monte Caseros',18),(619,'Amy','Ambrosio','35804727','1995-11-17','Cabildo 555','San Miguel de Tucuman',12),(620,'Elfrida','Semens','19180137','1948-09-18','Rivadavia 678','Mendoza',7),(621,'Kerri','Lynch','26936850','1958-09-09','Sarmiento 34','Santa Rosa',9),(622,'Hattie','Clouston','15502146','1995-12-25','Mitre 89','Mendoza',7),(623,'Mackenzie','Marcussen','33480043','1992-10-25','Colon 512','General Roca',10),(624,'Janessa','Paulon','31113436','1966-10-08','Sarmiento 34','San Salvador de Jujuy',16),(625,'Ranna','Pouck','28285045','1950-09-04','Independencia 45','Rosario',3),(626,'Bendix','Domican','30978770','1951-04-19','Rivadavia 678','Villa Mercedes',6),(627,'Helena','Shillabeer','39417551','2004-08-27','San Martin 123','Resistencia',20),(628,'Joshia','Neiland','36473299','1957-11-13','Uruguay 1345','San Fernando del Valle',14),(629,'Adelice','Mac Giany','14752537','1974-02-05','Belgrano 45','La Banda',5),(630,'Susette','Glusby','14575377','1989-06-05','Cordoba 210','Villa Mercedes',6),(631,'Cindee','Gopsill','24396243','2001-01-07','Cabildo 555','Posadas',19),(632,'Maurine','Bellino','11902572','1947-03-16','Colon 512','Parana',17),(633,'Waverley','Snawdon','16137958','2002-03-20','Sarmiento 34','General Roca',10),(634,'Perren','Rannells','25708025','1945-12-08','Uruguay 1345','Parana',17),(635,'Jeanette','Langdale','38627698','1994-02-23','Independencia 45','Formosa',21),(636,'Emlynne','Keble','14205635','2005-06-06','Rivadavia 678','La Rioja',13),(637,'Lou','Labusch','28440445','2015-03-31','Sarmiento 34','Neuquen',11),(638,'Tisha','Lampke','38573076','2012-06-21','Montevideo 1377','Rosario',3),(639,'Albina','Hardaker','42943620','1991-07-14','Montevideo 1377','Santa Rosa',9),(640,'Vilma','Gourlay','28845081','1995-03-08','Rivadavia 678','General Roca',10),(641,'Eve','Hollingsby','38433134','2020-04-06','Rivadavia 678','San Fernando del Valle',14),(642,'Carena','Legon','24659272','1951-11-16','Sarmiento 34','La Banda',5),(643,'Georg','O\'Lyhane','19851120','1947-06-22','Montevideo 1377','San Fernando del Valle',14),(644,'Noell','Harnett','22905201','1965-04-11','Sarmiento 34','La Rioja',13),(645,'Clemmie','Norcliff','31064487','1996-05-27','Cabildo 555','Capital Federal',1),(646,'Xena','Scare','38306102','2011-08-05','Belgrano 45','Parana',17),(647,'Kinna','Woodcraft','13768296','2015-02-27','Uruguay 1345','Formosa',21),(648,'Malvina','Brister','21802780','1975-04-05','Belgrano 45','Monte Caseros',18),(649,'Adriane','Markham','30066695','2004-03-25','San Martin 123','Villa Mercedes',6),(650,'Reyna','Mattimoe','29448870','2002-03-22','Cabildo 555','San Miguel de Tucuman',12),(651,'Vito','Gribble','20109178','1966-12-13','Uruguay 1345','San Miguel de Tucuman',12),(652,'Stesha','Sudddard','30690421','2005-04-18','Independencia 45','Rosario',3),(653,'Urbano','Rixon','23041082','1971-07-21','Cordoba 210','Parana',17),(654,'Lindsy','Zincke','37117063','1965-06-03','Uruguay 1345','Rosario',3),(655,'Jerrine','Fleis','10492082','1961-10-01','Cabildo 555','Villa Mercedes',6),(656,'Rozina','Eborn','11372635','1994-01-18','San Martin 123','Resistencia',20),(657,'Uriah','Rosendall','39680697','1988-04-14','Rivadavia 678','Santa Rosa',9),(658,'Tallulah','Richemont','33077145','2021-06-05','Mitre 89','Monte Caseros',18),(659,'Anthia','Walliker','42166903','1955-02-10','Colon 512','San Salvador de Jujuy',16),(660,'Rosalie','Brigginshaw','12306052','1981-04-09','Montevideo 1377','Cordoba',4),(661,'Vivianna','Saldler','26710461','1955-10-08','Rivadavia 678','San Miguel de Tucuman',12),(662,'Ferris','Thal','16763542','2018-11-09','Sarmiento 34','La Banda',5),(663,'Tiffie','Fuente','41920499','2024-08-18','San Martin 123','Resistencia',20),(664,'Luke','Rookledge','39406421','2023-02-17','Independencia 45','Santa Rosa',9),(665,'Justis','Iacovucci','40473949','1987-01-03','San Martin 123','Capital Federal',1),(666,'Lorri','Mendus','11923054','2019-04-06','Mitre 89','Monte Caseros',18),(667,'Ellerey','Pengilley','15633334','2009-02-04','Mitre 89','La Plata',2),(668,'Slade','Trenchard','38543744','2020-06-13','Rivadavia 678','San Fernando del Valle',14),(669,'Veriee','Terrell','13907411','1997-04-28','Uruguay 1345','Posadas',19),(670,'Mariel','Sowersby','36437387','2005-01-13','Uruguay 1345','San Fernando del Valle',14),(671,'Timmy','Laingmaid','18449022','1951-09-07','Belgrano 45','Neuquen',11),(672,'Riccardo','McMakin','17372512','1950-02-24','San Martin 123','La Banda',5),(673,'Sanderson','Bontine','16729294','1962-04-07','Uruguay 1345','Parana',17),(674,'Winston','Spino','23687891','2000-12-14','Cabildo 555','Monte Caseros',18),(675,'Adrian','Dowe','29656435','2017-02-19','Uruguay 1345','Mendoza',7),(676,'Tina','Bice','34244314','1976-01-02','Colon 512','Neuquen',11),(677,'Agna','Tippell','40738585','2021-09-13','Uruguay 1345','Rosario',3),(678,'Maude','Brooke','39182892','2016-08-06','Rivadavia 678','Resistencia',20),(679,'Adlai','Sketcher','23943711','1994-12-17','Rivadavia 678','Cordoba',4),(680,'Lil','MacIan','27745827','1988-01-12','Belgrano 45','Resistencia',20),(681,'Madelene','Novello','15824515','2021-08-24','Uruguay 1345','Formosa',21),(682,'Luce','Mullins','18635395','2004-06-18','Montevideo 1377','San Juan',8),(683,'Isabella','Plowright','17709885','1973-05-01','Independencia 45','San Salvador de Jujuy',16),(684,'Matteo','Hadlow','10015924','2007-11-22','Rivadavia 678','La Rioja',13),(685,'Bernelle','Dunks','34982453','1971-12-05','Rivadavia 678','Salta',15),(686,'Binny','Fellow','33345547','1956-11-23','Cordoba 210','Monte Caseros',18),(687,'Daniela','Webermann','37038445','1971-08-27','Belgrano 45','Capital Federal',1),(688,'Any','Fooks','14773080','2021-02-15','San Martin 123','Cordoba',4),(689,'Felice','Skottle','22890221','1993-07-14','Colon 512','Monte Caseros',18),(690,'Waldo','Spradbrow','33002887','1987-11-18','Cabildo 555','San Juan',8),(691,'Yale','Kennelly','15941097','1961-03-21','Colon 512','Mendoza',7),(692,'Isidora','Frontczak','40411125','1969-04-29','Montevideo 1377','General Roca',10),(693,'Carling','Dutteridge','24643284','1947-10-29','Cordoba 210','Parana',17),(694,'Myrlene','Boughtwood','15275440','2005-05-26','San Martin 123','Monte Caseros',18),(695,'Greta','Tumasian','23751285','1995-12-24','Cordoba 210','Mendoza',7),(696,'Dasya','Bonsul','12007848','1955-01-20','San Martin 123','Santa Rosa',9),(697,'Bartholomeo','Considine','33116248','2012-08-17','Colon 512','Capital Federal',1),(698,'Cornela','Robertsson','24171344','1967-04-05','Uruguay 1345','Posadas',19),(699,'Nydia','Winstanley','43643306','1988-07-05','Independencia 45','Santa Rosa',9),(700,'Bent','Vasyutochkin','29909792','1954-09-21','Belgrano 45','La Banda',5),(701,'Freeman','Blare','11245749','1958-01-09','Rivadavia 678','Mendoza',7),(702,'Noemi','Rowlson','12115849','1958-10-04','Montevideo 1377','Rosario',3),(703,'Adorne','Have','38121248','1978-01-31','Mitre 89','Cordoba',4),(704,'Lauraine','Durnian','10142784','2003-03-30','Mitre 89','San Fernando del Valle',14),(705,'Kathlin','Jowitt','42179231','2005-02-09','Cordoba 210','Capital Federal',1),(706,'Aliza','Thorneley','16565851','1976-04-23','Mitre 89','La Banda',5),(707,'Desiree','Pettegre','10273308','2012-11-26','Cabildo 555','San Salvador de Jujuy',16),(708,'Yardley','Koppens','43283877','1976-07-22','Mitre 89','San Juan',8),(709,'Jeffie','Klimkiewich','38611928','1962-04-16','Montevideo 1377','Cordoba',4),(710,'Ricky','Raftery','19328191','2003-10-13','Sarmiento 34','Santa Rosa',9),(711,'Debbie','Waggett','43670083','1986-04-17','Sarmiento 34','La Banda',5),(712,'Robyn','Shepcutt','36027675','1990-06-23','Colon 512','Rosario',3),(713,'Xymenes','Hagley','35732085','2019-03-20','Montevideo 1377','Salta',15),(714,'Ofilia','Ovey','33163302','2008-11-10','Montevideo 1377','San Miguel de Tucuman',12),(715,'Cosmo','Matijasevic','21648295','1966-09-03','Rivadavia 678','San Salvador de Jujuy',16),(716,'Joane','Anstiss','41182651','2015-10-04','Colon 512','Capital Federal',1),(717,'Mayer','Vizor','17040497','1967-09-08','Independencia 45','Capital Federal',1),(718,'Pamela','Scranedge','23346205','1947-12-28','Cordoba 210','Formosa',21),(719,'Lorenzo','Roblett','10846991','1986-07-14','Cordoba 210','Rosario',3),(720,'Rodolphe','Willingham','17165155','1963-03-07','Colon 512','La Banda',5),(721,'Nestor','Jouannisson','41677366','1965-09-21','Colon 512','Rosario',3),(722,'Adelind','Petschelt','14477169','2014-04-18','Mitre 89','Mendoza',7),(723,'Creighton','Blewmen','29698856','2023-07-30','Independencia 45','General Roca',10),(724,'Care','Chugg','13542155','1959-05-19','Montevideo 1377','Rosario',3),(725,'Gayelord','Kundert','42909298','1960-10-26','Mitre 89','Monte Caseros',18),(726,'Tatiania','Hullock','36259951','1995-09-20','Belgrano 45','Neuquen',11),(727,'Reece','Kayser','30760014','1994-04-12','Montevideo 1377','San Salvador de Jujuy',16),(728,'Addy','Rousel','13689886','1972-07-19','Uruguay 1345','Rosario',3),(729,'Armand','Rydzynski','27744057','1998-12-21','Cordoba 210','Capital Federal',1),(730,'Wildon','Kneesha','34065387','2023-12-11','Cordoba 210','La Rioja',13),(731,'Crysta','Izzard','24452264','1945-08-03','Montevideo 1377','San Fernando del Valle',14),(732,'Sigismondo','Dossettor','29437988','2011-11-12','Montevideo 1377','San Fernando del Valle',14),(733,'Lacie','Devers','41135714','1954-08-24','Belgrano 45','Parana',17),(734,'Teirtza','Scamerdine','15556274','2018-07-12','Sarmiento 34','Villa Mercedes',6),(735,'Chan','Archibould','18900066','2001-03-28','Cabildo 555','Cordoba',4),(736,'Isidor','Vasler','20893025','2001-09-08','Montevideo 1377','Capital Federal',1),(737,'Nicolas','O\'Regan','10116305','1995-01-11','Independencia 45','La Plata',2),(738,'Maurise','Allom','12458437','2004-11-25','San Martin 123','Villa Mercedes',6),(739,'Iosep','Sail','34732710','1965-08-06','Cabildo 555','Posadas',19),(740,'Bettine','Croney','18544233','1991-06-08','Colon 512','Neuquen',11),(741,'Lise','Stefi','21169020','1967-07-20','Mitre 89','Formosa',21),(742,'Giusto','Ralfe','22988330','1975-08-06','Rivadavia 678','Parana',17),(743,'Arturo','Gurge','19650140','1968-10-11','Rivadavia 678','Formosa',21),(744,'Janie','Brader','13305521','1968-03-23','Mitre 89','Santa Rosa',9),(745,'Gabriell','Yakov','20943603','1976-07-29','Rivadavia 678','Neuquen',11),(746,'Gayla','Desquesnes','20201849','1985-09-12','Belgrano 45','Neuquen',11),(747,'Miguelita','Cornfield','20859165','2001-03-11','Independencia 45','Neuquen',11),(748,'Camala','Dailey','22382922','1995-04-20','Montevideo 1377','Villa Mercedes',6),(749,'Gui','Mazin','34567724','1954-10-10','Sarmiento 34','Resistencia',20),(750,'Pierrette','Bortolutti','42972441','1963-03-27','Rivadavia 678','La Banda',5),(751,'Deane','Atheis','23341589','1970-02-11','Independencia 45','Cordoba',4),(752,'Eduino','Wellbeloved','32073138','2023-01-30','Colon 512','Villa Mercedes',6),(753,'Raynor','Tinwell','32705360','2022-04-24','Cabildo 555','Mendoza',7),(754,'Georgetta','Gonet','14785067','2024-03-06','Belgrano 45','Posadas',19),(755,'Etti','Lowey','37619207','1948-05-10','Uruguay 1345','Formosa',21),(756,'Farr','Rydings','34711051','1972-10-24','Mitre 89','Santa Rosa',9),(757,'Osbert','Degan','31573851','2017-03-02','San Martin 123','Villa Mercedes',6),(758,'Shaun','Drayton','25259254','2023-09-19','Sarmiento 34','Parana',17),(759,'Elwyn','Harback','31911980','1951-04-16','Sarmiento 34','Posadas',19),(760,'Alexis','Boleyn','29093474','1949-02-11','Belgrano 45','Neuquen',11),(761,'Angelika','Rushford','10950126','2012-04-20','Cordoba 210','General Roca',10),(762,'Wally','Kinchlea','11754714','1982-06-11','Uruguay 1345','Cordoba',4),(763,'Keeley','Clemmett','12142937','1977-06-05','Rivadavia 678','Resistencia',20),(764,'Howard','Sille','13033189','2018-08-13','Cabildo 555','La Plata',2),(765,'Johnath','Epton','38281645','1959-08-19','Colon 512','La Rioja',13),(766,'Birch','Kardos-Stowe','16073484','2008-12-22','Colon 512','Santa Rosa',9),(767,'Kaela','Greendale','19559437','2006-12-14','Mitre 89','Salta',15),(768,'Kyle','Schneidar','18552891','1945-10-04','San Martin 123','Mendoza',7),(769,'Reagen','Greedier','29888501','2005-03-11','Uruguay 1345','La Banda',5),(770,'Sherline','Halt','27352782','1987-04-04','Cordoba 210','La Plata',2),(771,'Denys','Bleazard','29593485','1972-10-06','San Martin 123','San Salvador de Jujuy',16),(772,'Cati','Zambonini','16368087','1992-02-17','San Martin 123','Resistencia',20),(773,'Mead','Varnes','24072868','1964-10-01','Belgrano 45','Resistencia',20),(774,'Grantley','Dreus','19038555','2008-06-20','Montevideo 1377','Posadas',19),(775,'Bruno','MacGilmartin','17526893','2016-02-27','Uruguay 1345','San Miguel de Tucuman',12),(776,'Aimee','Gehrels','35348519','1993-01-01','San Martin 123','Cordoba',4),(777,'Danielle','Healings','10878079','2020-12-31','Rivadavia 678','Mendoza',7),(778,'Armstrong','Kann','14812405','1957-06-02','Independencia 45','Monte Caseros',18),(779,'Sebastiano','Guinane','36773661','2009-07-16','Uruguay 1345','Monte Caseros',18),(780,'Cinderella','Fillgate','18389903','1952-05-17','Cabildo 555','La Rioja',13),(781,'Barry','de Savery','44472722','2017-05-22','Uruguay 1345','Salta',15),(782,'Freeman','Clemente','17032857','1962-02-09','Sarmiento 34','Formosa',21),(783,'Burton','Brinded','31927913','1976-12-22','Belgrano 45','Posadas',19),(784,'Bobby','Kullmann','13395735','2022-01-12','Uruguay 1345','Rosario',3),(785,'Jaquelin','Obert','14772815','1963-03-23','Independencia 45','Neuquen',11),(786,'Car','Hewes','38328221','1952-04-26','Independencia 45','Rosario',3),(787,'Jasmin','Pedycan','44551447','2003-03-01','Colon 512','La Banda',5),(788,'Ernst','Timmermann','13271320','1985-03-09','Sarmiento 34','Monte Caseros',18),(789,'Ingunna','Bradmore','31702724','2023-03-09','Independencia 45','Cordoba',4),(790,'Michaela','Deny','29893306','1945-09-14','Sarmiento 34','Capital Federal',1),(791,'Delilah','Devil','38050441','1973-09-19','Independencia 45','San Miguel de Tucuman',12),(792,'Hogan','Graine','15232281','1982-08-16','Montevideo 1377','Santa Rosa',9),(793,'Em','Hazlehurst','17499980','1985-08-14','Sarmiento 34','Neuquen',11),(794,'Alena','McRorie','35180266','1954-10-04','Rivadavia 678','Formosa',21),(795,'Silvain','Dodridge','16040147','1967-08-22','Cabildo 555','Santa Rosa',9),(796,'Joete','Ofield','19947761','1967-05-16','Belgrano 45','San Miguel de Tucuman',12),(797,'Odele','Drynan','14910933','1981-02-16','Uruguay 1345','La Plata',2),(798,'Rosanna','Peddersen','39703979','2015-04-30','Uruguay 1345','Cordoba',4),(799,'Augustus','Peasey','17190777','2015-02-13','Cabildo 555','Capital Federal',1),(800,'Reilly','Jaksic','28913747','2018-06-20','Independencia 45','Monte Caseros',18),(801,'Jacinda','Mallinson','13379646','2024-01-01','Belgrano 45','Villa Mercedes',6),(802,'Barb','Ravenshear','43410097','2020-06-01','Cordoba 210','Resistencia',20),(803,'Greg','Gladhill','19990693','2023-02-09','Cordoba 210','Mendoza',7),(804,'Jeanna','Burgott','13840011','2010-06-22','Cabildo 555','La Rioja',13),(805,'Yvor','Crone','19587403','1990-04-01','Cordoba 210','La Plata',2),(806,'Alfy','Vitet','15887830','1948-04-24','Independencia 45','Posadas',19),(807,'Cordi','Petrussi','12819676','1997-12-25','San Martin 123','La Rioja',13),(808,'Alyson','Verissimo','21476921','2017-08-29','Mitre 89','San Fernando del Valle',14),(809,'Antons','MacCart','30980894','1945-06-05','Belgrano 45','Mendoza',7),(810,'Evey','Ventum','19839523','1946-02-20','San Martin 123','San Miguel de Tucuman',12),(811,'Chrisy','Kerman','11887445','1995-12-22','Belgrano 45','General Roca',10),(812,'Wells','Drinkale','39356925','1989-07-11','Montevideo 1377','Santa Rosa',9),(813,'Thea','Covolini','22038295','1962-04-18','Montevideo 1377','Rosario',3),(814,'Martguerita','Bende','24374846','1957-06-08','Cordoba 210','Capital Federal',1),(815,'Verina','Thew','16341217','2000-05-16','Uruguay 1345','San Juan',8),(816,'Tomasina','Blainey','13962362','1975-05-28','Independencia 45','Monte Caseros',18),(817,'Gerardo','Draysey','32255029','2008-02-22','Montevideo 1377','San Juan',8),(818,'Franky','Lesslie','20684573','1982-10-18','Uruguay 1345','La Rioja',13),(819,'Susan','Leaning','36112287','1995-05-19','Sarmiento 34','La Plata',2),(820,'Ringo','Gamage','30460041','1950-09-02','Sarmiento 34','Santa Rosa',9),(821,'Stanford','Wintour','14346910','2010-04-17','Independencia 45','La Rioja',13),(822,'Miquela','Rodders','34625996','1979-03-03','Colon 512','Cordoba',4),(823,'Rozina','Cressey','43692459','2003-03-01','Uruguay 1345','La Rioja',13),(824,'Brande','Shortcliffe','19418612','1968-06-16','Cabildo 555','La Plata',2),(825,'Merrili','Marsden','41570263','2007-08-17','Independencia 45','San Salvador de Jujuy',16),(826,'Justine','Hakonsson','33557115','2003-07-13','Sarmiento 34','San Juan',8),(827,'Jaquelyn','Lumsdale','29802372','1952-10-06','Mitre 89','Cordoba',4),(828,'Belva','Tamsett','40469330','1952-09-02','Cabildo 555','Mendoza',7),(829,'Dixie','Master','33925299','2016-08-28','Sarmiento 34','Mendoza',7),(830,'Bobbe','Batie','42192331','1997-03-05','Cordoba 210','San Fernando del Valle',14),(831,'Katalin','Nolda','12678557','1970-05-15','Colon 512','Santa Rosa',9),(832,'Travers','Helks','18943853','1981-03-20','Cordoba 210','Resistencia',20),(833,'Hazlett','Belson','33064460','2024-11-30','Belgrano 45','La Plata',2),(834,'Adaline','Paulson','38686168','2021-08-26','Belgrano 45','San Salvador de Jujuy',16),(835,'Robinett','Burney','11688192','1959-05-26','Independencia 45','Capital Federal',1),(836,'Sunshine','Calvert','33163262','1955-01-16','Montevideo 1377','Villa Mercedes',6),(837,'Caye','Miebes','41778485','1962-04-07','Sarmiento 34','San Miguel de Tucuman',12),(838,'Benedikta','Schultze','15431426','1945-09-19','Montevideo 1377','Neuquen',11),(839,'Jacinthe','Kingscote','13412036','1987-01-11','Independencia 45','Mendoza',7),(840,'Manolo','Bolland','35400352','2006-10-29','Sarmiento 34','La Rioja',13),(841,'Angelo','Poynser','16570451','2020-06-11','Independencia 45','General Roca',10),(842,'Ada','Gibben','39394136','1957-01-02','Belgrano 45','La Rioja',13),(843,'Tybalt','Barneveld','24689348','1989-09-06','Independencia 45','Santa Rosa',9),(844,'Karen','Lamey','41079090','1970-02-15','Montevideo 1377','Villa Mercedes',6),(845,'Conny','Danilovich','32005888','1960-09-09','San Martin 123','La Rioja',13),(846,'Dara','Rickword','17828078','1963-05-31','Belgrano 45','La Plata',2),(847,'Adorne','Pinnegar','14222186','1963-05-23','Sarmiento 34','San Juan',8),(848,'Janeva','Merrgan','28588269','1985-08-08','Mitre 89','La Plata',2),(849,'Paco','d\'Arcy','40624971','1957-07-10','Montevideo 1377','Rosario',3),(850,'Susanna','Domnin','11680864','1980-05-31','Cabildo 555','Neuquen',11),(851,'Glenden','Bartosiak','23965992','2002-10-08','San Martin 123','Rosario',3),(852,'Edith','Flexman','41249518','1999-07-10','Mitre 89','La Rioja',13),(853,'Teirtza','Boddy','11094134','1966-07-20','Colon 512','San Juan',8),(854,'Yoshiko','Overton','24250727','2009-03-18','Cabildo 555','Posadas',19),(855,'Murray','Ellens','17243370','2012-11-30','Mitre 89','Capital Federal',1),(856,'Blair','Larvin','22463922','1978-07-27','Cordoba 210','Formosa',21),(857,'Leupold','Garett','16893229','2019-12-25','Colon 512','Monte Caseros',18),(858,'Collen','Fechnie','40723011','2021-06-02','Montevideo 1377','Neuquen',11),(859,'Lou','Herion','34057708','1989-12-29','Montevideo 1377','Monte Caseros',18),(860,'Nata','Dows','29876015','1973-08-09','Belgrano 45','Resistencia',20),(861,'Jeddy','McDonough','19204606','1969-04-24','Belgrano 45','Santa Rosa',9),(862,'Ruth','Jorden','30003148','1992-05-21','Cordoba 210','Cordoba',4),(863,'Aurora','Kerrich','24939529','1969-09-07','Rivadavia 678','San Salvador de Jujuy',16),(864,'Herman','Cloughton','36876849','1998-08-22','Sarmiento 34','San Juan',8),(865,'Gusti','Enderwick','19758650','1950-06-20','Cabildo 555','Cordoba',4),(866,'Gregory','Houdhury','14296342','2015-07-11','Independencia 45','Santa Rosa',9),(867,'Blake','Philipp','22566595','2014-11-20','Independencia 45','Formosa',21),(868,'Germain','Shenley','15499501','1995-12-17','San Martin 123','La Rioja',13),(869,'Richmound','True','43273863','2019-07-15','Colon 512','Parana',17),(870,'Heidi','Seefus','19754803','1961-12-21','Rivadavia 678','San Miguel de Tucuman',12),(871,'Tabbi','MacKaig','23567446','2023-09-05','Sarmiento 34','Capital Federal',1),(872,'Willabella','Eadmeades','23652141','1997-05-15','Sarmiento 34','Rosario',3),(873,'Tab','Dornin','10908096','1955-04-11','Rivadavia 678','Santa Rosa',9),(874,'Sherry','Dainton','22620549','2024-02-25','Cordoba 210','Resistencia',20),(875,'Clarke','Terzi','39720312','2006-01-31','Uruguay 1345','Monte Caseros',18),(876,'Mason','Veitch','35309089','1989-05-21','Sarmiento 34','Monte Caseros',18),(877,'Florencia','Levicount','10663515','1960-08-26','Colon 512','Formosa',21),(878,'Spike','Thackwray','10550724','1975-04-02','Mitre 89','San Miguel de Tucuman',12),(879,'Selby','Dabels','25514369','2014-11-18','Mitre 89','General Roca',10),(880,'Kingsly','Gilmartin','14118585','1976-09-07','Rivadavia 678','Resistencia',20),(881,'Cordi','Glass','18898952','1981-10-31','Mitre 89','San Juan',8),(882,'Coleman','Rzehor','16509430','2000-02-04','Cabildo 555','San Miguel de Tucuman',12),(883,'Glad','Downes','23588305','2003-05-22','San Martin 123','San Miguel de Tucuman',12),(884,'Westleigh','Tulloch','13980940','1981-12-15','Colon 512','Posadas',19),(885,'Joyous','Eliyahu','42383292','2018-03-04','Rivadavia 678','Resistencia',20),(886,'Dulcine','Shemilt','13714387','1978-02-27','Rivadavia 678','San Fernando del Valle',14),(887,'Cherrita','Coyte','24244852','1980-09-23','Belgrano 45','San Miguel de Tucuman',12),(888,'Maurie','Wimlet','27151702','1983-03-13','Colon 512','Capital Federal',1),(889,'Nan','Pilling','42219027','1987-07-07','Uruguay 1345','Posadas',19),(890,'Saraann','Antonik','22999438','2023-06-15','Cabildo 555','Salta',15),(891,'Tiff','Piddletown','25691053','2012-09-08','Rivadavia 678','Santa Rosa',9),(892,'Suzanna','Ready','25936816','1979-08-05','Sarmiento 34','General Roca',10),(893,'Guillermo','Eaden','42783620','2007-12-19','Cabildo 555','Mendoza',7),(894,'Ailbert','Stubbe','16430506','1953-08-26','Belgrano 45','San Salvador de Jujuy',16),(895,'Jared','Benoix','15748267','1993-03-21','Belgrano 45','La Banda',5),(896,'Kali','Surgey','39378031','2007-09-09','Sarmiento 34','San Miguel de Tucuman',12),(897,'Myrtle','Wikey','22508703','2017-09-29','Independencia 45','San Juan',8),(898,'Felicity','Leghorn','31973957','2016-11-15','Cordoba 210','Parana',17),(899,'Zoe','Cogle','32742804','1986-06-24','San Martin 123','San Salvador de Jujuy',16),(900,'Loydie','Ordish','23192617','1965-08-29','Mitre 89','Salta',15),(901,'Mikaela','Jewitt','18122485','2014-02-27','Belgrano 45','Neuquen',11),(902,'Reinold','Mullin','16255770','1958-12-08','Mitre 89','Capital Federal',1),(903,'Micki','Ayres','33543143','1980-06-20','Mitre 89','Cordoba',4),(904,'Dareen','Clive','11877783','1949-04-14','Colon 512','Capital Federal',1),(905,'Rory','Cowpe','32064072','1980-09-01','San Martin 123','Resistencia',20),(906,'Kikelia','Allsopp','38575692','2014-05-03','Uruguay 1345','Posadas',19),(907,'Damian','Drayn','33318101','2016-10-16','Cordoba 210','Parana',17),(908,'Kimmy','Crangle','16611719','2001-03-29','Cabildo 555','Santa Rosa',9),(909,'Veriee','Free','23913984','1964-10-30','Colon 512','Mendoza',7),(910,'Timofei','Lethbury','22398435','1998-02-25','Rivadavia 678','Santa Rosa',9),(911,'Gregorio','Shrimpling','41988769','2018-06-23','Mitre 89','Posadas',19),(912,'Melanie','Sawden','15642181','1955-09-04','Cordoba 210','San Fernando del Valle',14),(913,'Kandy','Gligori','32553702','1988-04-23','Sarmiento 34','Rosario',3),(914,'Ken','Rosi','35245191','2022-05-04','Uruguay 1345','Monte Caseros',18),(915,'Ellen','Adamsson','26900913','1978-05-30','Cabildo 555','General Roca',10),(916,'Svend','Rizzardo','16176495','1965-10-23','San Martin 123','Monte Caseros',18),(917,'Bondon','Ashbridge','30578168','1957-12-08','San Martin 123','San Juan',8),(918,'Stanford','Idel','10647055','2000-04-25','Mitre 89','Resistencia',20),(919,'Onfroi','Grunwald','25269547','1988-06-05','San Martin 123','General Roca',10),(920,'Koral','Tenney','25183076','1997-07-07','Belgrano 45','San Miguel de Tucuman',12),(921,'Elizabeth','Phillipson','33024074','1947-12-31','Uruguay 1345','Resistencia',20),(922,'Emlynn','Barajas','34433967','1957-09-10','Mitre 89','Capital Federal',1),(923,'Hammad','Letford','22490310','1999-01-29','Mitre 89','Mendoza',7),(924,'Aldis','O\'Cullinane','36121039','1967-09-16','Rivadavia 678','General Roca',10),(925,'Laurel','Skerman','11080435','2024-05-16','Independencia 45','San Salvador de Jujuy',16),(926,'Layla','Rude','33123757','1961-09-10','Rivadavia 678','Resistencia',20),(927,'Clifford','Whiteside','14047573','1969-10-24','Rivadavia 678','Cordoba',4),(928,'Hamlen','Gilchriest','18097287','2024-09-27','Cordoba 210','La Plata',2),(929,'Arlena','Nansom','37700489','2022-03-03','Cordoba 210','Salta',15),(930,'Tarrah','Gauchier','28539247','1967-08-10','Cordoba 210','Salta',15),(931,'Drona','Alastair','12416113','2013-02-13','Mitre 89','La Rioja',13),(932,'Marjory','McAnalley','35792622','2025-05-30','Colon 512','Formosa',21),(933,'Terrye','Lowmass','21974915','1991-03-23','Colon 512','La Banda',5),(934,'Josee','Warriner','42764420','1971-02-07','San Martin 123','General Roca',10),(935,'Yorgos','Searson','20764715','1972-02-07','Colon 512','Rosario',3),(936,'Leonora','Labbett','32819081','2018-01-21','Cabildo 555','San Juan',8),(937,'Betteann','Forseith','43807478','1965-08-22','Rivadavia 678','Monte Caseros',18),(938,'Brod','Chapman','42056865','1956-09-13','Uruguay 1345','Villa Mercedes',6),(939,'Gerladina','Caso','36101546','2001-10-31','Mitre 89','La Plata',2),(940,'Quillan','Dast','13177674','1950-03-14','Montevideo 1377','Neuquen',11),(941,'Margy','Mealiffe','42674612','1985-06-09','Rivadavia 678','La Rioja',13),(942,'Oralia','Conquer','25503954','2010-09-14','San Martin 123','Neuquen',11),(943,'Selene','Paddison','10232412','1985-09-22','Uruguay 1345','Rosario',3),(944,'Dian','Hiorn','35418352','2007-03-06','Belgrano 45','San Miguel de Tucuman',12),(945,'Leupold','Macauley','43101210','1948-11-14','Sarmiento 34','La Banda',5),(946,'Roxie','Storks','40038187','2021-11-25','Independencia 45','Parana',17),(947,'Lucho','Stanistrete','41722212','2019-02-04','Sarmiento 34','Posadas',19),(948,'Delilah','Beynkn','29286582','1971-02-01','Colon 512','La Plata',2),(949,'Berkly','Kinglake','38616042','1972-04-22','Rivadavia 678','Capital Federal',1),(950,'Wayland','Naul','13992871','1997-03-10','Cabildo 555','San Juan',8),(951,'Wendy','Aizkovitch','37811357','1965-02-19','Cabildo 555','Capital Federal',1),(952,'Viv','Duran','40925443','1980-04-01','Mitre 89','La Plata',2),(953,'Erastus','Brantl','36232740','1983-11-02','Colon 512','La Banda',5),(954,'Nikolaos','Tottie','14962600','2017-11-25','Rivadavia 678','Parana',17),(955,'Hailey','Blune','11678443','1954-09-24','Belgrano 45','Parana',17),(956,'Yevette','Londing','27513311','2024-06-30','Rivadavia 678','La Plata',2),(957,'Dominique','Fills','18452811','1999-07-20','San Martin 123','Parana',17),(958,'Alysia','Padillo','17506030','1983-07-25','Belgrano 45','San Miguel de Tucuman',12),(959,'Brittani','Jurczik','35229862','2019-04-25','Uruguay 1345','Resistencia',20),(960,'Mirabella','Jermey','19647917','1978-11-07','Cabildo 555','Cordoba',4),(961,'Dione','McAlees','32350527','1970-06-02','Uruguay 1345','Formosa',21),(962,'Gwendolyn','Butterfint','43794231','2019-06-07','Montevideo 1377','Mendoza',7),(963,'Demetri','Lockyer','28701847','1964-01-08','San Martin 123','General Roca',10),(964,'Anette','Plumb','15173841','1984-04-13','Colon 512','Resistencia',20),(965,'Elvis','Chalk','11413458','2018-09-19','Sarmiento 34','San Juan',8),(966,'Suzette','Riep','28826920','2018-02-26','Montevideo 1377','Monte Caseros',18),(967,'Billy','Gelardi','24804779','2019-12-13','Independencia 45','Capital Federal',1),(968,'Seka','Eckly','44537196','1954-03-25','San Martin 123','La Rioja',13),(969,'Aurora','Culpin','42102022','1946-04-02','Colon 512','La Rioja',13),(970,'Dale','Swatten','14280935','1945-04-08','Montevideo 1377','La Rioja',13),(971,'Charlean','Pinnington','24747346','1990-08-15','Mitre 89','Salta',15),(972,'Calli','Filkin','14770039','1953-05-15','Colon 512','Rosario',3),(973,'Mikkel','Ghion','26106504','1956-10-18','Colon 512','Resistencia',20),(974,'Fulton','Riall','30664211','2017-09-02','Cordoba 210','La Banda',5),(975,'Bentlee','Colbran','36252631','1945-10-13','San Martin 123','La Rioja',13),(976,'Esther','Bentall','35074269','1948-10-17','Montevideo 1377','La Banda',5),(977,'Zia','Henner','16143423','1994-08-06','Montevideo 1377','Parana',17),(978,'Lucila','Hallgate','14211775','1945-09-14','Mitre 89','Formosa',21),(979,'Lowell','Giller','42745808','1952-09-12','Colon 512','Santa Rosa',9),(980,'Luciano','Howselee','13351101','2018-08-20','San Martin 123','Cordoba',4),(981,'Adda','Blackader','13218721','1994-06-01','Cabildo 555','Monte Caseros',18),(982,'Catie','Gusney','29447299','1991-07-26','Montevideo 1377','La Banda',5),(983,'Tyrone','Torn','44993993','1992-07-15','Rivadavia 678','Monte Caseros',18),(984,'Doroteya','Kither','34772811','1987-02-25','Colon 512','Salta',15),(985,'Juli','Cremer','43838966','2008-12-19','Montevideo 1377','Capital Federal',1),(986,'Storm','Kulvear','10940319','1950-06-11','Belgrano 45','San Fernando del Valle',14),(987,'Remington','Giacomello','21854165','1989-08-19','Cordoba 210','La Banda',5),(988,'Cyrille','Broad','32190980','1953-06-22','Mitre 89','San Juan',8),(989,'Barnett','Gandley','39793711','1969-10-06','Belgrano 45','La Plata',2),(990,'Goraud','Gounel','39378989','1991-10-23','Montevideo 1377','La Rioja',13),(991,'Jacquelynn','Grimsley','38226382','1959-06-15','Mitre 89','Santa Rosa',9),(992,'Layton','Sands-Allan','28708017','1981-02-14','Uruguay 1345','Cordoba',4),(993,'Julianna','Cavy','42191637','1950-12-15','Independencia 45','Monte Caseros',18),(994,'Yorker','Guage','20752594','2010-03-30','Cabildo 555','Villa Mercedes',6),(995,'Major','Drescher','28830711','1945-04-25','Cordoba 210','Monte Caseros',18),(996,'Maddalena','Hamprecht','39846778','1987-08-26','Cordoba 210','Rosario',3),(997,'Evin','Kingett','28454606','1978-05-09','Independencia 45','San Juan',8),(998,'Jessa','Da Costa','38544356','2009-06-07','Montevideo 1377','Parana',17),(999,'Allys','Clipsham','29388574','1949-10-20','Uruguay 1345','Santa Rosa',9),(1000,'Tadd','Leaman','24551354','2000-04-07','Rivadavia 678','Capital Federal',1),(1001,'Vilhelmina','Iwanowicz','5363024','1947-08-10','Mitre 89','La Banda',5),(1002,'Nikolia','Rotter','6607906','1960-05-01','Colon 512','Rosario',3),(1003,'Otho','Moral','6773639','1960-04-29','Mitre 89','Santa Rosa',9),(1004,'Pinchas','Ruppele','9170163','1959-07-09','Cordoba 210','Mendoza',7),(1005,'Sebastiano','Hobgen','7365661','1950-05-27','Montevideo 1377','Cordoba',4),(1006,'Basilio','Fellow','7441392','1958-11-08','Cordoba 210','Parana',17),(1007,'Peri','Mowson','7603237','1949-07-20','Cordoba 210','Posadas',19),(1008,'Alvira','Oliphard','5652000','1950-02-25','Montevideo 1377','Posadas',19),(1009,'Reynolds','Brahan','9894389','1948-06-22','Cordoba 210','Parana',17),(1010,'Dionne','Bloxholm','5234477','1960-01-25','Cordoba 210','Villa Mercedes',6),(1011,'Harrietta','Flukes','8377021','1951-07-27','Mitre 89','San Miguel de Tucuman',12),(1012,'Hercules','Hiers','5063290','1945-03-20','Sarmiento 34','La Rioja',13),(1013,'Vern','Stannislawski','8148494','1960-05-07','Colon 512','San Juan',8),(1014,'Nial','Everington','8301102','1946-08-10','Montevideo 1377','San Miguel de Tucuman',12),(1015,'Matt','Grishukhin','8843768','1952-01-24','Colon 512','Rosario',3),(1016,'Friedrick','Averill','6445786','1960-04-09','Independencia 45','Posadas',19),(1017,'Lockwood','Strover','9520251','1954-08-19','Colon 512','Cordoba',4),(1018,'Cecilla','Clelland','7230335','1949-05-25','Cabildo 555','Capital Federal',1),(1019,'Rayshell','Tenny','8824734','1952-11-22','Sarmiento 34','Formosa',21),(1020,'Cassandry','Noell','7610016','1949-12-27','Belgrano 45','La Rioja',13),(1021,'L;urette','Hember','8362921','1951-12-07','Belgrano 45','Resistencia',20),(1022,'Lorettalorna','Binding','9767661','1946-02-15','Belgrano 45','San Salvador de Jujuy',16),(1023,'Konstantine','Fawlo','6238518','1948-07-14','Rivadavia 678','Cordoba',4),(1024,'Frants','Brood','8882921','1950-05-11','Mitre 89','Rosario',3),(1025,'Max','Callcott','8766847','1958-09-10','Uruguay 1345','Mendoza',7),(1026,'Frannie','Wayne','7695861','1954-06-28','Rivadavia 678','La Rioja',13),(1027,'Carmina','Viall','9089275','1957-05-16','Cabildo 555','Santa Rosa',9),(1028,'Ree','Elwill','7122304','1955-11-24','Cordoba 210','Mendoza',7),(1029,'Constantine','Vise','5045308','1951-03-04','Rivadavia 678','Monte Caseros',18),(1030,'Maire','Feveryear','8115089','1949-12-14','Cabildo 555','Santa Rosa',9),(1031,'Karlie','Archbould','9394171','1960-05-28','Uruguay 1345','La Rioja',13),(1032,'Rolando','Rowes','8774781','1947-07-08','Independencia 45','Villa Mercedes',6),(1033,'Filippa','Shade','5022869','1955-08-07','Sarmiento 34','San Salvador de Jujuy',16),(1034,'Frazer','Trahmel','7464009','1950-06-11','Montevideo 1377','San Salvador de Jujuy',16),(1035,'Marlena','Chezelle','9435192','1956-08-17','San Martin 123','Monte Caseros',18),(1036,'Mireille','Ranner','7609415','1957-06-03','Cordoba 210','Neuquen',11),(1037,'Josselyn','Buxey','6292794','1960-06-14','Mitre 89','Rosario',3),(1038,'Nefen','Jacquot','5248860','1950-09-16','Mitre 89','San Salvador de Jujuy',16),(1039,'Virgie','Spino','7933609','1951-09-12','Cordoba 210','Cordoba',4),(1040,'Guido','Alvarez','9097115','1960-04-18','Independencia 45','Capital Federal',1),(1041,'Eugine','Threadgould','7489537','1947-10-28','San Martin 123','Parana',17),(1042,'Lukas','Botterell','6048065','1950-09-01','San Martin 123','Neuquen',11),(1043,'Rosabel','Blasli','9853853','1951-10-03','Rivadavia 678','Santa Rosa',9),(1044,'Loy','Auston','5762099','1951-02-10','Sarmiento 34','La Banda',5),(1045,'Joaquin','Tibb','7286361','1955-05-03','Mitre 89','Capital Federal',1),(1046,'Flinn','Adamov','5823672','1945-12-04','Sarmiento 34','Monte Caseros',18),(1047,'Ainsley','Stodhart','6681152','1946-08-28','Uruguay 1345','Villa Mercedes',6),(1048,'Bret','Bulbrook','5768055','1959-07-28','Colon 512','La Rioja',13),(1049,'Sapphire','Ricold','5741154','1950-11-03','Sarmiento 34','Monte Caseros',18),(1050,'Kaleena','Asals','8325512','1958-03-07','Colon 512','Salta',15),(1051,'Howey','Colvin','9488845','1952-04-26','Montevideo 1377','General Roca',10),(1052,'Tova','Dolan','9326781','1956-03-14','Belgrano 45','General Roca',10),(1053,'Bibi','Baish','8651539','1952-04-20','Montevideo 1377','San Salvador de Jujuy',16),(1054,'Rollie','Skillen','8436761','1952-10-17','Uruguay 1345','Resistencia',20),(1055,'Preston','Morbey','6535091','1950-09-09','Rivadavia 678','Neuquen',11),(1056,'Shurlock','Ivers','6206658','1947-12-12','Cabildo 555','San Juan',8),(1057,'Muffin','Redwood','7668564','1949-12-13','Independencia 45','Villa Mercedes',6),(1058,'Andres','Milbourne','7742757','1946-11-03','Sarmiento 34','San Juan',8),(1059,'Iseabal','Bignold','9849462','1953-04-15','Independencia 45','Villa Mercedes',6),(1060,'Hyatt','Kubera','9018131','1952-03-09','Sarmiento 34','San Salvador de Jujuy',16),(1061,'Nadya','Glennon','5065511','1951-05-28','Cabildo 555','Formosa',21),(1062,'Cristal','Woollett','5843141','1950-02-28','Montevideo 1377','La Plata',2),(1063,'Efren','Rylatt','9997510','1959-11-09','Sarmiento 34','La Plata',2),(1064,'Dell','Beynkn','6572714','1957-10-08','San Martin 123','Salta',15),(1065,'Gaynor','Behr','7903257','1947-01-09','Mitre 89','Villa Mercedes',6),(1066,'Loleta','Goodsell','7403556','1950-08-12','Sarmiento 34','Cordoba',4),(1067,'Odell','Holcroft','9781824','1953-12-24','Belgrano 45','Capital Federal',1),(1068,'Conchita','Gerard','8156429','1953-01-12','Sarmiento 34','Cordoba',4),(1069,'Holden','Bennett','9317419','1958-10-06','Independencia 45','Neuquen',11),(1070,'Leonardo','Loughrey','7289571','1957-02-03','San Martin 123','Formosa',21),(1071,'Lauree','Augar','7627540','1953-04-07','Rivadavia 678','Capital Federal',1),(1072,'Esma','Ladewig','8296350','1948-11-02','Independencia 45','Formosa',21),(1073,'Kora','Gerred','8028871','1952-10-28','Cordoba 210','Formosa',21),(1074,'Shirlee','Gainsburgh','6157132','1955-11-05','Rivadavia 678','General Roca',10),(1075,'Maximo','Leisman','9863269','1955-11-04','Cordoba 210','La Plata',2),(1076,'Frasier','Pykett','6141632','1945-06-29','Rivadavia 678','Villa Mercedes',6),(1077,'Valenka','Meates','8658539','1945-08-03','Mitre 89','Formosa',21),(1078,'Konstantine','Fentem','7220450','1950-06-07','Rivadavia 678','General Roca',10),(1079,'Daryl','Shorrock','7397752','1954-06-21','Cabildo 555','Neuquen',11),(1080,'Darn','Stutard','9428182','1950-10-05','Independencia 45','Parana',17),(1081,'Guglielmo','Allden','5561451','1960-07-24','Montevideo 1377','Posadas',19),(1082,'Araldo','Reay','9617603','1950-08-20','Cabildo 555','San Fernando del Valle',14),(1083,'Mada','Mannakee','9899674','1950-04-13','Cordoba 210','San Miguel de Tucuman',12),(1084,'Marlin','Buncombe','6018068','1958-05-07','Cabildo 555','San Fernando del Valle',14),(1085,'Nathalia','Leishman','8239047','1954-11-02','Colon 512','San Salvador de Jujuy',16),(1086,'Carlos','McGarrahan','6096312','1952-02-16','Sarmiento 34','San Salvador de Jujuy',16),(1087,'Raychel','Foucher','8071008','1958-02-14','Cabildo 555','Rosario',3),(1088,'Fred','Franzetti','5898425','1958-10-31','Colon 512','San Miguel de Tucuman',12),(1089,'Adair','Espadater','8268468','1960-11-01','Colon 512','Neuquen',11),(1090,'Doreen','Guyonneau','8679149','1948-12-15','Independencia 45','General Roca',10),(1091,'Ermengarde','Tranter','8340291','1946-03-17','Sarmiento 34','Formosa',21),(1092,'Sophia','Pashen','9641272','1954-04-10','Cordoba 210','Posadas',19),(1093,'Ethelda','Robecon','9423638','1955-04-08','Belgrano 45','Posadas',19),(1094,'Kerstin','Leith','6862627','1957-11-19','Rivadavia 678','Cordoba',4),(1095,'Emile','Fazakerley','8058145','1952-11-16','Mitre 89','Monte Caseros',18),(1096,'Georas','Rimer','6756097','1958-05-19','Cordoba 210','General Roca',10),(1097,'Renata','Serrels','7573476','1946-05-28','Belgrano 45','Resistencia',20),(1098,'Maris','Ondrusek','9957275','1949-12-17','Cabildo 555','Resistencia',20),(1099,'Arabella','Duchan','5132757','1957-01-16','Belgrano 45','Capital Federal',1),(1100,'Constantia','Conley','9041610','1959-06-21','Cabildo 555','Parana',17),(1101,'Dex','Arnholtz','8089663','1953-10-07','Mitre 89','Monte Caseros',18),(1102,'Hebert','Pordall','6130384','1959-07-01','Belgrano 45','Posadas',19),(1103,'Henderson','Guido','8502752','1948-07-15','San Martin 123','San Salvador de Jujuy',16),(1104,'Wendall','Bonnesen','8115965','1953-03-18','Cabildo 555','La Banda',5),(1105,'Corabella','Hobson','6305248','1953-07-10','Independencia 45','La Banda',5),(1106,'Tally','Wilkes','5913303','1947-08-30','Rivadavia 678','Capital Federal',1),(1107,'Barn','Padfield','8208977','1949-12-22','Colon 512','Mendoza',7),(1108,'Tina','Varns','8315028','1953-05-03','Uruguay 1345','Santa Rosa',9),(1109,'Antonina','Duly','5283370','1947-11-17','Rivadavia 678','Neuquen',11),(1110,'Charissa','Yaakov','7347023','1946-04-15','Uruguay 1345','Resistencia',20),(1111,'Kylie','Winspurr','9911464','1952-06-16','Montevideo 1377','Parana',17),(1112,'Debbi','Boutton','6717256','1945-04-17','Montevideo 1377','San Fernando del Valle',14),(1113,'Nicolle','Bellefonte','5075879','1959-06-08','Rivadavia 678','La Rioja',13),(1114,'Layla','Warret','7926816','1946-05-13','Rivadavia 678','General Roca',10),(1115,'Isaak','Gallon','5281816','1953-09-27','Sarmiento 34','Neuquen',11),(1116,'Lombard','Sangwine','6117083','1950-11-27','San Martin 123','La Rioja',13),(1117,'Hester','Farnell','6873937','1953-07-20','Mitre 89','San Fernando del Valle',14),(1118,'Damaris','Preene','7514851','1947-07-29','Montevideo 1377','Capital Federal',1),(1119,'Delmore','Stower','6807210','1950-09-19','Belgrano 45','San Fernando del Valle',14),(1120,'Cherilynn','Dibble','6590154','1948-03-10','Independencia 45','La Banda',5),(1121,'Dorette','Pedel','9795618','1954-04-13','Uruguay 1345','Villa Mercedes',6),(1122,'Gordon','Ticehurst','6805227','1947-06-24','Montevideo 1377','La Rioja',13),(1123,'Wadsworth','Dominici','9004265','1952-02-02','Montevideo 1377','La Plata',2),(1124,'Arnaldo','Bloxsome','7522072','1950-10-28','Montevideo 1377','Neuquen',11),(1125,'Frances','Ravilious','6758225','1956-06-23','Mitre 89','Formosa',21),(1126,'Polly','Bagguley','9881385','1951-01-21','Independencia 45','Formosa',21),(1127,'Adda','Corderoy','8305987','1948-05-31','Mitre 89','Posadas',19),(1128,'Teddi','Dafter','8799186','1949-09-15','Mitre 89','Cordoba',4),(1129,'Jasun','Sorsbie','9561186','1954-10-14','Independencia 45','Neuquen',11),(1130,'Agretha','Kinsella','9095251','1960-05-16','San Martin 123','Formosa',21),(1131,'Mile','Glendenning','9655408','1954-07-09','Cabildo 555','San Fernando del Valle',14),(1132,'Humfrey','Bouch','6081622','1950-02-06','San Martin 123','Cordoba',4),(1133,'Lucinda','Bitten','5371976','1955-04-29','San Martin 123','San Salvador de Jujuy',16),(1134,'Mose','Chesney','6618791','1958-07-28','Cabildo 555','San Salvador de Jujuy',16),(1135,'Jemie','Dafter','9876002','1952-08-08','Belgrano 45','Santa Rosa',9),(1136,'Ruth','Currell','8861337','1955-02-19','Belgrano 45','Neuquen',11),(1137,'Olimpia','Rew','7941744','1951-03-19','Belgrano 45','La Banda',5),(1138,'Terri-jo','Hallin','5035156','1957-01-11','Belgrano 45','San Salvador de Jujuy',16),(1139,'Erasmus','Sanz','5290834','1952-12-08','Sarmiento 34','Villa Mercedes',6),(1140,'Loella','Shankland','9553444','1946-05-10','Cabildo 555','La Banda',5),(1141,'Margy','Tompkin','8062620','1954-04-22','Rivadavia 678','San Salvador de Jujuy',16),(1142,'Jacintha','Garnsey','6258289','1956-05-14','Cabildo 555','Formosa',21),(1143,'Shaine','Buxsey','6382415','1954-09-20','Montevideo 1377','La Banda',5),(1144,'Marwin','Graddell','8158206','1947-06-05','Montevideo 1377','Resistencia',20),(1145,'Salvidor','Akitt','9671771','1958-08-13','Independencia 45','Rosario',3),(1146,'Tanny','Fiveash','8457477','1960-09-27','Rivadavia 678','San Miguel de Tucuman',12),(1147,'Gavrielle','Flisher','6544327','1949-12-14','Montevideo 1377','San Juan',8),(1148,'Giff','Arghent','6487198','1960-07-29','Uruguay 1345','Monte Caseros',18),(1149,'Irena','Staddom','5109857','1945-04-02','Uruguay 1345','La Banda',5),(1150,'Mac','Gettings','9290611','1951-10-04','Colon 512','Resistencia',20),(1151,'Minny','Joslyn','7622139','1958-09-04','Colon 512','La Rioja',13),(1152,'Natassia','Martyn','8579127','1958-02-01','Montevideo 1377','La Plata',2),(1153,'Meredith','O\'Shirine','5511046','1952-10-28','Montevideo 1377','Monte Caseros',18),(1154,'Heidi','Castagne','6155061','1945-06-02','Uruguay 1345','General Roca',10),(1155,'Mateo','Repper','6476619','1949-05-05','San Martin 123','La Plata',2),(1156,'Nanete','Tapply','5051181','1958-12-01','Belgrano 45','Salta',15),(1157,'Peri','Lushey','6753600','1960-01-28','Colon 512','Villa Mercedes',6),(1158,'Jehanna','Cowlard','7099199','1957-07-12','Belgrano 45','General Roca',10),(1159,'Burl','Gildea','7542068','1947-09-24','Belgrano 45','La Rioja',13),(1160,'Elva','Baudassi','7739179','1953-03-20','Belgrano 45','Posadas',19),(1161,'Billie','Hazzard','7177501','1959-07-29','Cordoba 210','Mendoza',7),(1162,'Lucho','Royse','6746202','1960-04-19','San Martin 123','Capital Federal',1),(1163,'Farr','Leversha','7463601','1952-12-04','Uruguay 1345','San Juan',8),(1164,'Denys','Mowsdell','6721501','1951-12-07','Uruguay 1345','Salta',15),(1165,'Nicolis','Agglione','9976598','1955-06-19','Cordoba 210','La Banda',5),(1166,'Welsh','Trenaman','8943289','1950-09-13','Sarmiento 34','San Juan',8),(1167,'Bobette','Garroch','5236210','1954-01-16','Colon 512','Neuquen',11),(1168,'Winston','Gutteridge','9682010','1957-04-13','Uruguay 1345','La Rioja',13),(1169,'Honey','Cogin','6433673','1949-07-01','Montevideo 1377','La Plata',2),(1170,'Wendeline','Columbine','5218967','1959-07-20','San Martin 123','San Juan',8),(1171,'Auroora','Streetley','8498413','1952-03-13','Uruguay 1345','Santa Rosa',9),(1172,'Libby','Titman','7088854','1945-05-16','Montevideo 1377','General Roca',10),(1173,'Reilly','Bloxsome','5043679','1947-10-23','Sarmiento 34','Neuquen',11),(1174,'Grady','Baston','6811445','1948-05-09','Colon 512','La Banda',5),(1175,'Randee','Willerstone','6231705','1948-12-07','Mitre 89','Formosa',21),(1176,'Etan','Kretschmer','6447818','1960-11-11','Sarmiento 34','Capital Federal',1),(1177,'Trent','Mokes','7675644','1952-07-22','Colon 512','Cordoba',4),(1178,'Felike','Hames','5422951','1955-08-31','Colon 512','La Rioja',13),(1179,'Jo','Attwell','8365226','1952-02-05','Colon 512','San Fernando del Valle',14),(1180,'Lazarus','Wooff','8122359','1951-05-28','San Martin 123','La Banda',5),(1181,'Mallory','Yarr','6331917','1945-03-01','Colon 512','Neuquen',11),(1182,'Addie','Lovelace','8766069','1958-09-30','Rivadavia 678','La Rioja',13),(1183,'Ryan','Beddingham','5856029','1959-11-01','Cordoba 210','Cordoba',4),(1184,'Shurlock','Jeschner','8089941','1958-07-08','Mitre 89','Cordoba',4),(1185,'Alister','Shervil','6770423','1950-10-28','Uruguay 1345','Santa Rosa',9),(1186,'Evan','Vlasyuk','8473380','1960-04-07','San Martin 123','San Fernando del Valle',14),(1187,'Lyndell','Owbridge','7764410','1953-03-28','Uruguay 1345','Capital Federal',1),(1188,'Brok','Allibon','8137022','1960-06-25','Independencia 45','Monte Caseros',18),(1189,'Elli','Faulconer','6698523','1947-10-25','Mitre 89','La Banda',5),(1190,'Melisa','Dockrell','7871159','1945-08-12','Mitre 89','Santa Rosa',9),(1191,'Blanca','Woodhouse','7606596','1946-10-05','Cabildo 555','San Salvador de Jujuy',16),(1192,'Raimund','Shotter','5650653','1950-01-30','Uruguay 1345','Formosa',21),(1193,'Erv','Mence','6353419','1948-10-23','Mitre 89','San Miguel de Tucuman',12),(1194,'Emiline','Grima','6594469','1948-08-05','Sarmiento 34','San Fernando del Valle',14),(1195,'Taite','Youtead','9612794','1946-12-30','Cordoba 210','Cordoba',4),(1196,'Dorie','Gerrett','9247759','1957-03-03','Montevideo 1377','Cordoba',4),(1197,'Duffie','Shankster','6415845','1959-04-20','Mitre 89','San Salvador de Jujuy',16),(1198,'Rakel','Setter','9557212','1947-12-05','Sarmiento 34','San Juan',8),(1199,'Debora','Wilkerson','9135353','1947-10-10','Montevideo 1377','La Banda',5),(1200,'Deborah','Andrew','9677343','1945-05-28','Sarmiento 34','San Juan',8),(1201,'Kerwin','Martlew','9101945','1960-10-20','Montevideo 1377','Mendoza',7),(1202,'Darcy','Grundle','8480665','1954-09-21','Independencia 45','San Juan',8),(1203,'Staci','Sommer','5330571','1950-03-18','San Martin 123','La Banda',5),(1204,'Davina','Gemmill','7137055','1946-03-22','Independencia 45','La Plata',2),(1205,'Modesty','Pethrick','5456517','1954-05-14','Mitre 89','Posadas',19),(1206,'Amelita','Bosomworth','9491850','1947-12-07','Belgrano 45','San Salvador de Jujuy',16),(1207,'Kenny','Vannuccini','9982612','1954-06-28','Independencia 45','Santa Rosa',9),(1208,'Elsie','Boggers','5456063','1946-03-29','Rivadavia 678','Neuquen',11),(1209,'Brendis','Howle','6429953','1956-09-13','Colon 512','Monte Caseros',18),(1210,'Boyce','Janks','6293114','1953-03-17','Montevideo 1377','San Fernando del Valle',14),(1211,'Eugenie','Cerie','6819481','1959-02-17','Independencia 45','Neuquen',11),(1212,'Alisun','Aindriu','7568602','1952-09-01','Colon 512','San Salvador de Jujuy',16),(1213,'Caesar','Agg','7812195','1953-07-06','Cordoba 210','Capital Federal',1),(1214,'Duffy','A\'Barrow','8738762','1946-06-24','Uruguay 1345','Neuquen',11),(1215,'Jeth','Quesne','7966723','1946-08-24','San Martin 123','Posadas',19),(1216,'Maris','Guile','9637510','1948-07-16','Cordoba 210','Mendoza',7),(1217,'Fredrick','Flaune','6351037','1952-11-28','Montevideo 1377','La Rioja',13),(1218,'Paloma','Raiston','6671532','1951-09-30','Rivadavia 678','La Plata',2),(1219,'Odetta','Holworth','5858280','1953-04-03','Belgrano 45','Mendoza',7),(1220,'Marna','Bockman','6952208','1953-04-18','Rivadavia 678','Formosa',21),(1221,'Alla','Nevill','7987304','1953-12-29','San Martin 123','Formosa',21),(1222,'Tildie','Barwise','6680444','1960-05-12','Rivadavia 678','Capital Federal',1),(1223,'Joyan','Dodsley','9576583','1954-11-28','Uruguay 1345','Capital Federal',1),(1224,'Herculie','Snare','9290899','1951-10-07','Rivadavia 678','Villa Mercedes',6),(1225,'Gaylor','Maciejewski','7923807','1949-03-13','San Martin 123','La Rioja',13),(1226,'Clyve','McDarmid','5085177','1952-07-28','Sarmiento 34','General Roca',10),(1227,'Redd','Regelous','6411360','1955-03-12','Belgrano 45','Capital Federal',1),(1228,'Ignatius','Dionsetti','5683437','1947-09-30','Mitre 89','La Rioja',13),(1229,'Barbie','Altamirano','7245698','1952-05-28','Mitre 89','Monte Caseros',18),(1230,'Alaric','Stephenson','7170082','1959-06-28','San Martin 123','Neuquen',11),(1231,'Flossie','De Michele','9090245','1946-11-16','Cabildo 555','Capital Federal',1),(1232,'Lidia','Presman','6210547','1946-12-07','Cabildo 555','San Juan',8),(1233,'Alphonso','Skedge','9571338','1949-03-10','Rivadavia 678','Santa Rosa',9),(1234,'Vinny','Huyhton','7776785','1945-10-29','Rivadavia 678','Resistencia',20),(1235,'Thacher','Blissett','9069291','1951-07-01','Sarmiento 34','Monte Caseros',18),(1236,'Christoffer','Cockshoot','8093854','1954-08-16','Cordoba 210','Posadas',19),(1237,'Kayla','Rohan','7623441','1953-01-10','Rivadavia 678','Rosario',3),(1238,'Codi','McCoid','9780777','1957-06-28','Rivadavia 678','Resistencia',20),(1239,'Adolph','Belasco','9768810','1945-07-05','Sarmiento 34','Mendoza',7),(1240,'Edith','Watkiss','6998540','1959-08-24','Sarmiento 34','Salta',15),(1241,'Ingram','Hickenbottom','7431218','1949-02-21','San Martin 123','Salta',15),(1242,'Dara','Dulton','7874146','1957-12-18','Mitre 89','Formosa',21),(1243,'Lilly','Linwood','7318348','1949-11-08','Uruguay 1345','Parana',17),(1244,'Nonah','Pickworth','8638110','1956-03-08','Cordoba 210','San Salvador de Jujuy',16),(1245,'Kiah','McGinney','5854241','1953-10-07','Cabildo 555','Mendoza',7),(1246,'Audrey','Gazey','9256845','1957-07-03','Montevideo 1377','San Juan',8),(1247,'Bonnie','Golston','5360133','1953-09-29','Independencia 45','La Plata',2),(1248,'Ragnar','Eshmade','8599471','1950-02-17','Independencia 45','Parana',17),(1249,'Hillary','Creek','5000085','1956-08-05','Mitre 89','Cordoba',4),(1250,'Myrtle','Edworthy','8986524','1945-06-06','Cordoba 210','Neuquen',11),(1251,'Rhody','Markham','5457415','1955-09-03','Cordoba 210','San Juan',8),(1252,'Amelina','Jephson','8795254','1960-02-12','Uruguay 1345','San Fernando del Valle',14),(1253,'Tiff','Wadman','5610127','1948-03-04','Montevideo 1377','San Salvador de Jujuy',16),(1254,'Deirdre','Dalliwatr','5320010','1960-01-26','Mitre 89','San Fernando del Valle',14),(1255,'Victoir','Mantione','6519615','1952-04-06','Sarmiento 34','General Roca',10),(1256,'Gladys','Aharoni','7475085','1955-06-04','Colon 512','Villa Mercedes',6),(1257,'Dacey','Birtwhistle','8822390','1958-03-18','Independencia 45','La Plata',2),(1258,'Merola','Cawthera','9451052','1956-07-10','Montevideo 1377','Capital Federal',1),(1259,'Boy','Stoker','6305763','1950-03-11','Montevideo 1377','Mendoza',7),(1260,'De','Bellfield','7603058','1948-11-24','Cabildo 555','San Juan',8),(1261,'Grantley','Ferreras','5263168','1956-06-27','Independencia 45','Villa Mercedes',6),(1262,'Worthington','Wilkisson','6307734','1948-03-09','San Martin 123','Formosa',21),(1263,'Tibold','Atherley','5771202','1947-11-12','Mitre 89','General Roca',10),(1264,'Sheffield','Bellson','5032908','1946-08-31','Sarmiento 34','La Banda',5),(1265,'Kearney','Monnery','7459825','1955-10-04','Uruguay 1345','San Miguel de Tucuman',12),(1266,'Arnaldo','Gareisr','8244912','1958-08-14','Uruguay 1345','Posadas',19),(1267,'Turner','Sorton','7233945','1949-02-28','Cabildo 555','General Roca',10),(1268,'Ferris','Eland','6334933','1952-06-13','Cabildo 555','Mendoza',7),(1269,'Aidan','McCotter','9776762','1950-04-27','Independencia 45','San Fernando del Valle',14),(1270,'Belle','Oiller','5330719','1946-12-24','Colon 512','Mendoza',7),(1271,'Issie','Furst','7256273','1948-02-07','Rivadavia 678','La Banda',5),(1272,'Ripley','McArthur','6287420','1952-05-20','Montevideo 1377','San Juan',8),(1273,'Friedrick','Custance','8961482','1952-05-04','Montevideo 1377','La Plata',2),(1274,'Audrey','Gritskov','7302381','1960-03-20','Independencia 45','San Salvador de Jujuy',16),(1275,'Syd','Ubsdall','7995967','1951-06-08','Colon 512','General Roca',10),(1276,'Jeanna','Jouanny','7474178','1959-05-18','Montevideo 1377','La Banda',5),(1277,'Eduardo','Ilyinski','8227539','1947-08-13','Uruguay 1345','Formosa',21),(1278,'Camella','Quantrill','9638145','1949-03-18','Belgrano 45','Villa Mercedes',6),(1279,'Stefan','Tollet','5709591','1960-01-06','Colon 512','La Rioja',13),(1280,'Neala','Rosthorn','5379541','1952-07-01','Cordoba 210','Mendoza',7),(1281,'Annmarie','Holson','9501290','1948-06-28','Cabildo 555','Resistencia',20),(1282,'Ruthann','Broose','8298246','1948-07-24','Belgrano 45','Mendoza',7),(1283,'Mahala','Honnan','9170275','1945-08-19','Sarmiento 34','La Plata',2),(1284,'Monica','Shearman','9951123','1957-05-24','Montevideo 1377','Santa Rosa',9),(1285,'Morgan','Groundwator','5926446','1956-07-08','Mitre 89','Capital Federal',1),(1286,'Phillis','Aitkenhead','6001392','1958-11-23','Colon 512','San Juan',8),(1287,'Drucill','Want','9575825','1948-08-28','Mitre 89','Villa Mercedes',6),(1288,'Elka','Crickmer','7745996','1947-03-23','Cordoba 210','General Roca',10),(1289,'Raquel','Dracey','9516262','1953-10-23','San Martin 123','San Miguel de Tucuman',12),(1290,'Dayna','Dowse','5758242','1957-10-07','Belgrano 45','San Fernando del Valle',14),(1291,'Court','Grahl','8530358','1957-04-17','Independencia 45','La Rioja',13),(1292,'Filmore','Luckin','9091752','1953-03-15','Independencia 45','San Salvador de Jujuy',16),(1293,'Randolph','Warrier','5855747','1954-04-23','Montevideo 1377','Rosario',3),(1294,'Christoffer','Remmers','9906621','1949-05-13','Belgrano 45','Parana',17),(1295,'Ulrika','Parr','5721668','1955-06-21','Belgrano 45','Santa Rosa',9),(1296,'Lem','Dubber','8931674','1954-02-17','Colon 512','San Salvador de Jujuy',16),(1297,'Ginnie','Purse','9796683','1946-03-31','Mitre 89','Parana',17),(1298,'Nevsa','Vaun','9827847','1959-04-09','Cordoba 210','Formosa',21),(1299,'Adele','Dominguez','9541369','1959-11-10','Colon 512','Cordoba',4),(1300,'Linoel','Powling','5503242','1953-06-12','Belgrano 45','La Plata',2),(1301,'Kelby','Saffin','6308051','1958-03-04','Rivadavia 678','Capital Federal',1),(1302,'Cathryn','Cowterd','7533411','1948-03-26','Mitre 89','General Roca',10),(1303,'Archibald','Lennox','8431502','1959-01-06','Uruguay 1345','Santa Rosa',9),(1304,'Kattie','Clamp','5042227','1947-02-03','Cordoba 210','Neuquen',11),(1305,'Arlinda','Grahl','5990599','1949-05-20','San Martin 123','Mendoza',7),(1306,'Verina','McCudden','6572727','1946-05-07','Colon 512','Posadas',19),(1307,'Gavrielle','Maylin','8044223','1953-09-17','Belgrano 45','La Banda',5),(1308,'Tanney','Leydon','5869521','1951-08-07','Sarmiento 34','Rosario',3),(1309,'Isa','Frankowski','7875003','1945-07-27','Belgrano 45','La Plata',2),(1310,'Lora','Sneesby','8099069','1949-11-04','Uruguay 1345','Resistencia',20),(1311,'Wakefield','Bartlomiejczyk','9826815','1955-01-31','Belgrano 45','San Salvador de Jujuy',16),(1312,'Deb','Wandtke','6863696','1956-08-14','Independencia 45','Formosa',21),(1313,'Gun','Vane','7868744','1955-08-06','Uruguay 1345','La Rioja',13),(1314,'Kin','Paddell','6494718','1949-04-07','Mitre 89','Mendoza',7),(1315,'Harmonie','McVey','7904355','1953-09-22','Mitre 89','Parana',17),(1316,'Vanessa','Mathivet','7834590','1957-04-06','Cordoba 210','Monte Caseros',18),(1317,'Herta','Augur','6630467','1945-04-18','Colon 512','Santa Rosa',9),(1318,'Casar','Kunzelmann','5840246','1954-01-09','Belgrano 45','Capital Federal',1),(1319,'Marlon','O\'Flannery','8388379','1948-12-11','Cabildo 555','Parana',17),(1320,'Graehme','Firby','6454164','1956-03-12','Uruguay 1345','Resistencia',20),(1321,'Richmond','Bubeer','8471352','1951-03-12','San Martin 123','Cordoba',4),(1322,'Bay','Beall','9498606','1959-12-12','Sarmiento 34','Monte Caseros',18),(1323,'Perren','Kippax','9072964','1956-06-05','Independencia 45','Resistencia',20),(1324,'Amargo','Friett','6326544','1951-03-01','Mitre 89','Salta',15),(1325,'Nial','D\'eathe','6368488','1959-08-16','Rivadavia 678','La Banda',5),(1326,'Klara','Roma','7002326','1945-12-23','Independencia 45','Rosario',3),(1327,'Bobine','Kinney','5261360','1960-04-24','Sarmiento 34','Santa Rosa',9),(1328,'Annalise','Priddie','5274235','1949-08-25','Cabildo 555','San Miguel de Tucuman',12),(1329,'Dominga','Reynoollds','7802695','1955-05-17','Independencia 45','Santa Rosa',9),(1330,'Mathian','Thews','8957217','1955-01-05','Montevideo 1377','San Miguel de Tucuman',12),(1331,'Morgan','Swindin','7106689','1948-02-14','San Martin 123','Neuquen',11),(1332,'Lauritz','Brocket','7344399','1946-01-13','Mitre 89','Villa Mercedes',6),(1333,'Bobbi','Haack','7209179','1953-04-03','San Martin 123','Mendoza',7),(1334,'Griz','Bugdale','5782838','1954-01-31','Belgrano 45','Parana',17),(1335,'Cornell','Manford','9116033','1953-01-02','Mitre 89','Salta',15),(1336,'Nancey','Boddice','7010239','1959-05-24','Cabildo 555','Mendoza',7),(1337,'Drucie','Gillatt','6089335','1957-09-06','Belgrano 45','Salta',15),(1338,'Enrika','Halgarth','7131841','1949-11-09','Uruguay 1345','Cordoba',4),(1339,'Bale','Durant','7344313','1945-03-22','San Martin 123','La Banda',5),(1340,'Stephana','Batson','7744002','1958-02-15','Cordoba 210','Posadas',19),(1341,'Farlay','Priden','6387808','1959-05-21','Colon 512','Neuquen',11),(1342,'Heddi','Leahair','7195139','1954-02-17','Sarmiento 34','Parana',17),(1343,'Mata','Loomes','8465904','1950-03-16','Cordoba 210','Posadas',19),(1344,'Sullivan','Woolis','6726044','1953-04-03','Montevideo 1377','Salta',15),(1345,'Lyda','Cuesta','6833971','1949-05-17','San Martin 123','Villa Mercedes',6),(1346,'Christalle','Wyllie','6175269','1957-06-02','Cordoba 210','Cordoba',4),(1347,'Jerrome','Glinde','8246254','1951-04-21','Sarmiento 34','San Juan',8),(1348,'Devan','Oager','8629395','1954-07-13','Independencia 45','General Roca',10),(1349,'Sylvia','Feake','8136939','1950-09-16','Montevideo 1377','General Roca',10),(1350,'Townsend','Clipsham','5459275','1958-07-15','Cabildo 555','San Fernando del Valle',14),(1351,'Bary','Bentson','8740333','1958-05-12','Montevideo 1377','San Fernando del Valle',14),(1352,'Wilhelmine','Muress','6280826','1954-02-18','San Martin 123','Posadas',19),(1353,'Eda','St. Pierre','8412829','1945-04-29','Rivadavia 678','Mendoza',7),(1354,'Roseann','O\'Hannay','5357764','1945-09-15','Sarmiento 34','La Plata',2),(1355,'Leonora','Learman','7331945','1948-12-02','San Martin 123','Rosario',3),(1356,'Gage','Mitchley','9206593','1950-09-25','San Martin 123','Cordoba',4),(1357,'Kynthia','Withams','8263353','1945-11-15','Sarmiento 34','La Rioja',13),(1358,'Tabbie','D\'Ambrogio','8354113','1955-04-13','Rivadavia 678','Cordoba',4),(1359,'Alexandros','Shyre','5410055','1951-10-29','Montevideo 1377','Parana',17),(1360,'Evangelin','Large','9498984','1947-09-10','San Martin 123','Parana',17),(1361,'Omero','Ateggart','9488497','1958-01-24','Uruguay 1345','La Banda',5),(1362,'Cicely','Pattillo','5679993','1950-09-29','Montevideo 1377','Rosario',3),(1363,'Trudi','Deavin','5646206','1951-05-03','San Martin 123','Posadas',19),(1364,'Violette','Wybrew','9749882','1959-03-06','Montevideo 1377','General Roca',10),(1365,'Ashil','Boch','6355413','1951-05-09','Colon 512','Mendoza',7),(1366,'Bayard','Sandey','8784701','1949-09-29','Cabildo 555','Rosario',3),(1367,'Dillon','Kaas','6936249','1953-04-03','Mitre 89','Monte Caseros',18),(1368,'Nada','Springett','8390971','1947-10-07','Mitre 89','Santa Rosa',9),(1369,'Quintilla','Borland','9713947','1947-09-21','Colon 512','Mendoza',7),(1370,'Patten','Pavel','9351011','1945-09-19','Uruguay 1345','Villa Mercedes',6),(1371,'Dorelia','Dobble','6284430','1956-03-04','Belgrano 45','Monte Caseros',18),(1372,'Hugues','Kinforth','7615191','1956-08-15','San Martin 123','Villa Mercedes',6),(1373,'Gorden','Kender','8561558','1946-11-07','Rivadavia 678','Salta',15),(1374,'Clemmie','Wasielewicz','8833300','1955-10-26','Belgrano 45','General Roca',10),(1375,'Zita','Shone','7754574','1952-02-08','Uruguay 1345','San Juan',8),(1376,'Libby','Pedrozzi','6217040','1947-12-25','Cabildo 555','Capital Federal',1),(1377,'Johannah','Camfield','6147190','1948-03-08','Sarmiento 34','General Roca',10),(1378,'Rufus','Tumelty','8066224','1946-11-22','Cordoba 210','General Roca',10),(1379,'Jethro','Pasek','8921398','1960-01-01','Cabildo 555','Parana',17),(1380,'Hortense','Neagle','6097335','1958-04-25','Colon 512','Neuquen',11),(1381,'Tynan','Tigner','8962657','1952-09-09','Independencia 45','Resistencia',20),(1382,'Aubrey','Daffey','6787686','1953-08-29','Independencia 45','General Roca',10),(1383,'Baxy','Amorts','5001517','1946-05-19','Cordoba 210','Mendoza',7),(1384,'Haley','Hetterich','6380297','1952-01-02','San Martin 123','La Rioja',13),(1385,'Hill','Colerick','5693430','1950-10-17','Cabildo 555','Formosa',21),(1386,'Hester','Glew','8370521','1954-08-22','Uruguay 1345','Parana',17),(1387,'Karlotte','Sutherel','7582905','1951-06-16','Rivadavia 678','General Roca',10),(1388,'Wrennie','Moretto','8019698','1946-07-31','Independencia 45','Posadas',19),(1389,'Ulrika','Baptist','9817302','1951-10-17','San Martin 123','Rosario',3),(1390,'Tanner','Tunmore','8580644','1955-09-24','Colon 512','Villa Mercedes',6),(1391,'Paten','Idney','5385341','1958-06-19','Montevideo 1377','Capital Federal',1),(1392,'Ralf','Elcy','6951360','1959-03-15','Sarmiento 34','Cordoba',4),(1393,'Cecilla','Dounbare','8405674','1952-11-02','Montevideo 1377','La Plata',2),(1394,'Gretal','Franceschi','8224117','1945-04-15','Rivadavia 678','La Rioja',13),(1395,'Eustacia','Mockler','5229610','1960-05-19','Cordoba 210','San Fernando del Valle',14),(1396,'Trixi','Madigan','9341409','1947-05-03','San Martin 123','Salta',15),(1397,'Valera','Tuxsell','5037243','1949-06-29','Mitre 89','Formosa',21),(1398,'August','Sudron','6660482','1949-11-27','Sarmiento 34','Rosario',3),(1399,'Leilah','Dacres','8941284','1955-08-30','Rivadavia 678','Villa Mercedes',6),(1400,'Leora','Twinn','7896961','1960-08-02','Belgrano 45','Monte Caseros',18),(1401,'Max','Crewther','5420104','1952-05-19','Colon 512','Capital Federal',1),(1402,'Hamlen','Maymand','5120799','1953-08-24','Mitre 89','Resistencia',20),(1403,'Eada','Petrik','5249895','1951-05-22','Cordoba 210','San Salvador de Jujuy',16),(1404,'Wilt','Stemp','8813482','1946-06-19','Sarmiento 34','Parana',17),(1405,'Kristin','Gonin','8125557','1960-11-16','San Martin 123','La Banda',5),(1406,'Robinett','Duffell','9170981','1953-07-09','Uruguay 1345','Parana',17),(1407,'Jack','Dwyer','9662124','1951-10-23','Cordoba 210','Santa Rosa',9),(1408,'Philomena','Brithman','8269817','1945-06-02','Cordoba 210','Capital Federal',1),(1409,'Adham','Strethill','6979496','1958-09-21','Sarmiento 34','General Roca',10),(1410,'Leonora','Doree','8100219','1960-02-09','Uruguay 1345','San Juan',8),(1411,'Zenia','Donalson','8225992','1955-01-25','San Martin 123','Capital Federal',1),(1412,'Shelba','Davio','8072973','1948-05-11','Colon 512','La Banda',5),(1413,'Gabi','Gladeche','8033639','1952-06-16','Cordoba 210','La Banda',5),(1414,'Mitch','Killingback','9186941','1960-05-16','Cabildo 555','Cordoba',4),(1415,'Conrado','Crisp','5180027','1952-04-06','Rivadavia 678','La Plata',2),(1416,'Alair','ffrench Beytagh','6382372','1955-02-08','Belgrano 45','General Roca',10),(1417,'Gerome','Junes','9954679','1950-04-23','Sarmiento 34','San Fernando del Valle',14),(1418,'Joly','Stormes','7921377','1954-07-16','Sarmiento 34','San Miguel de Tucuman',12),(1419,'Vince','Hollingsby','8492299','1953-07-30','Cordoba 210','General Roca',10),(1420,'Simonne','Rawsthorne','9661403','1958-05-21','Colon 512','Resistencia',20),(1421,'Ashleigh','Ivanishchev','5008964','1959-06-11','Rivadavia 678','San Juan',8),(1422,'Lilla','Gwinnel','7411688','1960-01-13','Montevideo 1377','Formosa',21),(1423,'Tome','Smeath','7390124','1949-07-23','Independencia 45','Salta',15),(1424,'Karie','Skipperbottom','5971759','1958-11-18','Uruguay 1345','Salta',15),(1425,'Sayre','Sprigin','9133075','1958-12-19','Montevideo 1377','Rosario',3),(1426,'Vanny','Lilloe','7445642','1952-12-07','Independencia 45','Mendoza',7),(1427,'Debora','McCorkell','8584038','1945-07-27','Cordoba 210','Posadas',19),(1428,'Ewart','Proswell','9785065','1947-12-23','Belgrano 45','Cordoba',4),(1429,'Hali','Really','5255138','1959-12-23','Sarmiento 34','Neuquen',11),(1430,'Elfrieda','Heiton','7035449','1951-04-03','Independencia 45','Neuquen',11),(1431,'Berni','Thornewill','8167933','1948-05-19','Cordoba 210','Parana',17),(1432,'Shelli','Rozzell','9004447','1945-09-29','Colon 512','Cordoba',4),(1433,'Micaela','Flook','6043301','1959-11-11','San Martin 123','Capital Federal',1),(1434,'Marijn','Oulett','8135135','1960-01-30','Sarmiento 34','Santa Rosa',9),(1435,'Codie','Budd','5289092','1947-07-04','Cabildo 555','Monte Caseros',18),(1436,'Matelda','Handlin','5761261','1959-11-03','Mitre 89','Salta',15),(1437,'Stoddard','Lyddy','5645969','1945-12-21','Independencia 45','San Salvador de Jujuy',16),(1438,'Amalle','Baford','9197258','1959-02-04','Sarmiento 34','General Roca',10),(1439,'Tabbie','Blowes','8818259','1954-10-02','Cordoba 210','General Roca',10),(1440,'Loria','Khrishtafovich','6200219','1945-12-19','Independencia 45','Monte Caseros',18),(1441,'Langsdon','Pickaver','7939615','1947-08-16','Sarmiento 34','Capital Federal',1),(1442,'Gusella','Kirsop','7400375','1958-10-18','Colon 512','Santa Rosa',9),(1443,'Gloria','Sudworth','8876324','1946-09-19','Independencia 45','Parana',17),(1444,'Sebastian','Phelip','9734069','1951-05-16','Independencia 45','Cordoba',4),(1445,'Charline','Juckes','8753516','1954-10-28','Sarmiento 34','La Rioja',13),(1446,'Roana','Belfelt','9274303','1952-11-28','Cabildo 555','La Banda',5),(1447,'Earlie','Vassel','8597341','1947-07-03','Belgrano 45','Rosario',3),(1448,'Malvina','Couper','5125929','1953-09-19','Cabildo 555','La Rioja',13),(1449,'Tobe','Weighell','5287547','1954-04-18','San Martin 123','Santa Rosa',9),(1450,'Ingemar','Leel','9191500','1952-05-26','Belgrano 45','Rosario',3),(1451,'Aurie','Bolf','6704200','1959-12-29','Independencia 45','General Roca',10),(1452,'Rodger','Devil','9184318','1960-07-19','Rivadavia 678','Neuquen',11),(1453,'Mahmoud','Cole','9141250','1956-12-12','Colon 512','La Plata',2),(1454,'Minnnie','Sillito','5175570','1950-06-01','Mitre 89','San Miguel de Tucuman',12),(1455,'Pearl','Fredson','7450882','1950-03-21','San Martin 123','La Banda',5),(1456,'Jazmin','Vasin','5776383','1957-10-16','Colon 512','La Rioja',13),(1457,'Wilden','Lemme','9311038','1952-12-06','Mitre 89','La Banda',5),(1458,'Cleo','Whiteley','8609212','1948-12-15','Montevideo 1377','Posadas',19),(1459,'Elli','Gregorowicz','6815547','1949-12-05','Independencia 45','La Banda',5),(1460,'Hillyer','Davidovitch','8169481','1953-05-08','Rivadavia 678','San Miguel de Tucuman',12),(1461,'Issie','Peregrine','8376791','1955-06-05','Colon 512','Posadas',19),(1462,'Delora','Brenton','6324491','1948-10-27','Uruguay 1345','Capital Federal',1),(1463,'Hynda','Ferriday','9741853','1957-11-20','Belgrano 45','Santa Rosa',9),(1464,'Reinold','Johnstone','6439808','1949-12-24','Rivadavia 678','General Roca',10),(1465,'Avie','Wilcocks','5881020','1950-02-03','Belgrano 45','San Salvador de Jujuy',16),(1466,'Kimball','Brigden','8160382','1959-11-21','Mitre 89','San Salvador de Jujuy',16),(1467,'Minda','Holgan','7555582','1955-05-28','Uruguay 1345','La Rioja',13),(1468,'Stanleigh','Ramble','9071476','1953-07-16','Cabildo 555','Cordoba',4),(1469,'Karyn','Baston','5466994','1955-08-08','Uruguay 1345','Resistencia',20),(1470,'My','Seniour','6128333','1956-05-07','Colon 512','Cordoba',4),(1471,'Ethelin','LaBastida','8449165','1955-06-12','Independencia 45','Mendoza',7),(1472,'Clareta','Evelyn','9575359','1954-01-27','Colon 512','San Salvador de Jujuy',16),(1473,'Rosaleen','Daniele','9297510','1952-10-25','Colon 512','Neuquen',11),(1474,'Babs','Clyma','7774012','1960-01-21','Uruguay 1345','Cordoba',4),(1475,'Aleece','Zimmermanns','5857289','1952-09-12','Cordoba 210','Villa Mercedes',6),(1476,'Gustav','Gillopp','9950075','1955-09-04','Colon 512','Formosa',21),(1477,'Vincents','Lomis','5156035','1946-04-28','San Martin 123','Rosario',3),(1478,'Reynold','Jellicorse','7409122','1957-02-04','Sarmiento 34','Parana',17),(1479,'Maxy','Boecke','6252579','1954-05-08','Cabildo 555','Formosa',21),(1480,'Conway','Wickey','9112571','1949-08-02','Mitre 89','Salta',15),(1481,'Dareen','Yurocjkin','5621245','1952-11-08','Independencia 45','General Roca',10),(1482,'Tucker','Elbourn','7324440','1953-05-04','Sarmiento 34','Villa Mercedes',6),(1483,'Tamra','Streeten','9845577','1959-09-24','Cordoba 210','Capital Federal',1),(1484,'Townie','Denkel','8336177','1958-05-24','Independencia 45','La Banda',5),(1485,'Barbaraanne','Demschke','8276013','1960-02-25','Sarmiento 34','San Fernando del Valle',14),(1486,'Peyter','MacCurley','6718511','1951-12-17','Colon 512','La Rioja',13),(1487,'Winnifred','Philipp','6716980','1948-07-06','Independencia 45','La Rioja',13),(1488,'Egon','Strangwood','9041275','1946-07-24','Independencia 45','Mendoza',7),(1489,'Sheeree','Palke','6821929','1960-10-09','Sarmiento 34','San Salvador de Jujuy',16),(1490,'Chance','Bovaird','6340677','1956-06-14','Cabildo 555','Salta',15),(1491,'Kelsey','Goddard','5867221','1947-07-03','Belgrano 45','Cordoba',4),(1492,'Christoffer','Hadwick','6111825','1956-04-26','Cabildo 555','San Juan',8),(1493,'Isa','Haggata','6578350','1950-05-31','San Martin 123','Rosario',3),(1494,'Estell','Budnik','7459599','1960-07-08','Belgrano 45','Parana',17),(1495,'Sharai','Sidey','5324744','1955-06-13','Independencia 45','Neuquen',11),(1496,'Lindi','Sappy','7830850','1946-04-24','Rivadavia 678','Cordoba',4),(1497,'Danika','Bezemer','8308002','1957-07-30','Colon 512','Mendoza',7),(1498,'Daron','Yaxley','9724934','1955-03-01','Mitre 89','Capital Federal',1),(1499,'Enid','Cowoppe','9425970','1956-07-16','San Martin 123','Resistencia',20),(1500,'Gerry','Elrick','9708056','1960-04-27','Colon 512','Monte Caseros',18),(1501,'Haily','Chasmar','8799075','1945-10-28','Mitre 89','Capital Federal',1),(1502,'Flo','Tunsley','5481799','1955-12-27','Montevideo 1377','Neuquen',11),(1503,'Barnie','Sivell','9216757','1953-02-11','Independencia 45','La Plata',2),(1504,'Stu','Chamberlain','8554823','1947-08-05','Rivadavia 678','Mendoza',7),(1505,'Henrietta','Battersby','7163261','1955-10-22','Colon 512','Capital Federal',1),(1506,'Davina','Gadesby','9409326','1952-05-18','Uruguay 1345','La Banda',5),(1507,'Any','Sames','8998147','1946-11-11','Belgrano 45','Mendoza',7),(1508,'Aline','Mulles','8759492','1954-07-28','Rivadavia 678','La Banda',5),(1509,'Lou','Boggon','9257760','1953-05-21','Belgrano 45','Villa Mercedes',6),(1510,'Farand','Greber','8651533','1948-06-16','Mitre 89','San Fernando del Valle',14),(1511,'Jane','Dorgan','7907282','1949-05-29','Uruguay 1345','Parana',17),(1512,'Una','Belham','8094762','1960-06-17','Cabildo 555','Salta',15),(1513,'Ricky','Jeannaud','6796191','1948-07-17','Uruguay 1345','Cordoba',4),(1514,'Vally','Peaker','5881330','1952-02-28','Colon 512','San Fernando del Valle',14),(1515,'Simeon','Dyerson','6038309','1951-05-02','Independencia 45','Parana',17),(1516,'Saundra','Thiolier','8279045','1945-10-20','Colon 512','Cordoba',4),(1517,'Merci','Larcier','8731232','1952-12-11','Colon 512','General Roca',10),(1518,'Alfie','Porcher','6308806','1957-05-02','Uruguay 1345','Neuquen',11),(1519,'Georgina','Spiniello','9146995','1960-08-18','Cordoba 210','Parana',17),(1520,'Judy','Innes','8386025','1950-10-23','Colon 512','Cordoba',4),(1521,'Rosalia','Richens','8639461','1952-06-21','San Martin 123','San Fernando del Valle',14),(1522,'Lewie','Stratton','7354685','1946-07-03','Sarmiento 34','Posadas',19),(1523,'Erica','Haskayne','7028424','1949-07-06','Cabildo 555','San Fernando del Valle',14),(1524,'Deonne','Latter','5783710','1946-01-05','Mitre 89','Posadas',19),(1525,'Seward','Tesseyman','9793009','1955-07-22','Independencia 45','Rosario',3),(1526,'Asa','Shakle','6017359','1954-11-10','Sarmiento 34','Parana',17),(1527,'Olvan','Danks','6304755','1947-04-17','Cordoba 210','Salta',15),(1528,'Ardyce','Szymanowski','6493642','1954-05-23','Independencia 45','Neuquen',11),(1529,'Clarinda','Priest','5260220','1954-10-18','Sarmiento 34','General Roca',10),(1530,'Blaine','Konrad','7300108','1956-06-16','Colon 512','Mendoza',7),(1531,'Archambault','Bartali','9265548','1945-08-30','Independencia 45','Villa Mercedes',6),(1532,'Fancy','Blooman','9410137','1951-11-13','Independencia 45','Monte Caseros',18),(1533,'Chen','Toplin','5337169','1956-11-24','Sarmiento 34','Cordoba',4),(1534,'Holt','Braune','7062053','1956-11-15','Cabildo 555','Salta',15),(1535,'Trudi','Hast','5757629','1957-10-14','Belgrano 45','Salta',15),(1536,'Moyra','Ferber','8727864','1953-05-30','Cabildo 555','Villa Mercedes',6),(1537,'Valry','Lyttle','5920367','1946-07-22','San Martin 123','Neuquen',11),(1538,'Hugo','Paszak','9068363','1949-07-27','Belgrano 45','Santa Rosa',9),(1539,'Andrei','Marriner','8900813','1956-08-28','Independencia 45','Rosario',3),(1540,'Winny','Noir','6336744','1947-10-21','Rivadavia 678','Parana',17),(1541,'Diego','Chalice','9855522','1952-07-10','Colon 512','Salta',15),(1542,'Gaelan','Mingaye','6075737','1945-04-27','Mitre 89','Villa Mercedes',6),(1543,'Kain','Illidge','8283312','1947-03-10','San Martin 123','La Rioja',13),(1544,'Andreana','Arnaut','9299925','1960-10-08','Colon 512','San Salvador de Jujuy',16),(1545,'Berty','Gregoraci','7456432','1952-07-01','Mitre 89','Formosa',21),(1546,'Ignatius','Rochford','6149494','1947-09-16','Montevideo 1377','San Fernando del Valle',14),(1547,'Upton','Cawdery','7696112','1950-03-17','Independencia 45','La Banda',5),(1548,'Roarke','Skurm','7357759','1959-04-10','Rivadavia 678','Posadas',19),(1549,'Vinson','Sivil','7788858','1951-06-16','Colon 512','San Fernando del Valle',14),(1550,'Nedi','Jeannenet','9835940','1954-07-14','Uruguay 1345','Cordoba',4),(1551,'Tedi','Kefford','9861001','1956-01-18','Belgrano 45','Posadas',19),(1552,'Helaina','Giacovetti','7756141','1946-11-20','Rivadavia 678','La Rioja',13),(1553,'Brendis','Berget','6205712','1958-05-14','Belgrano 45','Mendoza',7),(1554,'Gwyn','Duffan','6439865','1947-07-13','Mitre 89','Monte Caseros',18),(1555,'Jeniffer','Coltan','9143007','1949-06-14','Uruguay 1345','La Banda',5),(1556,'Abbe','Bigrigg','9488642','1948-06-18','Cabildo 555','Rosario',3),(1557,'Rosalind','Selland','6707797','1958-01-29','Uruguay 1345','Capital Federal',1),(1558,'Delinda','Gallant','9271902','1958-05-21','Colon 512','Santa Rosa',9),(1559,'Fields','Lippini','7092347','1958-03-14','Independencia 45','San Miguel de Tucuman',12),(1560,'Tallie','Harkins','7330954','1946-04-02','Colon 512','Mendoza',7),(1561,'Kora','Ferrettino','8369786','1959-09-21','Colon 512','San Juan',8),(1562,'Jess','Knappitt','5470105','1951-01-10','Uruguay 1345','Neuquen',11),(1563,'Alvinia','Lendon','9040679','1960-06-18','Cordoba 210','Villa Mercedes',6),(1564,'Sophronia','Van den Velde','6839178','1956-08-27','Colon 512','Parana',17),(1565,'Jamima','Pattrick','9393282','1945-04-04','San Martin 123','San Salvador de Jujuy',16),(1566,'Celesta','Robard','8957268','1955-05-05','Sarmiento 34','Rosario',3),(1567,'Sid','Dymond','7864668','1950-09-17','Cabildo 555','Santa Rosa',9),(1568,'Billy','Apperley','9848986','1954-06-22','Mitre 89','General Roca',10),(1569,'Gram','Olfert','8157251','1952-01-29','Independencia 45','Mendoza',7),(1570,'Abel','Prestedge','9438316','1953-01-13','Sarmiento 34','Monte Caseros',18),(1571,'Domenico','Glason','8661059','1955-08-14','Cordoba 210','Santa Rosa',9),(1572,'Calida','Yarrow','7117603','1949-10-21','Independencia 45','Santa Rosa',9),(1573,'Carlos','Dupey','8761586','1946-08-22','Sarmiento 34','Cordoba',4),(1574,'Scarlett','Mumby','8257617','1955-08-11','Colon 512','San Juan',8),(1575,'Avie','Dickie','6644059','1950-09-12','Independencia 45','Posadas',19),(1576,'Lebbie','Robeson','9487635','1948-01-27','Independencia 45','Salta',15),(1577,'Claiborne','Cameron','9772198','1953-11-22','Sarmiento 34','Cordoba',4),(1578,'Adi','Paoletto','8606900','1958-06-04','Cabildo 555','La Plata',2),(1579,'Reena','Dutch','5277660','1952-10-02','Belgrano 45','Villa Mercedes',6),(1580,'Catarina','Hamner','7422905','1953-04-27','Cabildo 555','San Fernando del Valle',14),(1581,'Anabelle','Meneo','7059321','1955-12-22','San Martin 123','Posadas',19),(1582,'Cris','Fryers','9047178','1952-03-24','Belgrano 45','General Roca',10),(1583,'Rozanne','Ruffey','6128340','1956-02-11','Independencia 45','La Rioja',13),(1584,'Georg','Scrimgeour','6735940','1955-05-30','Rivadavia 678','Capital Federal',1),(1585,'Lucio','McPheat','9805796','1957-03-26','Colon 512','San Fernando del Valle',14),(1586,'Dara','Swannie','5646736','1952-04-21','Mitre 89','Cordoba',4),(1587,'Leonie','Simoens','6571116','1952-06-22','San Martin 123','San Fernando del Valle',14),(1588,'Rowland','Janiszewski','9185380','1952-09-29','Colon 512','Villa Mercedes',6),(1589,'Katy','Hanton','5991071','1951-05-03','Mitre 89','San Miguel de Tucuman',12),(1590,'Jethro','Griffin','5186804','1951-09-22','Montevideo 1377','San Fernando del Valle',14),(1591,'Fawn','Mutter','7167446','1950-07-11','Independencia 45','Monte Caseros',18),(1592,'Kelly','Frontczak','8409852','1957-03-01','Rivadavia 678','Santa Rosa',9),(1593,'Douglas','Jennens','9429482','1952-03-11','Colon 512','San Juan',8),(1594,'Nanni','Studdeard','9571533','1948-06-16','Uruguay 1345','General Roca',10),(1595,'Alexandre','Treamayne','6477398','1946-06-05','Belgrano 45','General Roca',10),(1596,'Eydie','Lapping','6713546','1960-05-09','Rivadavia 678','San Miguel de Tucuman',12),(1597,'Kathlin','Rawsthorne','5079798','1950-11-06','Belgrano 45','Cordoba',4),(1598,'Reyna','Jaquest','7300611','1956-11-14','Mitre 89','Resistencia',20),(1599,'Nickey','Busch','8634478','1951-06-04','Uruguay 1345','San Juan',8),(1600,'Andie','Blanch','7968484','1948-11-16','Cabildo 555','General Roca',10),(1601,'Daren','Dallon','6816457','1960-01-15','Uruguay 1345','La Plata',2),(1602,'Rickard','Swynley','9739519','1959-05-17','Colon 512','Formosa',21),(1603,'Stepha','Brayley','8430559','1946-08-03','Independencia 45','La Rioja',13),(1604,'Gus','Gardner','5612074','1950-02-27','Colon 512','Posadas',19),(1605,'Keir','Erdis','7317307','1947-09-10','Colon 512','San Fernando del Valle',14),(1606,'Tuesday','Tubble','5877546','1945-04-28','Uruguay 1345','Resistencia',20),(1607,'Suellen','Redgewell','5298179','1949-07-08','Cordoba 210','Neuquen',11),(1608,'Marni','Tolland','7075781','1956-07-05','Colon 512','Rosario',3),(1609,'Ilario','MacCumiskey','8020595','1951-12-10','San Martin 123','Mendoza',7),(1610,'Ailina','Trevallion','8332679','1958-01-13','Sarmiento 34','Formosa',21),(1611,'Frederico','Posselow','6874263','1952-10-10','Cabildo 555','La Banda',5),(1612,'Jolyn','Medforth','5146831','1945-09-19','Mitre 89','Mendoza',7),(1613,'Farley','Warstall','6214613','1945-07-06','Independencia 45','Santa Rosa',9),(1614,'Livvie','Jammet','7404964','1951-10-13','Sarmiento 34','Salta',15),(1615,'Sunny','Robson','8317107','1959-07-09','Cordoba 210','Resistencia',20),(1616,'Rad','Smidmoor','9916047','1945-05-09','Independencia 45','Capital Federal',1),(1617,'Slade','Grinikhinov','5664522','1959-11-02','Sarmiento 34','Resistencia',20),(1618,'Lillian','Grundey','5068264','1945-09-30','Colon 512','Neuquen',11),(1619,'Arlana','Temlett','6449439','1950-11-18','Independencia 45','Parana',17),(1620,'Pierce','Zieme','9545795','1947-04-08','Independencia 45','Neuquen',11),(1621,'Kristyn','Reddings','9272538','1948-07-22','Sarmiento 34','La Plata',2),(1622,'Chucho','Poplee','9050347','1954-03-17','Cabildo 555','Mendoza',7),(1623,'Allison','Carmody','8036591','1951-02-26','Belgrano 45','Posadas',19),(1624,'Maximo','Domaschke','7370191','1946-10-07','Cabildo 555','Cordoba',4),(1625,'Gilda','Collip','6853738','1949-03-22','San Martin 123','Rosario',3),(1626,'Blondell','Torel','8299649','1959-08-27','Belgrano 45','San Juan',8),(1627,'Codie','Sapauton','5076929','1957-10-27','Independencia 45','Neuquen',11),(1628,'Kimmy','Jeanon','8128091','1956-05-18','Rivadavia 678','Santa Rosa',9),(1629,'Rodge','Gunby','7559550','1953-06-03','Colon 512','San Salvador de Jujuy',16),(1630,'Bernard','Hyde-Chambers','9680364','1954-01-06','Mitre 89','Salta',15),(1631,'Nesta','Karlik','6003632','1953-12-28','San Martin 123','Neuquen',11),(1632,'Herb','Aimable','9535513','1957-04-07','Colon 512','La Banda',5),(1633,'Amandie','Turmell','9844441','1953-05-10','Mitre 89','Cordoba',4),(1634,'Gavra','Marrow','7721838','1946-09-11','Montevideo 1377','Resistencia',20),(1635,'Sarine','Krimmer','8557113','1947-01-18','Independencia 45','Parana',17),(1636,'Lonny','Clay','6479324','1959-10-06','Rivadavia 678','San Juan',8),(1637,'Aron','Cockrill','5286671','1947-01-29','Colon 512','General Roca',10),(1638,'Pepillo','Campey','5050979','1946-03-22','Uruguay 1345','San Miguel de Tucuman',12),(1639,'Tallia','Jessard','7064318','1960-02-23','Belgrano 45','San Fernando del Valle',14),(1640,'Thurston','Woolfall','6742450','1960-06-07','Rivadavia 678','Rosario',3),(1641,'Ugo','Nuscha','5766255','1959-07-13','Belgrano 45','Mendoza',7),(1642,'Suzy','Oliver','7560177','1954-02-15','Mitre 89','Parana',17),(1643,'Jessie','Barritt','6701122','1948-08-12','Uruguay 1345','La Plata',2),(1644,'Waverly','Wheadon','9040100','1956-07-04','Cabildo 555','Resistencia',20),(1645,'Birdie','Novichenko','6885052','1950-02-04','Uruguay 1345','Rosario',3),(1646,'Brendon','Stanaway','7997021','1957-09-26','Colon 512','La Rioja',13),(1647,'Conn','Champagne','8626166','1957-07-24','Independencia 45','Monte Caseros',18),(1648,'Karee','Boulds','9651320','1960-04-26','Colon 512','Capital Federal',1),(1649,'Lyndsey','Gerssam','6247645','1956-08-20','Colon 512','San Juan',8),(1650,'Dara','Okill','5118932','1955-07-21','Uruguay 1345','San Miguel de Tucuman',12),(1651,'Adolphe','Wilkins','7535524','1945-09-27','Cordoba 210','San Salvador de Jujuy',16),(1652,'Rosemaria','Rikard','9149734','1954-10-12','Colon 512','La Plata',2),(1653,'Elizabeth','Stubbings','8593402','1948-07-24','San Martin 123','Formosa',21),(1654,'Allard','Malkinson','6757267','1945-06-28','Sarmiento 34','La Rioja',13),(1655,'Stephannie','Antonoyev','6542504','1947-02-13','Cabildo 555','Capital Federal',1),(1656,'Paton','Chaffen','9690963','1960-04-04','Mitre 89','Capital Federal',1),(1657,'Salaidh','Lycett','9184901','1955-09-08','Independencia 45','Salta',15),(1658,'Peggie','Charlot','5166996','1949-08-10','Sarmiento 34','Cordoba',4),(1659,'Tirrell','Lepper','8774312','1952-03-05','Cordoba 210','Posadas',19),(1660,'Thia','Greystock','9569339','1949-11-07','Independencia 45','Neuquen',11),(1661,'Clywd','Coopey','8640538','1955-09-25','Sarmiento 34','Posadas',19),(1662,'Idalina','Melan','8469179','1959-11-21','Colon 512','La Banda',5),(1663,'Giordano','Swainson','9746927','1957-01-13','Independencia 45','Neuquen',11),(1664,'Darcy','Wannell','5234625','1954-04-25','Independencia 45','Villa Mercedes',6),(1665,'Bobbette','Prichard','5004517','1952-02-02','Sarmiento 34','Parana',17),(1666,'Star','Benting','8099919','1946-12-06','Cabildo 555','Mendoza',7),(1667,'Annmaria','Casbon','7240146','1948-04-11','Belgrano 45','Santa Rosa',9),(1668,'Tedie','Bradder','8869834','1946-09-24','Cabildo 555','San Fernando del Valle',14),(1669,'Paul','Malatalant','5265471','1945-06-08','San Martin 123','Cordoba',4),(1670,'Rowan','Jado','8947619','1951-10-13','Belgrano 45','Formosa',21),(1671,'Vasilis','Stollenberg','6210300','1948-12-26','Independencia 45','San Juan',8),(1672,'Palmer','Cornelissen','6595933','1953-05-03','Rivadavia 678','La Plata',2),(1673,'Townsend','Rosekilly','8985943','1952-05-03','Colon 512','General Roca',10),(1674,'Wilbert','Buckam','6419864','1953-09-10','Mitre 89','Formosa',21),(1675,'Win','Adolthine','5322191','1951-06-13','San Martin 123','Monte Caseros',18),(1676,'Alex','Britten','7462742','1951-01-25','Colon 512','San Fernando del Valle',14),(1677,'Kore','Matijasevic','6421255','1947-02-08','Mitre 89','Santa Rosa',9),(1678,'Petronia','Eite','7500068','1958-10-26','Montevideo 1377','Santa Rosa',9),(1679,'Ryun','Davidescu','5897506','1953-01-03','Independencia 45','Resistencia',20),(1680,'Jodi','Copcutt','8645569','1958-01-30','Rivadavia 678','Monte Caseros',18),(1681,'Orelle','Allbrook','7105047','1957-08-22','Colon 512','La Plata',2),(1682,'Amandy','Manwaring','7065362','1959-06-30','Uruguay 1345','Posadas',19),(1683,'Lefty','Barde','7655737','1953-07-14','Belgrano 45','San Fernando del Valle',14),(1684,'Darwin','Linford','9676147','1958-12-30','Rivadavia 678','San Miguel de Tucuman',12),(1685,'Florie','Dursley','6882216','1950-12-18','Belgrano 45','Formosa',21),(1686,'Harlan','Antusch','7351375','1959-12-24','Mitre 89','San Salvador de Jujuy',16),(1687,'Kora','Chesher','9350641','1949-10-17','Uruguay 1345','Santa Rosa',9),(1688,'Manuel','Joselevitch','8027590','1954-02-09','Cabildo 555','Cordoba',4),(1689,'Marissa','Jancic','6194627','1953-07-17','Uruguay 1345','Resistencia',20),(1690,'Tobi','Piller','7716820','1955-07-14','Colon 512','General Roca',10),(1691,'Coral','Aliman','7413589','1958-06-24','Independencia 45','General Roca',10),(1692,'Alexandro','Suche','6367395','1949-10-29','Colon 512','San Fernando del Valle',14),(1693,'L;urette','Jurisch','5499540','1948-05-21','Colon 512','Santa Rosa',9),(1694,'Timi','Blatcher','5644650','1948-11-24','Uruguay 1345','General Roca',10),(1695,'Ailis','O\'Crotty','9272870','1957-02-02','Cordoba 210','Monte Caseros',18),(1696,'Falito','Murrill','8501018','1950-07-03','Montevideo 1377','La Banda',5),(1697,'Ardelle','Bibb','9456343','1953-07-06','Sarmiento 34','Parana',17),(1698,'Nissie','Sheran','9649333','1946-09-26','Montevideo 1377','Posadas',19),(1699,'Urban','Weatherhill','6564044','1951-01-15','Rivadavia 678','San Fernando del Valle',14),(1700,'Tabby','Cadogan','6637340','1952-10-30','Cordoba 210','Villa Mercedes',6),(1701,'Robbie','Ankrett','8204603','1957-01-23','San Martin 123','La Banda',5),(1702,'Shannon','Yitshak','5259214','1951-08-03','Mitre 89','San Fernando del Valle',14),(1703,'Jermaine','Allardyce','9617545','1947-08-12','Sarmiento 34','Formosa',21),(1704,'Hana','Hall','9767289','1949-01-16','Rivadavia 678','La Plata',2),(1705,'Hewet','Bodicam','7034578','1959-10-24','Belgrano 45','Neuquen',11),(1706,'Vaclav','Whitsey','8971486','1960-04-09','Colon 512','San Fernando del Valle',14),(1707,'Les','Tregear','6382863','1959-08-17','Mitre 89','Parana',17),(1708,'Maribelle','Merner','6433453','1947-03-17','Cordoba 210','San Fernando del Valle',14),(1709,'Jonell','Keyzor','5625640','1954-11-25','Sarmiento 34','La Rioja',13),(1710,'Fallon','Raggitt','6562246','1949-08-08','San Martin 123','San Miguel de Tucuman',12),(1711,'Kip','Henrionot','6247435','1960-10-02','Uruguay 1345','Resistencia',20),(1712,'Gipsy','Walenta','5659966','1958-01-14','Cordoba 210','Posadas',19),(1713,'Aimee','Folshom','7917178','1953-12-03','Cordoba 210','Parana',17),(1714,'Tore','Stodart','7379574','1956-05-10','Sarmiento 34','La Plata',2),(1715,'Bernetta','Knowlton','6249149','1955-06-10','Uruguay 1345','Monte Caseros',18),(1716,'Kirsti','Bicheno','6924473','1954-08-14','San Martin 123','Parana',17),(1717,'Marcella','Scholefield','5349555','1953-06-17','Colon 512','Resistencia',20),(1718,'Gay','Cubuzzi','5532369','1959-05-06','Cordoba 210','Neuquen',11),(1719,'Fanchette','Emburey','8794272','1949-11-11','Cabildo 555','Posadas',19),(1720,'Hurleigh','Nevins','7542268','1948-09-18','Rivadavia 678','Posadas',19),(1721,'Nicko','Sauter','9378421','1946-03-27','Belgrano 45','Cordoba',4),(1722,'Frederica','Ranner','5881081','1950-04-05','Sarmiento 34','Mendoza',7),(1723,'Irv','Bruckner','7685456','1954-04-30','Sarmiento 34','Resistencia',20),(1724,'Quill','Sotheby','9011855','1958-03-24','Cordoba 210','San Juan',8),(1725,'Roman','Pirolini','5851802','1958-07-03','Colon 512','Mendoza',7),(1726,'Tamas','Rawle','9294301','1953-06-18','Rivadavia 678','Monte Caseros',18),(1727,'Melba','Elmhirst','9274250','1947-07-15','Montevideo 1377','Parana',17),(1728,'Helga','Bagworth','7291783','1948-10-10','Independencia 45','Salta',15),(1729,'Stacee','O\'Cullen','5082344','1960-10-25','Uruguay 1345','Resistencia',20),(1730,'Demetris','Houndsom','5272822','1948-06-05','Montevideo 1377','La Banda',5),(1731,'Shelba','Armour','5999244','1953-09-14','Independencia 45','Santa Rosa',9),(1732,'Emmery','Cafferty','5984361','1950-12-11','Cordoba 210','Villa Mercedes',6),(1733,'Rebeka','Pym','5060334','1956-06-06','Belgrano 45','Resistencia',20),(1734,'Eugenia','McCarl','5689878','1957-07-26','Sarmiento 34','Santa Rosa',9),(1735,'Jeanelle','Sambells','5421562','1956-01-14','Independencia 45','San Fernando del Valle',14),(1736,'Sela','Beecheno','9618219','1956-07-14','Cordoba 210','Mendoza',7),(1737,'Marnie','Oherlihy','8393891','1949-02-23','Colon 512','Santa Rosa',9),(1738,'Linette','O\' Hern','5387927','1952-08-18','San Martin 123','Cordoba',4),(1739,'Reinhold','Saterthwait','5790399','1954-09-29','Sarmiento 34','La Rioja',13),(1740,'Ainslie','Bittlestone','5464524','1950-06-27','Cabildo 555','Rosario',3),(1741,'Ralf','Cardenoza','5431329','1952-09-21','Mitre 89','Posadas',19),(1742,'Becca','Le Grys','8500899','1958-05-09','Independencia 45','La Plata',2),(1743,'Currey','Arstingall','7444183','1951-12-14','Sarmiento 34','La Rioja',13),(1744,'Mellie','Daber','7676153','1956-01-14','Cordoba 210','San Miguel de Tucuman',12),(1745,'Nahum','Trewhella','8505294','1947-06-05','Independencia 45','La Banda',5),(1746,'Enrica','Imlaw','5866812','1946-09-08','Sarmiento 34','Capital Federal',1),(1747,'Alan','Ventum','6035313','1950-10-25','Colon 512','San Salvador de Jujuy',16),(1748,'Melodie','Driver','9617296','1956-07-11','Independencia 45','La Rioja',13),(1749,'Stanislaus','Abrahamsohn','5392674','1960-06-01','Independencia 45','San Fernando del Valle',14),(1750,'Audrye','McReynold','7496224','1960-12-01','Sarmiento 34','Rosario',3),(1751,'Jaimie','Gaw','8630958','1945-09-05','Cabildo 555','Monte Caseros',18),(1752,'Rourke','Reveland','8818418','1954-01-22','Belgrano 45','San Salvador de Jujuy',16),(1753,'Jaimie','Jakubovski','5588815','1956-06-24','Cabildo 555','Cordoba',4),(1754,'Wilhelm','Barrick','8180722','1955-07-20','San Martin 123','Posadas',19),(1755,'Serge','Olliver','8584220','1945-08-12','Belgrano 45','San Salvador de Jujuy',16),(1756,'Free','Grigolon','7513903','1952-03-16','Independencia 45','San Fernando del Valle',14),(1757,'Adolphus','McKerron','9493184','1955-03-27','Rivadavia 678','La Banda',5),(1758,'Hewett','Ecclestone','9444485','1952-11-18','Colon 512','General Roca',10),(1759,'Roderich','Wixey','7208607','1955-01-30','Mitre 89','Rosario',3),(1760,'Etta','Garmon','9446047','1946-12-12','San Martin 123','Capital Federal',1),(1761,'Michelina','Leibold','7206595','1958-11-28','Colon 512','General Roca',10),(1762,'Symon','Cowpland','8371588','1957-09-27','Mitre 89','Parana',17),(1763,'Kassandra','Chinery','8070003','1959-10-19','Montevideo 1377','San Fernando del Valle',14),(1764,'Rick','Danher','5057870','1951-03-08','Independencia 45','Villa Mercedes',6),(1765,'Edithe','Pindell','8839316','1956-12-09','Rivadavia 678','Resistencia',20),(1766,'Milton','Phelan','5672248','1957-10-21','Colon 512','San Fernando del Valle',14),(1767,'Caron','Mager','7187140','1947-01-02','Uruguay 1345','Neuquen',11),(1768,'Ardith','Puttergill','9320052','1948-03-13','Belgrano 45','San Fernando del Valle',14),(1769,'Pammi','Druery','9924928','1957-12-09','Rivadavia 678','Mendoza',7),(1770,'Candice','Strass','7690928','1960-08-16','Belgrano 45','Resistencia',20),(1771,'Budd','Taylo','7280135','1957-09-20','Mitre 89','Resistencia',20),(1772,'Avivah','Hars','9611249','1955-10-19','Uruguay 1345','Capital Federal',1),(1773,'Katheryn','Hierro','8121177','1950-12-31','Cabildo 555','Cordoba',4),(1774,'Lemmy','Salvati','5085817','1953-10-20','Uruguay 1345','Rosario',3),(1775,'Amye','Maplethorpe','7850387','1951-03-05','Colon 512','San Salvador de Jujuy',16),(1776,'Emeline','Gianullo','6874033','1954-03-13','Independencia 45','La Banda',5),(1777,'Emalee','Fassbender','5374187','1955-12-17','Colon 512','La Plata',2),(1778,'Faun','Songust','9984239','1958-03-19','Colon 512','Resistencia',20),(1779,'Adi','Kunze','6260171','1948-07-13','Uruguay 1345','La Banda',5),(1780,'Win','Naismith','7009877','1950-09-02','Cordoba 210','Rosario',3),(1781,'Rosene','Stocker','7414884','1958-04-07','Colon 512','Salta',15),(1782,'Margret','Friar','7574518','1951-02-05','San Martin 123','General Roca',10),(1783,'Ely','Stoltz','8339199','1953-10-30','Sarmiento 34','La Rioja',13),(1784,'Juline','Belchamber','6365198','1955-12-01','Cabildo 555','Capital Federal',1),(1785,'Reinwald','Degue','5441076','1952-03-06','Mitre 89','Monte Caseros',18),(1786,'Kelvin','MacCrackan','5535887','1947-09-03','Independencia 45','General Roca',10),(1787,'Verina','Carvill','9791022','1948-06-24','Sarmiento 34','La Banda',5),(1788,'Philomena','Langeren','8436117','1947-11-08','Cordoba 210','Salta',15),(1789,'Sammy','Charlin','5761807','1955-11-26','Independencia 45','Neuquen',11),(1790,'Happy','Beachem','8926817','1957-07-03','Sarmiento 34','Santa Rosa',9),(1791,'Aidan','Campsall','7945580','1949-09-01','Colon 512','La Banda',5),(1792,'Vernon','Le Conte','9358680','1948-11-19','Independencia 45','Formosa',21),(1793,'Konstantine','Isoldi','5121690','1948-06-16','Independencia 45','San Miguel de Tucuman',12),(1794,'Mohammed','Ewbanche','8059790','1945-12-22','Sarmiento 34','Formosa',21),(1795,'Burty','Mansfield','7816719','1960-03-20','Cabildo 555','Formosa',21),(1796,'Antonina','Jeyness','7558506','1957-08-21','Belgrano 45','Formosa',21),(1797,'Tami','Habron','8215269','1954-04-27','Cabildo 555','Santa Rosa',9),(1798,'Artie','Sandry','9145904','1959-04-18','San Martin 123','Posadas',19),(1799,'Marthena','Meakin','9415865','1957-10-09','Belgrano 45','Capital Federal',1),(1800,'Alexis','Lacelett','9844662','1947-01-13','Independencia 45','Posadas',19),(1801,'Kassi','Bogie','6808137','1955-02-08','Rivadavia 678','Posadas',19),(1802,'Roderich','Farres','9996731','1956-04-18','Colon 512','Posadas',19),(1803,'Sherry','Redbourn','5984413','1950-04-13','Mitre 89','Villa Mercedes',6),(1804,'Cleve','Vereker','6298888','1952-04-24','San Martin 123','Formosa',21),(1805,'Cody','Cadlock','9111050','1947-11-09','Colon 512','Posadas',19),(1806,'Tiena','Vass','5473521','1951-12-02','Mitre 89','Capital Federal',1),(1807,'Ryon','Wass','5321402','1946-09-12','Montevideo 1377','Mendoza',7),(1808,'Giustino','Luff','6932791','1947-10-20','Independencia 45','Formosa',21),(1809,'Merridie','Roman','8045501','1949-12-12','Rivadavia 678','Santa Rosa',9),(1810,'Jethro','Kulicke','9720544','1950-04-17','Colon 512','General Roca',10),(1811,'Trisha','Arangy','5436451','1953-08-08','Uruguay 1345','Cordoba',4),(1812,'Trisha','Fruser','5953432','1958-09-02','Belgrano 45','Cordoba',4),(1813,'Seymour','Johansen','6272862','1945-11-13','Rivadavia 678','Mendoza',7),(1814,'Josh','Faraker','5456563','1948-05-28','Belgrano 45','San Juan',8),(1815,'Jilly','Allsup','7894630','1956-06-29','Mitre 89','Villa Mercedes',6),(1816,'Gibbie','Heinsh','9264779','1950-01-04','Uruguay 1345','Santa Rosa',9),(1817,'Norene','O\'Bradane','5873907','1956-08-31','Cabildo 555','San Miguel de Tucuman',12),(1818,'Craggy','Illsley','9159428','1954-11-08','Uruguay 1345','Rosario',3),(1819,'Julita','Tapley','5501515','1960-09-06','Colon 512','Salta',15),(1820,'Rodolfo','Paulich','5522114','1960-05-22','Independencia 45','Cordoba',4),(1821,'Sharia','De la Eglise','5211720','1949-09-18','Colon 512','General Roca',10),(1822,'Kingsly','Breward','9094646','1956-09-29','Colon 512','Salta',15),(1823,'Karita','Donneely','5832172','1954-03-23','Uruguay 1345','General Roca',10),(1824,'Nani','Bims','5707781','1952-09-09','Cordoba 210','Resistencia',20),(1825,'Pascale','Inman','7199239','1956-02-02','Colon 512','Cordoba',4),(1826,'Stevie','Odams','8399365','1958-05-07','San Martin 123','Villa Mercedes',6),(1827,'Wayne','Vouls','6811704','1949-01-06','Sarmiento 34','La Banda',5),(1828,'Bax','Jordon','9495938','1957-03-18','Cabildo 555','La Rioja',13),(1829,'Eydie','Minelli','7766533','1946-01-29','Mitre 89','Santa Rosa',9),(1830,'Jesselyn','Maddern','6674121','1955-12-26','Independencia 45','Rosario',3),(1831,'Eran','Bangley','5629412','1950-08-22','Sarmiento 34','Villa Mercedes',6),(1832,'Clarabelle','Haddeston','6906206','1955-11-26','Cordoba 210','La Banda',5),(1833,'Joyan','Trinke','9620896','1953-11-29','Independencia 45','Posadas',19),(1834,'Waylin','Wagon','5516392','1956-09-02','Sarmiento 34','Villa Mercedes',6),(1835,'Becca','Dashper','8406779','1959-06-13','Colon 512','La Rioja',13),(1836,'Roscoe','Nore','5886310','1950-12-11','Independencia 45','Villa Mercedes',6),(1837,'Elianore','Gay','6009052','1956-04-13','Independencia 45','Neuquen',11),(1838,'Boycie','Ortmann','5653756','1960-04-04','Sarmiento 34','Santa Rosa',9),(1839,'Antonie','Summerley','9440851','1956-03-04','Cabildo 555','Santa Rosa',9),(1840,'Casey','Trowler','7143529','1958-05-28','Belgrano 45','Parana',17),(1841,'Luciano','Chasles','9517282','1954-01-29','Cabildo 555','Parana',17),(1842,'Philippe','Nurny','6099302','1956-09-20','San Martin 123','Parana',17),(1843,'Terrijo','Leidecker','7373780','1950-02-25','Belgrano 45','Formosa',21),(1844,'Leia','Waldren','9356657','1951-07-09','Independencia 45','Posadas',19),(1845,'Bibby','Karpman','9519449','1951-05-01','Rivadavia 678','Rosario',3),(1846,'Serena','Rowdell','5671029','1947-12-05','Colon 512','Cordoba',4),(1847,'Faina','Leon','7698589','1955-10-22','Mitre 89','Resistencia',20),(1848,'Skip','Ratt','6089342','1951-05-20','San Martin 123','Parana',17),(1849,'Tana','Anelay','6982510','1950-04-05','Colon 512','Santa Rosa',9),(1850,'Avery','Maps','9804355','1957-12-08','Mitre 89','Salta',15),(1851,'Georgia','Lacroux','8907742','1950-03-28','Montevideo 1377','San Fernando del Valle',14),(1852,'Roy','Meakin','8100472','1958-05-23','Independencia 45','Resistencia',20),(1853,'Ashely','Galvin','8086779','1946-12-07','Rivadavia 678','Neuquen',11),(1854,'Joya','Van der Merwe','8080771','1948-06-10','Colon 512','Santa Rosa',9),(1855,'Shelba','Anfosso','5087057','1956-06-24','Uruguay 1345','Neuquen',11),(1856,'Corrinne','Harome','7962150','1957-07-19','Belgrano 45','Rosario',3),(1857,'Emmerich','Boate','6411616','1956-12-24','Rivadavia 678','Parana',17),(1858,'Joyan','Masterson','9209163','1958-04-19','Belgrano 45','Posadas',19),(1859,'Eliot','Disley','6281000','1950-08-05','Mitre 89','Posadas',19),(1860,'Lizzie','Caulton','7880110','1954-12-23','Uruguay 1345','General Roca',10),(1861,'Fair','Grieves','8027023','1960-02-19','Cabildo 555','La Banda',5),(1862,'Padriac','Manvell','8150303','1951-07-09','Uruguay 1345','San Fernando del Valle',14),(1863,'Antonella','Blenkin','5555975','1955-07-18','Colon 512','La Banda',5),(1864,'Ange','Twigger','9281365','1950-03-16','Independencia 45','Posadas',19),(1865,'Boony','Tellenbach','5956192','1952-04-15','Colon 512','Capital Federal',1),(1866,'Tod','Dunnet','6931569','1949-06-14','Colon 512','Salta',15),(1867,'Renaldo','Kyffin','5559975','1949-10-25','Uruguay 1345','San Fernando del Valle',14),(1868,'Dehlia','Wandrach','7707580','1953-10-30','Cordoba 210','Salta',15),(1869,'Vilhelmina','Czapla','8765960','1956-10-26','Colon 512','General Roca',10),(1870,'Clea','Tulloch','6236183','1956-02-15','San Martin 123','Capital Federal',1),(1871,'Ollie','Bamling','5234784','1949-03-16','Sarmiento 34','Parana',17),(1872,'Mariquilla','Langton','9802014','1947-08-31','Cabildo 555','Posadas',19),(1873,'Paloma','Pegrum','6239054','1948-01-05','Mitre 89','Formosa',21),(1874,'Paulie','Wilce','9395096','1955-08-07','Independencia 45','Parana',17),(1875,'Reggy','Blakiston','9734338','1951-08-22','Sarmiento 34','Neuquen',11),(1876,'Salem','Megarrell','8791442','1953-03-11','Cordoba 210','Formosa',21),(1877,'Orrin','Polkinhorn','9996668','1945-03-30','Independencia 45','San Fernando del Valle',14),(1878,'Oran','Kilgannon','8250055','1957-07-16','Sarmiento 34','Capital Federal',1),(1879,'Ly','Warnock','5624603','1946-01-18','Colon 512','General Roca',10),(1880,'Rosana','McGuff','5609720','1950-09-28','Independencia 45','Formosa',21),(1881,'Keri','Attwoul','6557442','1948-07-24','Independencia 45','Mendoza',7),(1882,'Maximo','Bassingden','8207648','1957-04-08','Sarmiento 34','Monte Caseros',18),(1883,'Arlette','Lamerton','8918739','1950-08-13','Cabildo 555','Formosa',21),(1884,'Noe','Swains','6500207','1957-07-01','Belgrano 45','Cordoba',4),(1885,'Briny','Priddey','7379476','1948-03-09','Cabildo 555','La Rioja',13),(1886,'Shelley','Coxhell','5549431','1959-08-04','San Martin 123','Santa Rosa',9),(1887,'Moina','Woodburne','7250726','1945-06-24','Belgrano 45','Santa Rosa',9),(1888,'Bentlee','Vowels','8651931','1945-08-31','Independencia 45','La Rioja',13),(1889,'Martie','Knevet','6891663','1953-12-12','Rivadavia 678','San Juan',8),(1890,'Correy','Holme','6976852','1947-01-11','Colon 512','Santa Rosa',9),(1891,'Alexio','O\'Kelly','7056276','1960-07-04','Mitre 89','Rosario',3),(1892,'Kata','Kemmons','6288452','1952-09-18','San Martin 123','Santa Rosa',9),(1893,'Kylen','Searson','6622600','1949-11-19','Colon 512','La Rioja',13),(1894,'Kati','Dales','8860420','1952-12-25','Mitre 89','San Miguel de Tucuman',12),(1895,'Jane','Hedan','9200664','1948-07-21','Montevideo 1377','Posadas',19),(1896,'Eveline','Tilt','5534155','1956-07-28','Independencia 45','La Banda',5),(1897,'Roddie','Mogridge','6259559','1960-04-06','Rivadavia 678','Formosa',21),(1898,'Haslett','Walaron','8676538','1954-03-07','Colon 512','Posadas',19),(1899,'Gale','Garforth','9152397','1958-02-20','Uruguay 1345','La Rioja',13),(1900,'Kaylil','Loomis','5953591','1959-10-17','Belgrano 45','Salta',15),(1901,'Kaine','Ceney','7462403','1949-05-09','Rivadavia 678','General Roca',10),(1902,'Carol-jean','Angelo','5195623','1949-01-31','Belgrano 45','San Juan',8),(1903,'Falkner','Smiths','7875787','1956-11-15','Mitre 89','General Roca',10),(1904,'Eda','Copperwaite','5716806','1947-08-07','Uruguay 1345','Rosario',3),(1905,'Frasier','Quarrell','6902811','1946-06-05','Cabildo 555','San Fernando del Valle',14),(1906,'Flory','Brackley','6379464','1960-10-10','Uruguay 1345','San Miguel de Tucuman',12),(1907,'Dorrie','Elbourne','8491919','1945-04-26','Colon 512','Monte Caseros',18),(1908,'Marta','Woolvin','7875551','1951-04-10','Independencia 45','Cordoba',4),(1909,'Gwenore','Nutt','5516346','1958-02-24','Colon 512','La Rioja',13),(1910,'Matthus','Threlfall','5943193','1951-08-28','Colon 512','Mendoza',7),(1911,'Coreen','Cawthra','6821559','1955-06-06','Uruguay 1345','Parana',17),(1912,'Salim','Endrizzi','9415593','1956-05-18','Cordoba 210','Resistencia',20),(1913,'Helli','Tomanek','5669045','1945-08-03','Colon 512','Resistencia',20),(1914,'Lesli','Sabey','6615067','1947-03-10','San Martin 123','La Plata',2),(1915,'Alice','Delamaine','5787355','1958-05-28','Sarmiento 34','La Rioja',13),(1916,'Sibel','Minifie','7863000','1953-03-05','Cabildo 555','Neuquen',11),(1917,'Nicolina','Endecott','7186509','1954-10-18','Mitre 89','Villa Mercedes',6),(1918,'Therese','McGrane','9142133','1955-02-18','Independencia 45','San Salvador de Jujuy',16),(1919,'Lincoln','Seden','7120993','1951-08-14','Sarmiento 34','Capital Federal',1),(1920,'Derick','Rohmer','8772249','1948-03-20','Cordoba 210','San Salvador de Jujuy',16),(1921,'Sheryl','Nardrup','7751772','1959-09-04','Independencia 45','San Juan',8),(1922,'Karissa','Heditch','9388814','1958-11-09','Sarmiento 34','Monte Caseros',18),(1923,'Amii','Ramey','7453756','1949-05-11','Colon 512','Salta',15),(1924,'Athena','Eastridge','8624702','1959-07-10','Independencia 45','Santa Rosa',9),(1925,'Therese','Longforth','6542249','1945-12-31','Independencia 45','La Banda',5),(1926,'Kristo','Pryke','8836872','1959-10-21','Sarmiento 34','Neuquen',11),(1927,'Jessamyn','Oels','8736978','1957-08-25','Cabildo 555','General Roca',10),(1928,'Robinette','Sketchley','7918711','1956-12-21','Belgrano 45','Mendoza',7),(1929,'Murvyn','Grisard','8100021','1960-02-09','Cabildo 555','Cordoba',4),(1930,'Ignace','Brimner','8648497','1958-02-17','San Martin 123','Neuquen',11),(1931,'Ivor','Semiras','5565898','1952-03-25','Belgrano 45','Posadas',19),(1932,'Galvan','Fleischer','5845095','1959-10-23','Independencia 45','Mendoza',7),(1933,'Melinda','Rawll','7788523','1951-05-14','Rivadavia 678','San Salvador de Jujuy',16),(1934,'Lonna','Gorey','9916245','1947-11-18','Colon 512','San Miguel de Tucuman',12),(1935,'Feodor','Kas','7059172','1948-10-04','Mitre 89','Santa Rosa',9),(1936,'Verne','Reedie','6709241','1960-03-14','San Martin 123','Monte Caseros',18),(1937,'Nari','Hargraves','8910341','1947-08-17','Colon 512','Villa Mercedes',6),(1938,'Rosemonde','Belchambers','6939548','1949-07-18','Mitre 89','Salta',15),(1939,'Farley','Dyett','9573693','1957-02-16','Montevideo 1377','San Salvador de Jujuy',16),(1940,'Gina','Pyke','6771340','1948-08-26','Independencia 45','Monte Caseros',18),(1941,'Orran','Cluer','8895001','1945-08-29','Rivadavia 678','Villa Mercedes',6),(1942,'Jada','Nerney','7288246','1945-07-02','Colon 512','Cordoba',4),(1943,'Timoteo','Kivell','6167564','1959-07-15','Uruguay 1345','San Miguel de Tucuman',12),(1944,'Artus','Pawelski','8144328','1954-10-07','Belgrano 45','Mendoza',7),(1945,'Arnaldo','Kaplan','6462684','1955-06-13','Rivadavia 678','La Rioja',13),(1946,'De witt','Joburn','5649061','1947-10-28','Belgrano 45','Capital Federal',1),(1947,'Rolfe','Gallagher','8228293','1953-04-01','Mitre 89','San Juan',8),(1948,'Sallie','Birchner','7464578','1960-11-08','Uruguay 1345','Santa Rosa',9),(1949,'Adrien','Gateman','7325177','1957-03-23','Cabildo 555','Rosario',3),(1950,'Alvina','Gosnay','5079093','1951-03-30','Uruguay 1345','Posadas',19),(1951,'Matilde','Milmith','6640684','1947-09-16','Colon 512','Santa Rosa',9),(1952,'Fern','Heavyside','8436708','1960-08-01','Independencia 45','San Fernando del Valle',14),(1953,'Ash','Catterill','6954963','1960-10-23','Colon 512','Capital Federal',1),(1954,'Karlens','Ollerenshaw','7087512','1954-04-14','Colon 512','La Rioja',13),(1955,'Nonna','Englishby','8734089','1959-05-08','Uruguay 1345','La Banda',5),(1956,'Kym','Legrice','6047532','1959-02-05','Cordoba 210','La Banda',5),(1957,'Edmund','Row','5450897','1958-03-12','Colon 512','Neuquen',11),(1958,'Sapphira','Ewbanck','7733961','1946-11-23','San Martin 123','General Roca',10),(1959,'Alvie','Diggins','6378221','1955-09-12','Sarmiento 34','Salta',15),(1960,'Pincas','Grichukhin','6850722','1953-09-13','Cabildo 555','Santa Rosa',9),(1961,'Ilene','Slay','5207858','1953-01-18','Mitre 89','La Banda',5),(1962,'Arther','Hensmans','8412458','1957-01-13','Independencia 45','Santa Rosa',9),(1963,'Zelda','Drysdell','5079350','1953-01-14','Sarmiento 34','Salta',15),(1964,'Isaiah','Mallam','5953334','1952-12-04','Cordoba 210','Neuquen',11),(1965,'Christian','Borell','8707131','1950-03-14','Independencia 45','Neuquen',11),(1966,'Pauletta','Mumbray','7057752','1955-10-25','Sarmiento 34','San Fernando del Valle',14),(1967,'Cyndi','Willimot','9047106','1955-08-26','Colon 512','Posadas',19),(1968,'Kynthia','Cajkler','7693213','1954-10-12','Independencia 45','Parana',17),(1969,'Beitris','Dismore','8701598','1959-01-30','Independencia 45','Parana',17),(1970,'Bekki','Gardiner','7142688','1950-06-13','Sarmiento 34','Salta',15),(1971,'Lemar','Barczynski','6846600','1947-08-12','Cabildo 555','Mendoza',7),(1972,'Mayne','Davidovici','9662280','1954-06-05','Belgrano 45','Monte Caseros',18),(1973,'Bent','McCroft','8872066','1949-08-30','Cabildo 555','Resistencia',20),(1974,'Padraic','Wyleman','9516230','1950-05-25','San Martin 123','Santa Rosa',9),(1975,'Gavan','Kibbel','9008220','1946-04-23','Belgrano 45','Resistencia',20),(1976,'Meg','Boase','7653168','1954-09-05','Independencia 45','La Banda',5),(1977,'Debbi','Sonley','6632045','1951-07-23','Rivadavia 678','La Rioja',13),(1978,'Latia','Pouck','8983726','1950-10-24','Colon 512','San Salvador de Jujuy',16),(1979,'Yasmin','Doubrava','9044590','1950-04-18','Mitre 89','Capital Federal',1),(1980,'Fairleigh','Hebblewaite','6657330','1945-12-04','San Martin 123','San Fernando del Valle',14),(1981,'Ennis','Rikkard','6212095','1949-10-04','Colon 512','Rosario',3),(1982,'Nicolea','Hawkeridge','8230368','1959-06-24','Mitre 89','Posadas',19),(1983,'Ruthann','Giovannoni','6243011','1955-03-11','Montevideo 1377','La Plata',2),(1984,'Federico','Bowe','5946050','1956-09-29','Independencia 45','La Banda',5),(1985,'Tonie','Schoffel','6576844','1951-11-15','Rivadavia 678','Santa Rosa',9),(1986,'Leisha','Muffitt','7867611','1947-08-15','Colon 512','Formosa',21),(1987,'Pepe','Plinck','6615145','1957-04-29','Uruguay 1345','Parana',17),(1988,'Kory','Hedingham','5036466','1953-10-19','Belgrano 45','Salta',15),(1989,'Jojo','Kiebes','7509753','1957-12-08','Rivadavia 678','San Juan',8),(1990,'Saxe','Dudgeon','5563222','1954-02-16','Belgrano 45','Rosario',3),(1991,'Sheela','Serjent','5675430','1956-10-16','Mitre 89','San Fernando del Valle',14),(1992,'Yolanthe','Faloon','6615159','1946-01-30','Uruguay 1345','Capital Federal',1),(1993,'Alyss','Havesides','9723706','1945-06-20','Cabildo 555','Santa Rosa',9),(1994,'Nadia','Aveyard','7725242','1960-10-09','Uruguay 1345','Cordoba',4),(1995,'Wain','Avrashin','8367389','1953-02-26','Colon 512','La Plata',2),(1996,'Erhart','Timmins','8616005','1949-07-30','Independencia 45','Neuquen',11),(1997,'Allis','Haestier','5589549','1951-03-12','Colon 512','Cordoba',4),(1998,'Vicki','Valentine','6741358','1955-10-30','Colon 512','Parana',17),(1999,'Kania','Meagh','9944483','1948-06-15','Uruguay 1345','Posadas',19),(2000,'Vachel','Fashion','6282909','1955-01-30','Cordoba 210','Parana',17),(2001,'Mario','Gomez','14120140','1978-04-01','San Luis 1863','Capital Federal',1);
/*!40000 ALTER TABLE `pasajeros` ENABLE KEYS */;
UNLOCK TABLES;

--
-- Table structure for table `provincias`
--

DROP TABLE IF EXISTS `provincias`;
/*!40101 SET @saved_cs_client     = @@character_set_client */;
/*!50503 SET character_set_client = utf8mb4 */;
CREATE TABLE `provincias` (
  `ID_Provincia` int NOT NULL AUTO_INCREMENT,
  `Nombre_Provincia` varchar(50) NOT NULL,
  `Region` varchar(50) NOT NULL,
  PRIMARY KEY (`ID_Provincia`)
) ENGINE=InnoDB AUTO_INCREMENT=22 DEFAULT CHARSET=utf8mb4 COLLATE=utf8mb4_0900_ai_ci;
/*!40101 SET character_set_client = @saved_cs_client */;

--
-- Dumping data for table `provincias`
--

LOCK TABLES `provincias` WRITE;
/*!40000 ALTER TABLE `provincias` DISABLE KEYS */;
INSERT INTO `provincias` VALUES (1,'Capital Federal','Centro'),(2,'Buenos Aires','Centro'),(3,'Santa Fe','Centro'),(4,'Cordoba','Centro'),(5,'Santiago del Estero','Centro'),(6,'San Luis','Cuyo'),(7,'Mendoza','Cuyo'),(8,'San Juan','Cuyo'),(9,'La Pampa','Patagonia'),(10,'Rio Negro','Patagonia'),(11,'Neuquen','Patagonia'),(12,'Tucuman','NOA'),(13,'La Rioja','NOA'),(14,'Catamarca','NOA'),(15,'Salta','NOA'),(16,'Jujuy','NOA'),(17,'Entre Rios','Litoral'),(18,'Corrientes','Litoral'),(19,'Misiones','Litoral'),(20,'Chaco','Litoral'),(21,'Formosa','Litoral');
/*!40000 ALTER TABLE `provincias` ENABLE KEYS */;
UNLOCK TABLES;

--
-- Table structure for table `servicios`
--

DROP TABLE IF EXISTS `servicios`;
/*!40101 SET @saved_cs_client     = @@character_set_client */;
/*!50503 SET character_set_client = utf8mb4 */;
CREATE TABLE `servicios` (
  `ID_Servicio` int NOT NULL AUTO_INCREMENT,
  `Nombre_Servicio` varchar(50) NOT NULL,
  `Descripcion` varchar(250) NOT NULL,
  PRIMARY KEY (`ID_Servicio`)
) ENGINE=InnoDB AUTO_INCREMENT=6 DEFAULT CHARSET=utf8mb4 COLLATE=utf8mb4_0900_ai_ci;
/*!40101 SET character_set_client = @saved_cs_client */;

--
-- Dumping data for table `servicios`
--

LOCK TABLES `servicios` WRITE;
/*!40000 ALTER TABLE `servicios` DISABLE KEYS */;
INSERT INTO `servicios` VALUES (1,'Turista','Asientos amplios en coches cómodos con calefacción, baños y dispenser de agua.'),(2,'Turista Comedor','Asientos amplios en coches cómodos con calefacción, baños y dispenser de agua. Adicionalmente se brinda acceso al coche comedor con comida incluida.'),(3,'Pullman','Asientos más anchos y reclinables, distribuidos de a pares, ideales para viajes largos. Cuenta con acceso a personas con movilidad reducida.'),(4,'Pullman Comedor','Asientos más anchos y reclinables, distribuidos de a pares, ideales para viajes largos. Adicionalmente se brinda acceso al coche comedor con comida incluida.'),(5,'Camarote','Compartimento para dos personas con camas marineras, mesita, control de temperatura y privacidad. Incluye sábanas, mantas y almohadas. Todos incluyen acceso al coche comedor.');
/*!40000 ALTER TABLE `servicios` ENABLE KEYS */;
UNLOCK TABLES;

--
-- Table structure for table `ventas`
--

DROP TABLE IF EXISTS `ventas`;
/*!40101 SET @saved_cs_client     = @@character_set_client */;
/*!50503 SET character_set_client = utf8mb4 */;
CREATE TABLE `ventas` (
  `ID_Venta` int NOT NULL AUTO_INCREMENT,
  `ID_Estacion_Origen` int NOT NULL,
  `ID_Estacion_Destino` int NOT NULL,
  `Forma_Pago` varchar(50) NOT NULL,
  `Importe` decimal(10,2) NOT NULL,
  `ID_Pasajero` int NOT NULL,
  `ID_Servicio` int NOT NULL,
  PRIMARY KEY (`ID_Venta`),
  KEY `FK_Ventas_Pasajeros` (`ID_Pasajero`),
  KEY `FK_Ventas_Servicios` (`ID_Servicio`),
  CONSTRAINT `FK_Ventas_Pasajeros` FOREIGN KEY (`ID_Pasajero`) REFERENCES `pasajeros` (`ID_Pasajero`),
  CONSTRAINT `FK_Ventas_Servicios` FOREIGN KEY (`ID_Servicio`) REFERENCES `servicios` (`ID_Servicio`)
) ENGINE=InnoDB AUTO_INCREMENT=2501 DEFAULT CHARSET=utf8mb4 COLLATE=utf8mb4_0900_ai_ci;
/*!40101 SET character_set_client = @saved_cs_client */;

--
-- Dumping data for table `ventas`
--

LOCK TABLES `ventas` WRITE;
/*!40000 ALTER TABLE `ventas` DISABLE KEYS */;
INSERT INTO `ventas` VALUES (1,1359,622,'Tarjeta Credito 6 Pagos',15000.00,187,3),(2,321,31,'Efectivo',40000.00,465,4),(3,1286,1304,'Tarjeta Credito 1 Pago',25000.00,1849,4),(4,932,1219,'Tarjeta Debito',40000.00,1119,5),(5,754,205,'Tarjeta Credito 1 Pago',40000.00,936,4),(6,544,775,'Tarjeta Credito 6 Pagos',60000.00,1438,3),(7,13,355,'Tarjeta Credito 6 Pagos',60000.00,1666,4),(8,1290,836,'Tarjeta Debito',60000.00,1846,4),(9,947,1081,'Tarjeta Credito 12 Pagos',75000.00,1202,5),(10,1299,1404,'Tarjeta Debito',75000.00,1539,3),(11,291,294,'Tarjeta Debito',15000.00,827,2),(12,1197,584,'Tarjeta Credito 1 Pago',75000.00,1184,5),(13,373,473,'Tarjeta Debito',25000.00,1112,5),(14,503,1330,'Tarjeta Credito 12 Pagos',60000.00,470,5),(15,7,15,'Efectivo',75000.00,1933,5),(16,436,931,'Tarjeta Credito 6 Pagos',15000.00,1755,3),(17,123,1181,'Tarjeta Credito 6 Pagos',40000.00,996,3),(18,208,339,'Tarjeta Credito 1 Pago',25000.00,93,3),(19,1410,18,'Tarjeta Credito 1 Pago',40000.00,948,3),(20,887,478,'Tarjeta Credito 12 Pagos',75000.00,1559,4),(21,514,841,'Tarjeta Credito 12 Pagos',60000.00,922,5),(22,822,420,'Tarjeta Debito',60000.00,1572,5),(23,958,206,'Tarjeta Credito 1 Pago',60000.00,1982,2),(24,720,334,'Tarjeta Debito',40000.00,1223,4),(25,358,359,'Tarjeta Credito 6 Pagos',15000.00,835,2),(26,864,1202,'Tarjeta Credito 6 Pagos',25000.00,141,1),(27,218,1264,'Efectivo',75000.00,1870,1),(28,3,971,'Tarjeta Debito',60000.00,1785,2),(29,260,1344,'Tarjeta Credito 6 Pagos',25000.00,1788,5),(30,472,1223,'Tarjeta Credito 12 Pagos',75000.00,1434,3),(31,753,756,'Tarjeta Credito 12 Pagos',15000.00,937,1),(32,408,822,'Tarjeta Credito 6 Pagos',75000.00,1362,2),(33,1394,1360,'Tarjeta Credito 1 Pago',25000.00,1077,3),(34,530,649,'Tarjeta Credito 6 Pagos',40000.00,1720,5),(35,1317,1414,'Efectivo',60000.00,1713,4),(36,497,1257,'Tarjeta Credito 6 Pagos',60000.00,1077,2),(37,678,303,'Tarjeta Credito 6 Pagos',75000.00,1789,2),(38,1040,824,'Efectivo',25000.00,672,5),(39,973,545,'Tarjeta Credito 1 Pago',15000.00,1595,5),(40,1162,244,'Tarjeta Credito 6 Pagos',25000.00,1310,1),(41,1113,1186,'Efectivo',40000.00,1043,1),(42,631,152,'Tarjeta Credito 1 Pago',75000.00,1645,1),(43,1398,1265,'Tarjeta Credito 6 Pagos',15000.00,27,3),(44,152,58,'Tarjeta Credito 12 Pagos',15000.00,1724,3),(45,9,153,'Efectivo',75000.00,1438,4),(46,1184,990,'Efectivo',75000.00,1742,1),(47,130,315,'Tarjeta Debito',75000.00,86,2),(48,1157,1385,'Tarjeta Credito 1 Pago',15000.00,684,1),(49,1177,642,'Efectivo',40000.00,809,4),(50,328,1287,'Tarjeta Debito',40000.00,1106,4),(51,237,1323,'Tarjeta Credito 12 Pagos',15000.00,1294,2),(52,831,584,'Tarjeta Credito 12 Pagos',60000.00,1430,1),(53,1240,584,'Tarjeta Credito 1 Pago',25000.00,238,1),(54,1036,625,'Efectivo',25000.00,196,3),(55,807,892,'Tarjeta Credito 1 Pago',75000.00,1888,3),(56,1094,1249,'Tarjeta Debito',15000.00,1531,1),(57,770,923,'Tarjeta Credito 6 Pagos',25000.00,402,1),(58,1147,732,'Tarjeta Credito 6 Pagos',15000.00,1428,2),(59,963,24,'Tarjeta Credito 1 Pago',75000.00,584,2),(60,1372,714,'Tarjeta Credito 1 Pago',40000.00,1888,2),(61,1305,218,'Tarjeta Credito 12 Pagos',25000.00,252,4),(62,66,1334,'Tarjeta Credito 6 Pagos',75000.00,1502,4),(63,458,768,'Tarjeta Credito 12 Pagos',40000.00,1581,2),(64,733,837,'Tarjeta Credito 1 Pago',25000.00,854,5),(65,1199,325,'Efectivo',25000.00,1388,1),(66,1183,923,'Tarjeta Credito 1 Pago',75000.00,1284,2),(67,809,649,'Tarjeta Debito',60000.00,210,3),(68,1364,117,'Tarjeta Credito 1 Pago',75000.00,1152,1),(69,1128,640,'Tarjeta Credito 6 Pagos',60000.00,289,2),(70,800,424,'Tarjeta Debito',25000.00,764,1),(71,944,11,'Tarjeta Credito 1 Pago',60000.00,1650,4),(72,271,468,'Tarjeta Credito 6 Pagos',75000.00,503,1),(73,258,576,'Efectivo',75000.00,290,4),(74,369,1202,'Tarjeta Credito 6 Pagos',25000.00,353,4),(75,463,836,'Tarjeta Debito',40000.00,59,4),(76,1247,314,'Tarjeta Credito 12 Pagos',75000.00,566,3),(77,1085,429,'Efectivo',40000.00,468,4),(78,1147,1135,'Efectivo',60000.00,391,3),(79,859,56,'Tarjeta Credito 12 Pagos',25000.00,1614,2),(80,608,1409,'Tarjeta Credito 1 Pago',60000.00,1208,4),(81,248,945,'Tarjeta Credito 6 Pagos',40000.00,1045,4),(82,1335,419,'Efectivo',60000.00,1108,5),(83,513,958,'Efectivo',75000.00,369,1),(84,196,936,'Tarjeta Debito',60000.00,1120,3),(85,433,511,'Tarjeta Credito 1 Pago',75000.00,930,4),(86,755,80,'Tarjeta Credito 6 Pagos',75000.00,1947,1),(87,693,700,'Efectivo',15000.00,1946,2),(88,160,321,'Efectivo',15000.00,1830,3),(89,1187,126,'Tarjeta Debito',40000.00,1626,1),(90,1286,91,'Tarjeta Debito',40000.00,1594,1),(91,1136,174,'Tarjeta Credito 6 Pagos',25000.00,360,2),(92,188,1080,'Tarjeta Credito 12 Pagos',75000.00,435,3),(93,1176,384,'Tarjeta Debito',25000.00,315,1),(94,356,1009,'Tarjeta Credito 6 Pagos',60000.00,227,2),(95,30,477,'Tarjeta Debito',60000.00,1149,4),(96,740,19,'Tarjeta Credito 1 Pago',15000.00,1662,3),(97,1057,790,'Tarjeta Debito',60000.00,1229,4),(98,859,292,'Tarjeta Credito 1 Pago',25000.00,1142,1),(99,576,293,'Tarjeta Credito 1 Pago',25000.00,54,1),(100,3,13,'Tarjeta Debito',15000.00,647,4),(101,1163,1250,'Efectivo',75000.00,1722,1),(102,675,1306,'Efectivo',15000.00,307,1),(103,755,162,'Efectivo',75000.00,1317,1),(104,37,584,'Tarjeta Credito 6 Pagos',25000.00,148,2),(105,1009,606,'Tarjeta Credito 12 Pagos',15000.00,1952,1),(106,381,1390,'Tarjeta Debito',15000.00,383,5),(107,1281,308,'Tarjeta Debito',75000.00,876,2),(108,362,739,'Tarjeta Credito 6 Pagos',15000.00,486,5),(109,323,834,'Tarjeta Debito',40000.00,709,5),(110,498,477,'Tarjeta Debito',75000.00,1737,1),(111,368,69,'Efectivo',60000.00,154,3),(112,144,1138,'Tarjeta Debito',60000.00,762,5),(113,84,51,'Tarjeta Credito 6 Pagos',25000.00,1219,5),(114,524,1170,'Tarjeta Debito',15000.00,954,3),(115,321,1155,'Tarjeta Credito 6 Pagos',25000.00,909,1),(116,542,647,'Tarjeta Credito 12 Pagos',25000.00,815,1),(117,1271,1357,'Tarjeta Credito 6 Pagos',15000.00,263,4),(118,1417,1127,'Efectivo',75000.00,892,4),(119,376,1330,'Tarjeta Credito 6 Pagos',25000.00,1792,4),(120,648,1033,'Efectivo',60000.00,1255,5),(121,302,272,'Tarjeta Credito 6 Pagos',25000.00,1794,1),(122,1200,602,'Tarjeta Credito 1 Pago',60000.00,1883,2),(123,754,900,'Tarjeta Credito 6 Pagos',60000.00,660,5),(124,1321,829,'Tarjeta Debito',15000.00,75,3),(125,512,1133,'Tarjeta Debito',75000.00,758,5),(126,43,381,'Tarjeta Credito 1 Pago',75000.00,1050,4),(127,1060,982,'Tarjeta Credito 6 Pagos',75000.00,1131,5),(128,860,946,'Tarjeta Debito',40000.00,59,4),(129,768,1236,'Tarjeta Credito 12 Pagos',15000.00,339,4),(130,1202,480,'Tarjeta Debito',40000.00,1708,5),(131,1403,177,'Tarjeta Credito 6 Pagos',75000.00,510,1),(132,219,12,'Tarjeta Credito 12 Pagos',15000.00,1148,2),(133,70,59,'Tarjeta Credito 1 Pago',40000.00,1215,4),(134,547,390,'Tarjeta Credito 6 Pagos',15000.00,1160,4),(135,647,401,'Tarjeta Credito 1 Pago',15000.00,804,3),(136,502,120,'Tarjeta Debito',15000.00,1909,5),(137,891,1048,'Tarjeta Credito 1 Pago',15000.00,1518,1),(138,287,703,'Tarjeta Credito 1 Pago',60000.00,1949,3),(139,528,130,'Tarjeta Credito 1 Pago',15000.00,614,2),(140,976,759,'Efectivo',15000.00,1635,3),(141,175,76,'Tarjeta Debito',40000.00,853,4),(142,405,1006,'Tarjeta Credito 1 Pago',25000.00,144,1),(143,884,1391,'Efectivo',75000.00,390,4),(144,1397,999,'Tarjeta Credito 1 Pago',15000.00,669,3),(145,855,65,'Tarjeta Credito 1 Pago',25000.00,1496,2),(146,1404,435,'Tarjeta Debito',25000.00,1697,3),(147,827,913,'Tarjeta Debito',75000.00,125,2),(148,905,417,'Tarjeta Debito',25000.00,258,3),(149,547,928,'Tarjeta Credito 6 Pagos',75000.00,1013,4),(150,1250,1267,'Tarjeta Credito 1 Pago',40000.00,1039,1),(151,303,1053,'Tarjeta Debito',25000.00,1677,4),(152,1296,464,'Tarjeta Credito 6 Pagos',25000.00,1739,3),(153,936,1054,'Tarjeta Credito 1 Pago',25000.00,230,2),(154,15,767,'Tarjeta Credito 6 Pagos',15000.00,1893,3),(155,748,1375,'Tarjeta Credito 12 Pagos',15000.00,179,2),(156,831,128,'Tarjeta Debito',15000.00,19,3),(157,811,1250,'Tarjeta Credito 1 Pago',15000.00,1027,1),(158,1011,805,'Tarjeta Debito',15000.00,999,3),(159,1030,755,'Tarjeta Credito 1 Pago',15000.00,185,2),(160,468,1091,'Tarjeta Credito 1 Pago',15000.00,1986,2),(161,921,929,'Tarjeta Debito',25000.00,320,5),(162,598,1261,'Tarjeta Credito 1 Pago',15000.00,1420,2),(163,1282,1171,'Tarjeta Credito 6 Pagos',25000.00,1652,1),(164,1264,1425,'Tarjeta Credito 1 Pago',75000.00,1167,1),(165,722,339,'Tarjeta Credito 6 Pagos',60000.00,1008,2),(166,392,107,'Efectivo',60000.00,12,5),(167,996,564,'Tarjeta Credito 1 Pago',40000.00,643,5),(168,453,561,'Efectivo',60000.00,1953,2),(169,761,1084,'Tarjeta Credito 1 Pago',75000.00,1010,5),(170,35,817,'Tarjeta Credito 12 Pagos',40000.00,83,5),(171,292,448,'Tarjeta Credito 1 Pago',75000.00,84,3),(172,1215,1015,'Tarjeta Debito',15000.00,418,3),(173,208,1058,'Efectivo',75000.00,1109,1),(174,755,1091,'Tarjeta Debito',15000.00,613,4),(175,1080,6,'Tarjeta Credito 6 Pagos',75000.00,928,5),(176,1112,560,'Tarjeta Debito',40000.00,458,3),(177,372,552,'Tarjeta Credito 12 Pagos',60000.00,437,4),(178,600,552,'Tarjeta Credito 6 Pagos',40000.00,933,1),(179,894,1001,'Tarjeta Credito 12 Pagos',25000.00,337,2),(180,919,254,'Tarjeta Credito 6 Pagos',75000.00,1397,4),(181,578,1269,'Tarjeta Credito 1 Pago',25000.00,1083,3),(182,222,1342,'Efectivo',40000.00,94,2),(183,810,710,'Tarjeta Credito 6 Pagos',75000.00,36,5),(184,319,752,'Efectivo',25000.00,1839,1),(185,1097,279,'Tarjeta Credito 1 Pago',40000.00,396,4),(186,824,309,'Tarjeta Credito 6 Pagos',60000.00,1917,3),(187,1130,251,'Tarjeta Credito 6 Pagos',25000.00,381,2),(188,740,58,'Tarjeta Credito 12 Pagos',25000.00,478,2),(189,433,390,'Tarjeta Credito 12 Pagos',40000.00,1261,4),(190,512,27,'Efectivo',40000.00,940,3),(191,173,1382,'Tarjeta Debito',25000.00,256,1),(192,398,1362,'Tarjeta Credito 1 Pago',25000.00,270,1),(193,896,266,'Efectivo',25000.00,1038,5),(194,1313,708,'Tarjeta Debito',40000.00,357,5),(195,994,547,'Tarjeta Credito 6 Pagos',15000.00,1126,4),(196,353,1301,'Tarjeta Credito 6 Pagos',15000.00,1402,3),(197,128,1008,'Tarjeta Credito 6 Pagos',15000.00,395,2),(198,1281,1147,'Efectivo',75000.00,152,4),(199,1006,250,'Tarjeta Credito 12 Pagos',15000.00,1362,5),(200,499,398,'Efectivo',25000.00,315,4),(201,276,366,'Tarjeta Credito 12 Pagos',25000.00,850,4),(202,740,188,'Tarjeta Credito 1 Pago',75000.00,409,3),(203,262,123,'Tarjeta Credito 1 Pago',40000.00,1376,2),(204,803,24,'Tarjeta Credito 12 Pagos',25000.00,447,4),(205,491,1088,'Tarjeta Debito',75000.00,999,4),(206,261,160,'Tarjeta Credito 1 Pago',15000.00,1878,3),(207,868,1092,'Tarjeta Debito',75000.00,773,5),(208,488,975,'Tarjeta Debito',15000.00,716,1),(209,1006,424,'Tarjeta Credito 1 Pago',75000.00,827,5),(210,1018,665,'Efectivo',25000.00,596,1),(211,989,1114,'Tarjeta Credito 12 Pagos',40000.00,1524,2),(212,345,1312,'Tarjeta Debito',75000.00,447,2),(213,612,1340,'Tarjeta Debito',25000.00,177,5),(214,797,796,'Tarjeta Debito',60000.00,965,4),(215,734,889,'Tarjeta Credito 1 Pago',25000.00,436,5),(216,1290,271,'Tarjeta Credito 1 Pago',75000.00,1853,3),(217,47,291,'Tarjeta Credito 6 Pagos',40000.00,1751,5),(218,558,373,'Tarjeta Credito 12 Pagos',75000.00,959,1),(219,1023,1339,'Tarjeta Credito 6 Pagos',15000.00,514,3),(220,135,431,'Tarjeta Credito 12 Pagos',60000.00,30,2),(221,824,780,'Tarjeta Credito 1 Pago',40000.00,1250,1),(222,788,421,'Tarjeta Credito 6 Pagos',15000.00,1564,4),(223,131,1348,'Tarjeta Credito 1 Pago',60000.00,706,5),(224,530,1068,'Tarjeta Debito',25000.00,964,2),(225,1203,564,'Tarjeta Credito 1 Pago',75000.00,1783,3),(226,1325,23,'Tarjeta Debito',75000.00,819,4),(227,756,1053,'Efectivo',60000.00,863,2),(228,1196,21,'Tarjeta Debito',60000.00,704,1),(229,794,1373,'Tarjeta Credito 1 Pago',60000.00,117,5),(230,1314,176,'Tarjeta Credito 1 Pago',75000.00,203,3),(231,279,929,'Efectivo',25000.00,1827,5),(232,820,217,'Efectivo',15000.00,1100,4),(233,671,1277,'Efectivo',40000.00,390,3),(234,975,1169,'Tarjeta Credito 6 Pagos',15000.00,746,1),(235,547,84,'Tarjeta Credito 1 Pago',75000.00,1008,5),(236,179,172,'Tarjeta Credito 6 Pagos',60000.00,1589,3),(237,79,99,'Tarjeta Debito',40000.00,1872,5),(238,860,1406,'Efectivo',75000.00,1482,1),(239,416,353,'Tarjeta Debito',15000.00,1910,5),(240,850,1407,'Efectivo',15000.00,4,4),(241,1326,998,'Tarjeta Credito 6 Pagos',15000.00,1691,2),(242,911,1156,'Tarjeta Credito 12 Pagos',40000.00,1044,5),(243,1193,41,'Tarjeta Credito 1 Pago',25000.00,184,2),(244,589,516,'Tarjeta Debito',15000.00,459,5),(245,480,541,'Tarjeta Credito 6 Pagos',40000.00,106,2),(246,697,191,'Efectivo',15000.00,363,1),(247,1204,223,'Efectivo',15000.00,1536,1),(248,812,330,'Tarjeta Credito 1 Pago',40000.00,920,1),(249,376,724,'Efectivo',75000.00,208,1),(250,1107,640,'Tarjeta Credito 1 Pago',60000.00,362,2),(251,541,718,'Efectivo',40000.00,192,1),(252,1136,156,'Tarjeta Credito 6 Pagos',25000.00,671,2),(253,295,452,'Efectivo',15000.00,1625,1),(254,144,203,'Tarjeta Debito',60000.00,1505,3),(255,94,1307,'Tarjeta Credito 6 Pagos',75000.00,1863,3),(256,588,474,'Tarjeta Debito',25000.00,774,4),(257,156,341,'Tarjeta Debito',25000.00,1904,5),(258,414,820,'Tarjeta Credito 1 Pago',75000.00,737,1),(259,1344,282,'Tarjeta Credito 6 Pagos',15000.00,731,1),(260,1191,1245,'Tarjeta Debito',25000.00,1291,4),(261,529,911,'Tarjeta Credito 1 Pago',40000.00,1357,4),(262,177,463,'Efectivo',15000.00,599,2),(263,253,1137,'Efectivo',25000.00,1654,2),(264,372,890,'Efectivo',40000.00,1365,3),(265,1174,204,'Efectivo',40000.00,693,3),(266,932,1079,'Efectivo',40000.00,429,1),(267,41,1098,'Tarjeta Credito 6 Pagos',15000.00,730,1),(268,315,1157,'Tarjeta Credito 6 Pagos',25000.00,573,5),(269,101,146,'Tarjeta Credito 6 Pagos',15000.00,334,1),(270,1230,1164,'Tarjeta Credito 12 Pagos',25000.00,1572,4),(271,997,526,'Tarjeta Debito',15000.00,793,4),(272,278,374,'Tarjeta Credito 1 Pago',60000.00,462,4),(273,782,1048,'Tarjeta Credito 1 Pago',60000.00,587,1),(274,618,562,'Tarjeta Credito 12 Pagos',75000.00,1807,4),(275,494,1061,'Efectivo',60000.00,545,1),(276,446,662,'Tarjeta Credito 6 Pagos',25000.00,1702,1),(277,485,213,'Tarjeta Credito 6 Pagos',15000.00,1058,2),(278,1042,798,'Efectivo',60000.00,1642,3),(279,136,1193,'Tarjeta Debito',60000.00,977,3),(280,699,384,'Tarjeta Credito 1 Pago',60000.00,914,2),(281,627,660,'Efectivo',60000.00,1733,2),(282,1000,1103,'Tarjeta Credito 12 Pagos',75000.00,222,5),(283,1214,1082,'Efectivo',15000.00,259,2),(284,1311,515,'Tarjeta Credito 12 Pagos',15000.00,1255,2),(285,225,776,'Tarjeta Credito 6 Pagos',40000.00,1698,4),(286,602,477,'Tarjeta Credito 6 Pagos',40000.00,253,3),(287,991,357,'Tarjeta Credito 12 Pagos',40000.00,330,5),(288,886,472,'Tarjeta Debito',15000.00,3,2),(289,1358,150,'Efectivo',40000.00,92,4),(290,1047,239,'Tarjeta Credito 6 Pagos',15000.00,490,2),(291,293,251,'Efectivo',60000.00,1668,2),(292,969,1361,'Tarjeta Credito 6 Pagos',75000.00,809,3),(293,769,269,'Tarjeta Credito 1 Pago',15000.00,573,5),(294,89,1101,'Efectivo',15000.00,385,3),(295,499,36,'Efectivo',60000.00,1309,4),(296,1268,400,'Tarjeta Credito 6 Pagos',25000.00,1716,2),(297,753,451,'Tarjeta Credito 12 Pagos',75000.00,70,1),(298,74,851,'Tarjeta Credito 12 Pagos',40000.00,1806,5),(299,334,1078,'Tarjeta Credito 6 Pagos',40000.00,899,2),(300,136,472,'Tarjeta Credito 12 Pagos',60000.00,1744,3),(301,44,744,'Tarjeta Credito 1 Pago',60000.00,1768,4),(302,482,1329,'Efectivo',60000.00,1182,1),(303,1369,1287,'Tarjeta Credito 12 Pagos',40000.00,789,1),(304,1225,705,'Tarjeta Credito 6 Pagos',25000.00,367,2),(305,313,443,'Tarjeta Credito 6 Pagos',15000.00,1313,1),(306,958,1000,'Tarjeta Credito 6 Pagos',75000.00,1097,2),(307,1215,772,'Efectivo',40000.00,1881,5),(308,630,1088,'Tarjeta Credito 12 Pagos',40000.00,1023,5),(309,502,60,'Tarjeta Credito 1 Pago',15000.00,1058,1),(310,6,43,'Tarjeta Credito 1 Pago',25000.00,881,5),(311,1034,316,'Efectivo',40000.00,490,3),(312,682,902,'Tarjeta Credito 12 Pagos',15000.00,1341,2),(313,804,1143,'Tarjeta Credito 6 Pagos',25000.00,662,4),(314,519,1308,'Tarjeta Credito 12 Pagos',40000.00,1429,4),(315,484,718,'Tarjeta Credito 12 Pagos',75000.00,1039,1),(316,969,894,'Tarjeta Credito 1 Pago',40000.00,277,4),(317,1003,813,'Tarjeta Credito 6 Pagos',75000.00,421,3),(318,55,1005,'Tarjeta Credito 6 Pagos',40000.00,923,4),(319,782,1296,'Tarjeta Credito 6 Pagos',15000.00,670,4),(320,943,980,'Efectivo',40000.00,1993,4),(321,588,176,'Tarjeta Credito 6 Pagos',60000.00,598,2),(322,977,424,'Efectivo',40000.00,1060,5),(323,1327,315,'Efectivo',60000.00,486,3),(324,657,414,'Tarjeta Debito',25000.00,1133,4),(325,862,1000,'Efectivo',15000.00,999,3),(326,719,821,'Tarjeta Credito 1 Pago',25000.00,1244,5),(327,890,356,'Efectivo',75000.00,1105,2),(328,622,510,'Tarjeta Credito 6 Pagos',40000.00,1224,2),(329,330,1006,'Tarjeta Debito',60000.00,4,3),(330,1198,96,'Efectivo',60000.00,1623,5),(331,203,1150,'Tarjeta Credito 12 Pagos',75000.00,104,1),(332,1202,36,'Tarjeta Credito 6 Pagos',40000.00,586,5),(333,1252,987,'Tarjeta Credito 1 Pago',75000.00,1525,3),(334,145,373,'Tarjeta Credito 6 Pagos',40000.00,1808,4),(335,528,347,'Tarjeta Credito 6 Pagos',40000.00,1447,3),(336,1129,799,'Efectivo',25000.00,1512,3),(337,571,417,'Tarjeta Credito 12 Pagos',60000.00,965,1),(338,979,693,'Tarjeta Credito 6 Pagos',40000.00,67,1),(339,480,1244,'Efectivo',75000.00,903,4),(340,744,795,'Tarjeta Credito 1 Pago',15000.00,1335,1),(341,399,1052,'Tarjeta Credito 6 Pagos',40000.00,198,4),(342,593,230,'Tarjeta Credito 1 Pago',25000.00,1887,3),(343,53,177,'Tarjeta Credito 12 Pagos',60000.00,566,2),(344,575,487,'Efectivo',60000.00,286,3),(345,1150,545,'Tarjeta Credito 6 Pagos',40000.00,871,4),(346,11,343,'Tarjeta Credito 12 Pagos',15000.00,165,3),(347,86,577,'Tarjeta Credito 6 Pagos',25000.00,1287,2),(348,90,259,'Tarjeta Credito 12 Pagos',75000.00,69,4),(349,749,609,'Tarjeta Credito 12 Pagos',60000.00,1547,3),(350,618,75,'Tarjeta Credito 12 Pagos',40000.00,1829,5),(351,1088,328,'Tarjeta Credito 12 Pagos',25000.00,799,4),(352,288,303,'Tarjeta Debito',25000.00,1754,1),(353,279,648,'Tarjeta Credito 6 Pagos',75000.00,818,2),(354,699,802,'Tarjeta Debito',60000.00,880,4),(355,541,1351,'Tarjeta Credito 1 Pago',25000.00,543,2),(356,138,1052,'Tarjeta Debito',40000.00,1005,4),(357,185,1318,'Tarjeta Credito 1 Pago',75000.00,766,3),(358,763,1283,'Tarjeta Credito 1 Pago',25000.00,864,2),(359,634,224,'Tarjeta Credito 1 Pago',60000.00,1290,3),(360,1155,775,'Tarjeta Debito',75000.00,52,3),(361,139,1027,'Tarjeta Credito 12 Pagos',25000.00,547,4),(362,564,1056,'Tarjeta Credito 1 Pago',25000.00,8,4),(363,88,1120,'Tarjeta Credito 1 Pago',40000.00,222,4),(364,893,364,'Tarjeta Credito 1 Pago',75000.00,280,2),(365,419,150,'Tarjeta Credito 1 Pago',75000.00,1702,5),(366,513,478,'Tarjeta Credito 6 Pagos',40000.00,1335,4),(367,889,1409,'Tarjeta Debito',40000.00,744,3),(368,1077,1102,'Efectivo',25000.00,581,4),(369,1345,1257,'Tarjeta Credito 6 Pagos',40000.00,1996,4),(370,1247,1261,'Efectivo',25000.00,442,3),(371,705,883,'Efectivo',40000.00,1280,2),(372,1021,132,'Efectivo',25000.00,1099,1),(373,679,851,'Efectivo',25000.00,356,2),(374,40,499,'Tarjeta Credito 6 Pagos',60000.00,634,4),(375,27,1324,'Tarjeta Credito 6 Pagos',15000.00,1193,4),(376,1011,1110,'Efectivo',25000.00,279,2),(377,1295,1010,'Efectivo',25000.00,1626,2),(378,387,279,'Tarjeta Credito 6 Pagos',40000.00,1028,2),(379,68,827,'Tarjeta Credito 6 Pagos',15000.00,267,2),(380,644,725,'Tarjeta Debito',40000.00,1968,1),(381,324,767,'Tarjeta Debito',40000.00,202,2),(382,1153,834,'Tarjeta Credito 12 Pagos',15000.00,1479,2),(383,1117,321,'Tarjeta Credito 12 Pagos',75000.00,1926,5),(384,1165,674,'Tarjeta Debito',40000.00,356,4),(385,1292,181,'Tarjeta Credito 1 Pago',15000.00,578,4),(386,1045,1128,'Tarjeta Credito 12 Pagos',25000.00,11,1),(387,184,1194,'Tarjeta Debito',40000.00,567,3),(388,527,292,'Tarjeta Credito 1 Pago',15000.00,1779,5),(389,124,1424,'Tarjeta Debito',15000.00,1555,4),(390,1195,265,'Efectivo',40000.00,597,2),(391,884,221,'Tarjeta Debito',40000.00,674,2),(392,641,391,'Tarjeta Credito 12 Pagos',25000.00,392,3),(393,109,260,'Tarjeta Debito',60000.00,1705,4),(394,161,508,'Efectivo',60000.00,1912,4),(395,473,1282,'Tarjeta Debito',60000.00,389,1),(396,719,1409,'Tarjeta Credito 12 Pagos',15000.00,1923,4),(397,141,543,'Efectivo',40000.00,1818,5),(398,1184,938,'Tarjeta Debito',60000.00,1772,5),(399,56,241,'Tarjeta Credito 12 Pagos',25000.00,1486,5),(400,1274,142,'Tarjeta Credito 6 Pagos',60000.00,1219,1),(401,196,895,'Tarjeta Debito',25000.00,1634,5),(402,1172,1303,'Tarjeta Credito 6 Pagos',75000.00,880,4),(403,1035,936,'Tarjeta Debito',25000.00,1146,3),(404,164,886,'Tarjeta Credito 1 Pago',40000.00,718,1),(405,1144,48,'Efectivo',75000.00,1323,5),(406,51,918,'Tarjeta Debito',75000.00,147,1),(407,504,652,'Tarjeta Debito',40000.00,773,5),(408,725,582,'Tarjeta Debito',25000.00,761,2),(409,1267,108,'Tarjeta Credito 12 Pagos',25000.00,29,3),(410,1127,881,'Tarjeta Credito 1 Pago',25000.00,1796,4),(411,944,362,'Tarjeta Credito 1 Pago',40000.00,381,4),(412,1205,1318,'Tarjeta Credito 12 Pagos',40000.00,1411,4),(413,881,187,'Tarjeta Credito 12 Pagos',60000.00,9,3),(414,1232,82,'Tarjeta Credito 12 Pagos',60000.00,1338,2),(415,1351,1219,'Efectivo',15000.00,247,5),(416,1082,175,'Tarjeta Credito 6 Pagos',40000.00,560,4),(417,1354,60,'Efectivo',25000.00,995,5),(418,1160,322,'Tarjeta Debito',60000.00,1616,3),(419,239,286,'Tarjeta Debito',75000.00,425,2),(420,767,1332,'Tarjeta Credito 12 Pagos',15000.00,1875,2),(421,692,130,'Tarjeta Credito 12 Pagos',25000.00,1960,5),(422,1288,926,'Tarjeta Credito 12 Pagos',25000.00,1924,5),(423,1345,358,'Tarjeta Credito 6 Pagos',25000.00,748,3),(424,384,190,'Tarjeta Credito 12 Pagos',75000.00,1327,3),(425,76,1406,'Efectivo',75000.00,1999,2),(426,897,327,'Tarjeta Debito',40000.00,998,1),(427,816,1079,'Tarjeta Credito 12 Pagos',75000.00,1879,5),(428,834,773,'Efectivo',75000.00,1835,1),(429,1335,379,'Tarjeta Credito 1 Pago',15000.00,1214,2),(430,404,1350,'Tarjeta Credito 6 Pagos',60000.00,1649,5),(431,887,1150,'Tarjeta Debito',60000.00,543,3),(432,342,203,'Efectivo',25000.00,971,4),(433,996,757,'Efectivo',75000.00,1353,2),(434,1012,728,'Tarjeta Debito',15000.00,536,4),(435,235,681,'Tarjeta Debito',60000.00,689,2),(436,948,1178,'Tarjeta Credito 6 Pagos',40000.00,206,4),(437,1140,1146,'Tarjeta Credito 6 Pagos',15000.00,1558,5),(438,149,140,'Efectivo',40000.00,1692,1),(439,16,15,'Tarjeta Credito 1 Pago',75000.00,864,2),(440,965,932,'Tarjeta Credito 6 Pagos',25000.00,312,2),(441,984,1382,'Tarjeta Credito 1 Pago',15000.00,1908,3),(442,1315,230,'Tarjeta Credito 1 Pago',15000.00,1804,5),(443,619,1212,'Tarjeta Credito 1 Pago',15000.00,200,3),(444,830,183,'Tarjeta Debito',40000.00,1377,3),(445,935,222,'Tarjeta Debito',25000.00,793,2),(446,1135,1294,'Tarjeta Credito 12 Pagos',75000.00,724,1),(447,1018,87,'Tarjeta Debito',40000.00,700,2),(448,286,394,'Tarjeta Debito',25000.00,10,3),(449,464,176,'Tarjeta Credito 1 Pago',40000.00,1349,5),(450,1152,832,'Tarjeta Credito 12 Pagos',40000.00,418,2),(451,1216,1102,'Efectivo',40000.00,1741,1),(452,392,541,'Tarjeta Credito 1 Pago',60000.00,1684,5),(453,1281,1267,'Efectivo',60000.00,843,1),(454,666,688,'Efectivo',40000.00,887,4),(455,335,331,'Tarjeta Credito 6 Pagos',40000.00,842,1),(456,726,1103,'Tarjeta Debito',25000.00,328,1),(457,923,1116,'Tarjeta Credito 1 Pago',75000.00,1502,1),(458,1085,798,'Efectivo',15000.00,774,1),(459,753,1167,'Tarjeta Credito 12 Pagos',15000.00,1982,1),(460,114,544,'Tarjeta Credito 1 Pago',60000.00,759,1),(461,751,1105,'Tarjeta Debito',75000.00,1470,4),(462,681,962,'Tarjeta Credito 6 Pagos',25000.00,1447,4),(463,444,1401,'Tarjeta Credito 12 Pagos',60000.00,1099,4),(464,422,427,'Tarjeta Credito 6 Pagos',25000.00,505,5),(465,187,955,'Tarjeta Credito 12 Pagos',25000.00,148,1),(466,806,469,'Tarjeta Credito 1 Pago',60000.00,769,5),(467,482,294,'Efectivo',15000.00,729,3),(468,1394,1202,'Tarjeta Credito 12 Pagos',60000.00,963,3),(469,662,552,'Tarjeta Debito',60000.00,693,1),(470,452,55,'Tarjeta Debito',25000.00,115,1),(471,59,640,'Tarjeta Credito 1 Pago',15000.00,1671,5),(472,536,93,'Efectivo',15000.00,1847,5),(473,1391,726,'Tarjeta Credito 6 Pagos',60000.00,899,4),(474,785,629,'Tarjeta Credito 6 Pagos',75000.00,587,5),(475,1418,33,'Tarjeta Credito 12 Pagos',40000.00,988,4),(476,513,82,'Tarjeta Credito 6 Pagos',75000.00,320,1),(477,58,33,'Tarjeta Credito 1 Pago',15000.00,1177,2),(478,689,390,'Tarjeta Debito',15000.00,321,2),(479,606,276,'Tarjeta Credito 1 Pago',15000.00,51,4),(480,113,169,'Tarjeta Credito 6 Pagos',40000.00,1137,4),(481,1185,532,'Tarjeta Credito 1 Pago',25000.00,45,2),(482,736,1260,'Tarjeta Credito 6 Pagos',60000.00,505,1),(483,1376,63,'Tarjeta Debito',75000.00,1923,3),(484,765,1239,'Tarjeta Credito 12 Pagos',25000.00,593,5),(485,1059,1347,'Tarjeta Credito 12 Pagos',25000.00,1400,3),(486,1142,469,'Tarjeta Debito',25000.00,1719,4),(487,88,180,'Tarjeta Debito',60000.00,656,5),(488,1039,904,'Tarjeta Debito',25000.00,183,3),(489,889,504,'Efectivo',75000.00,1410,3),(490,94,21,'Efectivo',60000.00,1838,3),(491,1165,198,'Tarjeta Credito 12 Pagos',25000.00,1834,1),(492,1050,680,'Efectivo',15000.00,766,4),(493,904,1228,'Tarjeta Debito',40000.00,745,4),(494,87,254,'Tarjeta Credito 6 Pagos',40000.00,1756,4),(495,494,412,'Tarjeta Credito 12 Pagos',75000.00,1498,1),(496,968,1176,'Tarjeta Debito',60000.00,1178,1),(497,1168,706,'Efectivo',25000.00,1988,1),(498,1407,1018,'Tarjeta Credito 6 Pagos',25000.00,1574,2),(499,630,511,'Efectivo',15000.00,991,4),(500,819,1123,'Tarjeta Credito 6 Pagos',15000.00,1972,4),(501,44,706,'Efectivo',75000.00,1848,5),(502,87,1273,'Efectivo',75000.00,1300,3),(503,1425,375,'Tarjeta Debito',15000.00,1461,1),(504,1043,1188,'Tarjeta Credito 6 Pagos',15000.00,831,2),(505,188,976,'Tarjeta Credito 12 Pagos',60000.00,1333,3),(506,752,318,'Tarjeta Credito 6 Pagos',75000.00,219,2),(507,1365,950,'Tarjeta Credito 12 Pagos',75000.00,412,1),(508,977,1008,'Efectivo',40000.00,586,5),(509,397,1367,'Tarjeta Debito',75000.00,1331,4),(510,999,1111,'Efectivo',25000.00,207,2),(511,619,1047,'Tarjeta Credito 1 Pago',25000.00,1568,3),(512,1374,418,'Tarjeta Credito 6 Pagos',75000.00,1349,2),(513,507,104,'Tarjeta Credito 6 Pagos',25000.00,850,1),(514,569,481,'Tarjeta Credito 1 Pago',60000.00,1210,5),(515,1212,286,'Efectivo',40000.00,1936,5),(516,982,1311,'Tarjeta Credito 1 Pago',25000.00,624,4),(517,1101,645,'Tarjeta Credito 12 Pagos',25000.00,640,1),(518,65,542,'Tarjeta Credito 12 Pagos',15000.00,1442,4),(519,1126,1277,'Tarjeta Credito 12 Pagos',25000.00,998,5),(520,1011,345,'Tarjeta Credito 1 Pago',40000.00,789,3),(521,357,624,'Tarjeta Credito 6 Pagos',40000.00,1280,5),(522,1376,1232,'Efectivo',25000.00,480,4),(523,119,32,'Tarjeta Credito 12 Pagos',75000.00,420,4),(524,1040,1329,'Tarjeta Credito 1 Pago',25000.00,435,1),(525,1417,1077,'Tarjeta Credito 12 Pagos',40000.00,1132,4),(526,1234,601,'Efectivo',75000.00,1321,1),(527,1132,225,'Efectivo',75000.00,575,2),(528,1257,748,'Efectivo',75000.00,863,1),(529,1386,263,'Efectivo',25000.00,94,3),(530,1308,391,'Tarjeta Credito 6 Pagos',60000.00,1479,3),(531,184,1185,'Efectivo',25000.00,1575,3),(532,639,102,'Tarjeta Credito 1 Pago',25000.00,1705,2),(533,164,391,'Tarjeta Credito 6 Pagos',75000.00,1218,2),(534,1221,1345,'Tarjeta Credito 12 Pagos',75000.00,1274,1),(535,908,643,'Tarjeta Credito 12 Pagos',40000.00,901,2),(536,1118,149,'Tarjeta Credito 12 Pagos',60000.00,1214,4),(537,1385,1124,'Tarjeta Debito',75000.00,763,2),(538,1284,795,'Efectivo',75000.00,1710,5),(539,1405,409,'Efectivo',60000.00,1475,5),(540,424,919,'Tarjeta Debito',60000.00,1811,4),(541,1336,1355,'Efectivo',75000.00,334,1),(542,406,95,'Tarjeta Debito',60000.00,1960,5),(543,75,1384,'Efectivo',40000.00,820,1),(544,452,155,'Efectivo',25000.00,1949,5),(545,1186,235,'Tarjeta Credito 6 Pagos',25000.00,155,5),(546,847,148,'Efectivo',75000.00,1452,1),(547,863,1357,'Tarjeta Credito 12 Pagos',60000.00,1083,2),(548,1297,125,'Tarjeta Debito',25000.00,143,4),(549,461,1036,'Tarjeta Credito 6 Pagos',25000.00,80,4),(550,396,329,'Tarjeta Credito 12 Pagos',60000.00,1030,5),(551,1127,383,'Tarjeta Debito',60000.00,1705,5),(552,193,548,'Tarjeta Credito 12 Pagos',25000.00,1227,2),(553,227,398,'Tarjeta Credito 12 Pagos',60000.00,490,4),(554,32,203,'Tarjeta Credito 6 Pagos',60000.00,9,2),(555,248,1212,'Tarjeta Credito 6 Pagos',25000.00,1786,3),(556,465,574,'Tarjeta Debito',15000.00,864,5),(557,91,631,'Tarjeta Debito',15000.00,1882,2),(558,456,117,'Tarjeta Debito',15000.00,1551,1),(559,634,257,'Efectivo',40000.00,328,1),(560,899,1416,'Efectivo',60000.00,766,2),(561,79,1223,'Tarjeta Credito 12 Pagos',40000.00,391,4),(562,940,1233,'Tarjeta Credito 6 Pagos',60000.00,694,1),(563,288,709,'Tarjeta Credito 12 Pagos',15000.00,1489,4),(564,1164,318,'Tarjeta Credito 1 Pago',40000.00,1810,1),(565,1317,1182,'Tarjeta Debito',75000.00,454,4),(566,1233,923,'Tarjeta Debito',75000.00,166,1),(567,1088,1360,'Tarjeta Credito 6 Pagos',60000.00,1072,1),(568,1364,740,'Tarjeta Credito 6 Pagos',60000.00,1656,3),(569,898,62,'Efectivo',15000.00,95,2),(570,625,1298,'Tarjeta Credito 6 Pagos',60000.00,262,4),(571,445,279,'Tarjeta Credito 6 Pagos',60000.00,929,1),(572,923,133,'Tarjeta Credito 6 Pagos',25000.00,796,5),(573,1334,1115,'Tarjeta Credito 6 Pagos',40000.00,1922,1),(574,820,282,'Tarjeta Credito 12 Pagos',75000.00,502,3),(575,1240,515,'Tarjeta Credito 1 Pago',40000.00,597,4),(576,299,1192,'Tarjeta Credito 1 Pago',15000.00,1432,5),(577,13,547,'Tarjeta Credito 12 Pagos',75000.00,593,2),(578,1131,1359,'Tarjeta Debito',40000.00,945,1),(579,302,1428,'Efectivo',25000.00,896,2),(580,49,1051,'Tarjeta Credito 1 Pago',40000.00,1459,3),(581,487,54,'Tarjeta Credito 12 Pagos',75000.00,1310,4),(582,793,571,'Tarjeta Credito 1 Pago',60000.00,136,4),(583,922,519,'Tarjeta Credito 6 Pagos',15000.00,1989,2),(584,788,1277,'Efectivo',60000.00,1972,4),(585,577,189,'Tarjeta Debito',25000.00,703,2),(586,514,873,'Tarjeta Credito 1 Pago',60000.00,1969,5),(587,776,790,'Tarjeta Credito 6 Pagos',75000.00,1437,1),(588,147,590,'Tarjeta Credito 6 Pagos',60000.00,957,5),(589,55,1232,'Tarjeta Credito 6 Pagos',60000.00,1452,1),(590,651,819,'Tarjeta Credito 1 Pago',75000.00,1370,3),(591,405,140,'Tarjeta Credito 12 Pagos',25000.00,1989,3),(592,260,448,'Tarjeta Debito',60000.00,989,2),(593,1155,141,'Tarjeta Credito 6 Pagos',40000.00,1854,4),(594,510,837,'Efectivo',40000.00,612,5),(595,655,607,'Efectivo',60000.00,891,3),(596,800,1094,'Efectivo',25000.00,711,1),(597,131,720,'Efectivo',60000.00,1231,3),(598,793,1359,'Tarjeta Credito 12 Pagos',75000.00,1798,5),(599,504,906,'Tarjeta Credito 1 Pago',15000.00,44,2),(600,29,1160,'Tarjeta Debito',40000.00,1478,4),(601,665,779,'Tarjeta Credito 1 Pago',25000.00,1710,2),(602,969,1232,'Tarjeta Debito',15000.00,457,2),(603,192,119,'Tarjeta Credito 1 Pago',75000.00,138,1),(604,203,376,'Tarjeta Credito 1 Pago',25000.00,1325,1),(605,1169,1127,'Tarjeta Debito',60000.00,1236,5),(606,949,608,'Efectivo',25000.00,1028,4),(607,706,1277,'Tarjeta Debito',75000.00,957,1),(608,1341,105,'Tarjeta Debito',25000.00,179,4),(609,802,394,'Tarjeta Debito',40000.00,1135,3),(610,1065,1348,'Tarjeta Credito 1 Pago',25000.00,1214,3),(611,1355,772,'Efectivo',40000.00,1299,2),(612,990,1264,'Tarjeta Credito 12 Pagos',25000.00,220,2),(613,72,711,'Efectivo',15000.00,796,3),(614,93,1158,'Tarjeta Credito 1 Pago',40000.00,795,4),(615,921,830,'Tarjeta Credito 12 Pagos',25000.00,235,2),(616,989,1430,'Tarjeta Credito 6 Pagos',60000.00,109,1),(617,1215,1071,'Tarjeta Credito 1 Pago',25000.00,1779,3),(618,1159,471,'Tarjeta Credito 6 Pagos',60000.00,905,2),(619,162,1070,'Efectivo',15000.00,1643,4),(620,862,547,'Efectivo',60000.00,388,4),(621,1388,696,'Tarjeta Credito 6 Pagos',25000.00,1744,5),(622,589,735,'Tarjeta Credito 6 Pagos',60000.00,1980,5),(623,296,1198,'Efectivo',25000.00,503,2),(624,890,1098,'Tarjeta Credito 1 Pago',75000.00,1810,3),(625,791,917,'Efectivo',40000.00,433,5),(626,1278,699,'Tarjeta Credito 1 Pago',40000.00,1480,1),(627,918,375,'Tarjeta Debito',15000.00,933,4),(628,445,940,'Tarjeta Credito 1 Pago',25000.00,734,3),(629,939,751,'Efectivo',40000.00,1031,5),(630,346,557,'Efectivo',15000.00,531,4),(631,1427,914,'Tarjeta Credito 6 Pagos',15000.00,1684,4),(632,768,1345,'Tarjeta Credito 6 Pagos',40000.00,1930,1),(633,1032,1226,'Tarjeta Credito 6 Pagos',25000.00,603,1),(634,1103,617,'Tarjeta Credito 6 Pagos',60000.00,822,4),(635,667,512,'Efectivo',40000.00,571,2),(636,61,881,'Tarjeta Credito 12 Pagos',25000.00,918,3),(637,89,600,'Efectivo',40000.00,1612,4),(638,1226,58,'Tarjeta Debito',40000.00,1161,2),(639,793,241,'Tarjeta Debito',40000.00,1599,3),(640,290,1391,'Tarjeta Credito 1 Pago',25000.00,181,4),(641,29,742,'Efectivo',60000.00,784,2),(642,1184,1131,'Tarjeta Credito 6 Pagos',60000.00,968,4),(643,702,631,'Tarjeta Debito',40000.00,1397,5),(644,26,1130,'Tarjeta Credito 6 Pagos',75000.00,1190,1),(645,119,1180,'Tarjeta Credito 12 Pagos',15000.00,159,5),(646,988,396,'Tarjeta Debito',25000.00,313,3),(647,1239,1093,'Tarjeta Debito',60000.00,591,2),(648,213,1182,'Tarjeta Credito 1 Pago',25000.00,409,2),(649,1383,1399,'Tarjeta Credito 12 Pagos',15000.00,591,3),(650,757,1079,'Tarjeta Credito 6 Pagos',25000.00,489,5),(651,1132,317,'Efectivo',75000.00,1705,3),(652,671,1413,'Tarjeta Credito 1 Pago',60000.00,1675,3),(653,599,1008,'Tarjeta Debito',40000.00,631,5),(654,42,1019,'Efectivo',75000.00,1120,5),(655,383,423,'Tarjeta Debito',40000.00,1465,3),(656,1081,637,'Efectivo',15000.00,150,2),(657,234,413,'Tarjeta Credito 12 Pagos',15000.00,10,3),(658,131,1220,'Tarjeta Credito 6 Pagos',15000.00,1942,2),(659,865,981,'Tarjeta Credito 12 Pagos',60000.00,1459,2),(660,959,253,'Tarjeta Credito 6 Pagos',75000.00,978,4),(661,22,453,'Efectivo',15000.00,91,4),(662,440,730,'Tarjeta Debito',25000.00,1722,1),(663,1406,280,'Tarjeta Debito',60000.00,670,3),(664,1290,507,'Tarjeta Credito 12 Pagos',75000.00,76,1),(665,1226,675,'Efectivo',40000.00,1876,3),(666,86,930,'Tarjeta Credito 6 Pagos',25000.00,1620,5),(667,960,818,'Tarjeta Credito 6 Pagos',75000.00,1675,4),(668,417,1093,'Tarjeta Credito 12 Pagos',40000.00,1988,5),(669,1263,1403,'Tarjeta Debito',60000.00,1256,1),(670,873,619,'Tarjeta Debito',75000.00,251,3),(671,425,239,'Tarjeta Debito',75000.00,242,1),(672,611,13,'Tarjeta Credito 1 Pago',15000.00,713,4),(673,381,63,'Tarjeta Credito 6 Pagos',40000.00,746,3),(674,766,445,'Efectivo',75000.00,1368,1),(675,1296,214,'Tarjeta Debito',60000.00,406,4),(676,797,1181,'Tarjeta Debito',15000.00,517,2),(677,583,831,'Tarjeta Credito 6 Pagos',15000.00,1229,1),(678,182,279,'Efectivo',60000.00,845,1),(679,1215,390,'Tarjeta Credito 12 Pagos',15000.00,538,1),(680,268,1193,'Tarjeta Credito 1 Pago',25000.00,227,5),(681,170,727,'Tarjeta Credito 6 Pagos',60000.00,1269,5),(682,435,618,'Tarjeta Credito 12 Pagos',40000.00,1070,5),(683,561,514,'Efectivo',15000.00,282,3),(684,961,991,'Tarjeta Credito 12 Pagos',15000.00,1106,3),(685,1233,436,'Tarjeta Credito 6 Pagos',40000.00,718,3),(686,615,1240,'Efectivo',75000.00,667,4),(687,1160,1331,'Efectivo',75000.00,1556,1),(688,1280,593,'Tarjeta Credito 6 Pagos',40000.00,1711,5),(689,237,676,'Tarjeta Credito 12 Pagos',60000.00,868,3),(690,1272,99,'Tarjeta Credito 6 Pagos',25000.00,653,3),(691,621,345,'Efectivo',15000.00,422,1),(692,1251,907,'Tarjeta Credito 12 Pagos',25000.00,1390,1),(693,1236,601,'Tarjeta Credito 1 Pago',15000.00,1581,5),(694,1041,1074,'Tarjeta Credito 6 Pagos',25000.00,1594,5),(695,777,898,'Tarjeta Credito 12 Pagos',60000.00,1430,5),(696,108,1407,'Tarjeta Credito 12 Pagos',60000.00,1606,2),(697,761,1053,'Tarjeta Credito 1 Pago',60000.00,1719,4),(698,1177,639,'Tarjeta Credito 1 Pago',75000.00,1381,1),(699,627,324,'Tarjeta Debito',40000.00,525,1),(700,1227,25,'Efectivo',60000.00,1820,3),(701,1285,713,'Tarjeta Credito 6 Pagos',25000.00,1110,2),(702,7,151,'Efectivo',40000.00,1690,1),(703,148,1131,'Tarjeta Debito',40000.00,670,4),(704,526,496,'Tarjeta Debito',75000.00,1699,1),(705,237,359,'Tarjeta Credito 1 Pago',15000.00,250,3),(706,1270,322,'Tarjeta Credito 12 Pagos',60000.00,1506,3),(707,1032,916,'Tarjeta Credito 1 Pago',25000.00,399,3),(708,801,1001,'Tarjeta Debito',60000.00,1880,5),(709,718,1337,'Tarjeta Credito 12 Pagos',25000.00,1965,2),(710,179,827,'Tarjeta Debito',40000.00,1403,2),(711,1317,55,'Tarjeta Credito 12 Pagos',60000.00,1663,5),(712,757,443,'Efectivo',75000.00,1883,3),(713,999,342,'Tarjeta Debito',15000.00,913,4),(714,164,557,'Tarjeta Credito 12 Pagos',15000.00,679,4),(715,41,1391,'Tarjeta Credito 6 Pagos',25000.00,1907,4),(716,415,1383,'Tarjeta Credito 6 Pagos',40000.00,1034,2),(717,838,1296,'Tarjeta Debito',75000.00,1116,4),(718,1110,492,'Tarjeta Debito',15000.00,1286,2),(719,1191,915,'Tarjeta Credito 6 Pagos',75000.00,887,5),(720,619,920,'Tarjeta Credito 6 Pagos',15000.00,180,5),(721,556,48,'Tarjeta Debito',25000.00,694,2),(722,231,1125,'Tarjeta Credito 6 Pagos',60000.00,1092,4),(723,236,893,'Tarjeta Credito 12 Pagos',40000.00,965,3),(724,961,1040,'Tarjeta Debito',60000.00,1283,3),(725,1380,354,'Tarjeta Credito 12 Pagos',15000.00,1387,4),(726,1207,707,'Tarjeta Credito 1 Pago',15000.00,1856,1),(727,122,793,'Tarjeta Credito 6 Pagos',75000.00,31,1),(728,481,1115,'Tarjeta Credito 12 Pagos',25000.00,1223,2),(729,491,223,'Tarjeta Credito 12 Pagos',40000.00,117,2),(730,891,1079,'Efectivo',25000.00,948,3),(731,262,307,'Tarjeta Credito 12 Pagos',75000.00,1409,1),(732,1210,153,'Tarjeta Debito',40000.00,1950,1),(733,953,1081,'Efectivo',60000.00,1628,1),(734,1337,1274,'Tarjeta Credito 1 Pago',75000.00,1004,2),(735,746,133,'Tarjeta Debito',25000.00,1913,5),(736,103,1035,'Tarjeta Credito 6 Pagos',25000.00,1482,4),(737,843,1409,'Efectivo',15000.00,323,1),(738,1314,575,'Tarjeta Credito 6 Pagos',40000.00,365,5),(739,314,975,'Efectivo',40000.00,908,5),(740,1416,1220,'Tarjeta Credito 6 Pagos',60000.00,1038,4),(741,1094,979,'Tarjeta Credito 6 Pagos',60000.00,620,1),(742,884,1107,'Tarjeta Debito',25000.00,1165,3),(743,1193,633,'Tarjeta Credito 12 Pagos',15000.00,1792,3),(744,1051,953,'Tarjeta Debito',60000.00,1435,1),(745,283,925,'Tarjeta Credito 1 Pago',75000.00,1782,3),(746,1066,552,'Tarjeta Credito 1 Pago',75000.00,1945,5),(747,1273,228,'Efectivo',60000.00,1811,5),(748,801,642,'Tarjeta Credito 12 Pagos',15000.00,1721,4),(749,127,1172,'Tarjeta Credito 1 Pago',40000.00,1592,2),(750,1393,728,'Tarjeta Credito 6 Pagos',60000.00,115,5),(751,817,1402,'Tarjeta Credito 12 Pagos',75000.00,1936,5),(752,904,1284,'Tarjeta Credito 12 Pagos',75000.00,651,4),(753,976,518,'Efectivo',75000.00,94,5),(754,47,741,'Tarjeta Credito 1 Pago',60000.00,1559,4),(755,755,222,'Efectivo',75000.00,911,2),(756,324,1269,'Tarjeta Credito 6 Pagos',40000.00,749,1),(757,440,938,'Tarjeta Debito',25000.00,656,4),(758,1053,328,'Tarjeta Credito 1 Pago',60000.00,1410,4),(759,841,1052,'Tarjeta Debito',75000.00,664,4),(760,818,1235,'Tarjeta Debito',15000.00,642,1),(761,1095,464,'Tarjeta Debito',15000.00,1684,1),(762,664,1400,'Tarjeta Credito 12 Pagos',40000.00,1313,3),(763,1289,58,'Tarjeta Debito',40000.00,1043,3),(764,923,443,'Efectivo',40000.00,1931,2),(765,44,439,'Tarjeta Credito 12 Pagos',15000.00,1390,4),(766,722,170,'Tarjeta Credito 12 Pagos',40000.00,1919,2),(767,509,923,'Efectivo',15000.00,1870,5),(768,590,129,'Tarjeta Credito 12 Pagos',15000.00,1626,1),(769,223,207,'Tarjeta Debito',60000.00,389,1),(770,1312,1364,'Tarjeta Credito 12 Pagos',25000.00,428,1),(771,550,76,'Tarjeta Credito 1 Pago',60000.00,497,4),(772,374,89,'Tarjeta Credito 1 Pago',40000.00,1584,4),(773,796,1140,'Tarjeta Credito 12 Pagos',75000.00,275,1),(774,601,660,'Efectivo',75000.00,708,5),(775,811,839,'Tarjeta Debito',75000.00,833,4),(776,1031,744,'Tarjeta Debito',15000.00,1541,3),(777,262,1390,'Tarjeta Credito 1 Pago',15000.00,919,1),(778,1114,891,'Efectivo',40000.00,1328,3),(779,1383,879,'Tarjeta Credito 6 Pagos',25000.00,513,4),(780,1028,907,'Tarjeta Credito 6 Pagos',75000.00,58,4),(781,543,905,'Efectivo',60000.00,780,2),(782,351,917,'Tarjeta Credito 1 Pago',40000.00,1578,1),(783,519,481,'Tarjeta Credito 1 Pago',75000.00,504,4),(784,1426,302,'Tarjeta Credito 6 Pagos',25000.00,552,1),(785,92,1390,'Tarjeta Credito 6 Pagos',25000.00,193,3),(786,1055,699,'Efectivo',75000.00,1930,2),(787,635,1190,'Tarjeta Debito',15000.00,5,3),(788,755,870,'Tarjeta Credito 6 Pagos',25000.00,1389,3),(789,1025,461,'Tarjeta Credito 1 Pago',75000.00,1673,3),(790,1366,436,'Tarjeta Credito 12 Pagos',60000.00,1904,3),(791,752,4,'Tarjeta Debito',75000.00,179,3),(792,314,1116,'Tarjeta Credito 6 Pagos',40000.00,46,5),(793,637,992,'Tarjeta Debito',40000.00,631,5),(794,1335,862,'Tarjeta Credito 1 Pago',40000.00,1371,1),(795,1263,59,'Tarjeta Credito 1 Pago',75000.00,566,4),(796,1212,278,'Tarjeta Credito 12 Pagos',15000.00,1801,3),(797,483,584,'Efectivo',60000.00,182,1),(798,285,1295,'Efectivo',60000.00,891,3),(799,980,457,'Tarjeta Credito 6 Pagos',25000.00,882,2),(800,612,348,'Efectivo',60000.00,212,1),(801,297,587,'Efectivo',40000.00,797,5),(802,1167,632,'Tarjeta Credito 12 Pagos',15000.00,322,2),(803,1197,722,'Tarjeta Credito 1 Pago',75000.00,1110,3),(804,18,135,'Efectivo',75000.00,956,3),(805,4,36,'Tarjeta Debito',15000.00,190,5),(806,1410,679,'Tarjeta Credito 12 Pagos',15000.00,650,1),(807,1368,641,'Tarjeta Credito 6 Pagos',75000.00,894,5),(808,381,280,'Tarjeta Credito 6 Pagos',25000.00,709,1),(809,1172,483,'Tarjeta Credito 6 Pagos',40000.00,1311,2),(810,937,350,'Tarjeta Debito',15000.00,1273,3),(811,589,1093,'Tarjeta Debito',15000.00,1347,5),(812,1222,1275,'Tarjeta Credito 1 Pago',25000.00,1872,4),(813,205,144,'Efectivo',25000.00,1989,4),(814,1014,400,'Tarjeta Debito',25000.00,64,3),(815,1043,370,'Tarjeta Credito 6 Pagos',75000.00,1574,4),(816,725,605,'Efectivo',75000.00,1588,1),(817,820,1322,'Tarjeta Credito 12 Pagos',25000.00,314,1),(818,952,1426,'Tarjeta Debito',25000.00,1709,3),(819,1241,784,'Tarjeta Credito 6 Pagos',15000.00,1129,4),(820,314,1161,'Tarjeta Credito 12 Pagos',40000.00,1485,2),(821,147,1401,'Tarjeta Credito 1 Pago',40000.00,243,2),(822,628,999,'Tarjeta Credito 6 Pagos',60000.00,494,2),(823,400,619,'Tarjeta Credito 1 Pago',25000.00,1823,3),(824,321,934,'Tarjeta Credito 12 Pagos',40000.00,900,5),(825,986,936,'Efectivo',25000.00,784,1),(826,142,192,'Tarjeta Debito',40000.00,51,2),(827,260,1350,'Tarjeta Credito 6 Pagos',25000.00,1359,5),(828,194,84,'Tarjeta Credito 1 Pago',40000.00,1997,5),(829,993,475,'Tarjeta Debito',25000.00,1797,2),(830,507,1330,'Tarjeta Credito 12 Pagos',15000.00,753,1),(831,1417,345,'Tarjeta Credito 12 Pagos',75000.00,1801,5),(832,135,749,'Tarjeta Credito 6 Pagos',25000.00,1129,3),(833,599,264,'Tarjeta Debito',40000.00,1666,3),(834,978,1035,'Efectivo',60000.00,1445,2),(835,805,303,'Tarjeta Credito 12 Pagos',25000.00,994,3),(836,1427,1197,'Tarjeta Credito 6 Pagos',40000.00,1331,2),(837,643,1422,'Efectivo',40000.00,708,1),(838,862,695,'Efectivo',25000.00,1625,3),(839,421,371,'Tarjeta Debito',60000.00,5,1),(840,286,625,'Efectivo',40000.00,1674,4),(841,1187,700,'Efectivo',25000.00,1478,4),(842,1387,370,'Efectivo',15000.00,936,3),(843,1072,66,'Tarjeta Credito 12 Pagos',15000.00,150,2),(844,506,542,'Tarjeta Credito 1 Pago',15000.00,442,2),(845,150,1312,'Tarjeta Credito 12 Pagos',75000.00,1620,4),(846,1143,105,'Tarjeta Credito 1 Pago',60000.00,52,4),(847,146,1396,'Efectivo',60000.00,1111,2),(848,970,525,'Tarjeta Debito',40000.00,1720,1),(849,180,936,'Tarjeta Credito 12 Pagos',60000.00,676,3),(850,1021,615,'Tarjeta Credito 6 Pagos',75000.00,1561,1),(851,350,1430,'Tarjeta Credito 12 Pagos',75000.00,1129,2),(852,861,946,'Tarjeta Credito 12 Pagos',75000.00,818,2),(853,708,785,'Tarjeta Debito',60000.00,1209,5),(854,723,822,'Tarjeta Debito',15000.00,1611,1),(855,769,1020,'Tarjeta Debito',40000.00,1012,3),(856,623,547,'Tarjeta Credito 6 Pagos',60000.00,1772,1),(857,754,220,'Tarjeta Credito 12 Pagos',25000.00,931,5),(858,711,83,'Tarjeta Credito 1 Pago',75000.00,393,2),(859,1192,429,'Tarjeta Credito 12 Pagos',15000.00,1509,3),(860,511,267,'Efectivo',15000.00,1272,1),(861,950,83,'Tarjeta Credito 6 Pagos',60000.00,457,3),(862,513,286,'Tarjeta Credito 12 Pagos',75000.00,425,2),(863,608,208,'Tarjeta Debito',75000.00,657,4),(864,820,64,'Tarjeta Credito 6 Pagos',75000.00,1707,3),(865,150,770,'Tarjeta Debito',15000.00,1368,1),(866,1140,962,'Efectivo',40000.00,644,4),(867,442,354,'Tarjeta Credito 1 Pago',40000.00,277,4),(868,190,55,'Efectivo',25000.00,635,3),(869,1076,187,'Tarjeta Credito 6 Pagos',60000.00,1328,5),(870,676,721,'Tarjeta Credito 12 Pagos',40000.00,1972,2),(871,337,1121,'Tarjeta Credito 1 Pago',40000.00,1819,2),(872,525,812,'Efectivo',40000.00,1183,1),(873,761,1000,'Tarjeta Credito 6 Pagos',60000.00,1373,4),(874,1071,113,'Tarjeta Debito',75000.00,1406,4),(875,1318,922,'Efectivo',75000.00,1142,3),(876,1421,1152,'Tarjeta Credito 12 Pagos',75000.00,1529,5),(877,1319,1426,'Tarjeta Credito 1 Pago',25000.00,1214,3),(878,747,653,'Tarjeta Credito 6 Pagos',60000.00,475,2),(879,589,556,'Tarjeta Credito 1 Pago',60000.00,173,5),(880,1084,1079,'Tarjeta Debito',75000.00,1890,3),(881,701,522,'Tarjeta Credito 6 Pagos',40000.00,1550,3),(882,814,267,'Tarjeta Credito 12 Pagos',40000.00,712,2),(883,655,1084,'Efectivo',75000.00,1422,3),(884,1257,379,'Tarjeta Debito',15000.00,1255,1),(885,1272,929,'Efectivo',75000.00,614,4),(886,789,959,'Tarjeta Credito 6 Pagos',40000.00,1085,3),(887,1316,85,'Tarjeta Credito 6 Pagos',25000.00,1153,4),(888,1,95,'Tarjeta Credito 12 Pagos',60000.00,758,2),(889,713,1402,'Efectivo',40000.00,935,1),(890,559,256,'Efectivo',15000.00,990,4),(891,976,1133,'Tarjeta Credito 12 Pagos',75000.00,1644,1),(892,1186,297,'Tarjeta Credito 1 Pago',25000.00,1212,2),(893,1013,110,'Efectivo',25000.00,1002,1),(894,755,1334,'Tarjeta Debito',25000.00,1399,2),(895,215,1141,'Tarjeta Debito',25000.00,1739,2),(896,265,335,'Tarjeta Credito 6 Pagos',40000.00,82,5),(897,792,569,'Tarjeta Credito 12 Pagos',40000.00,90,3),(898,1169,1117,'Tarjeta Credito 6 Pagos',60000.00,866,4),(899,387,1263,'Tarjeta Credito 1 Pago',60000.00,510,2),(900,934,505,'Tarjeta Credito 12 Pagos',60000.00,1847,5),(901,299,412,'Tarjeta Credito 1 Pago',40000.00,1819,4),(902,602,1353,'Tarjeta Credito 6 Pagos',15000.00,1361,3),(903,504,978,'Efectivo',75000.00,1793,5),(904,619,1306,'Tarjeta Credito 1 Pago',75000.00,1962,3),(905,771,534,'Tarjeta Credito 12 Pagos',40000.00,1806,4),(906,1242,1038,'Tarjeta Credito 1 Pago',60000.00,394,1),(907,1339,293,'Efectivo',40000.00,74,4),(908,67,1216,'Efectivo',40000.00,1720,2),(909,642,1111,'Tarjeta Credito 1 Pago',60000.00,825,3),(910,567,932,'Tarjeta Debito',40000.00,1440,2),(911,562,1107,'Tarjeta Credito 1 Pago',75000.00,1079,3),(912,1276,941,'Tarjeta Credito 6 Pagos',60000.00,753,3),(913,406,710,'Tarjeta Credito 6 Pagos',40000.00,1054,3),(914,1348,1426,'Tarjeta Credito 12 Pagos',75000.00,1063,3),(915,436,492,'Tarjeta Credito 6 Pagos',40000.00,789,4),(916,201,1303,'Tarjeta Credito 6 Pagos',25000.00,980,4),(917,123,844,'Tarjeta Debito',40000.00,643,3),(918,1116,953,'Tarjeta Credito 6 Pagos',60000.00,1144,1),(919,617,456,'Tarjeta Credito 1 Pago',75000.00,819,5),(920,883,1019,'Tarjeta Debito',60000.00,645,4),(921,7,973,'Tarjeta Credito 1 Pago',60000.00,732,3),(922,212,1044,'Tarjeta Credito 6 Pagos',25000.00,1893,5),(923,869,542,'Tarjeta Credito 1 Pago',15000.00,780,2),(924,1343,354,'Tarjeta Credito 1 Pago',25000.00,907,5),(925,1246,826,'Tarjeta Credito 1 Pago',40000.00,1508,4),(926,1386,480,'Tarjeta Credito 6 Pagos',15000.00,1627,2),(927,1187,1259,'Efectivo',40000.00,1431,5),(928,497,980,'Efectivo',40000.00,71,2),(929,551,184,'Tarjeta Debito',40000.00,1574,5),(930,1101,854,'Tarjeta Credito 12 Pagos',40000.00,1501,2),(931,1228,1296,'Efectivo',75000.00,1000,4),(932,569,294,'Tarjeta Debito',15000.00,393,3),(933,571,1388,'Efectivo',75000.00,1783,4),(934,1188,725,'Efectivo',25000.00,1832,5),(935,1173,314,'Efectivo',75000.00,1218,3),(936,1051,397,'Tarjeta Credito 1 Pago',75000.00,1372,2),(937,147,810,'Tarjeta Credito 12 Pagos',15000.00,910,1),(938,341,454,'Tarjeta Debito',40000.00,1823,1),(939,1170,1271,'Tarjeta Debito',40000.00,1761,3),(940,1197,131,'Tarjeta Credito 6 Pagos',25000.00,862,4),(941,1363,727,'Tarjeta Credito 12 Pagos',15000.00,1505,5),(942,1357,492,'Tarjeta Credito 1 Pago',40000.00,368,1),(943,450,1361,'Tarjeta Credito 12 Pagos',15000.00,436,4),(944,386,1161,'Tarjeta Credito 12 Pagos',75000.00,440,1),(945,704,1158,'Tarjeta Debito',60000.00,696,4),(946,255,1040,'Tarjeta Credito 6 Pagos',15000.00,811,2),(947,1334,1427,'Tarjeta Credito 12 Pagos',25000.00,248,2),(948,434,206,'Tarjeta Credito 1 Pago',15000.00,1258,5),(949,916,889,'Tarjeta Debito',60000.00,1088,5),(950,889,1070,'Efectivo',15000.00,481,3),(951,151,415,'Tarjeta Credito 6 Pagos',15000.00,200,4),(952,899,86,'Efectivo',15000.00,1186,1),(953,1135,182,'Efectivo',60000.00,1866,3),(954,900,872,'Tarjeta Credito 1 Pago',25000.00,1181,2),(955,705,1008,'Tarjeta Debito',40000.00,1298,5),(956,1110,1345,'Tarjeta Debito',15000.00,451,2),(957,615,822,'Efectivo',60000.00,1526,5),(958,592,389,'Tarjeta Credito 12 Pagos',60000.00,1939,4),(959,1423,437,'Tarjeta Credito 1 Pago',60000.00,987,4),(960,621,608,'Tarjeta Debito',60000.00,1958,5),(961,265,39,'Tarjeta Credito 12 Pagos',40000.00,894,3),(962,999,912,'Tarjeta Credito 6 Pagos',15000.00,390,4),(963,743,823,'Tarjeta Credito 1 Pago',60000.00,435,3),(964,177,1179,'Tarjeta Credito 1 Pago',75000.00,7,4),(965,1202,391,'Efectivo',15000.00,1007,4),(966,371,878,'Efectivo',25000.00,141,5),(967,259,815,'Tarjeta Debito',15000.00,830,3),(968,598,300,'Tarjeta Credito 12 Pagos',15000.00,1838,1),(969,355,1221,'Tarjeta Credito 1 Pago',40000.00,300,1),(970,697,938,'Tarjeta Credito 1 Pago',40000.00,462,5),(971,1231,595,'Tarjeta Credito 12 Pagos',25000.00,55,1),(972,1017,677,'Efectivo',40000.00,458,5),(973,70,863,'Tarjeta Credito 1 Pago',60000.00,976,5),(974,312,828,'Tarjeta Credito 12 Pagos',25000.00,234,1),(975,858,891,'Tarjeta Credito 1 Pago',40000.00,842,2),(976,989,1161,'Tarjeta Debito',25000.00,477,2),(977,320,1345,'Tarjeta Credito 12 Pagos',25000.00,1400,2),(978,961,710,'Tarjeta Credito 6 Pagos',60000.00,1296,5),(979,832,154,'Tarjeta Credito 12 Pagos',15000.00,1281,5),(980,666,835,'Tarjeta Credito 1 Pago',25000.00,1551,2),(981,43,208,'Tarjeta Credito 6 Pagos',25000.00,1728,1),(982,1335,1423,'Tarjeta Credito 12 Pagos',60000.00,1192,2),(983,1243,190,'Tarjeta Credito 12 Pagos',75000.00,1087,2),(984,741,757,'Tarjeta Credito 12 Pagos',15000.00,352,1),(985,747,304,'Efectivo',60000.00,1820,2),(986,730,240,'Tarjeta Debito',15000.00,1027,4),(987,685,623,'Tarjeta Credito 6 Pagos',40000.00,383,4),(988,247,755,'Tarjeta Debito',75000.00,1248,1),(989,729,675,'Tarjeta Credito 1 Pago',40000.00,309,3),(990,1373,470,'Tarjeta Credito 1 Pago',40000.00,1860,2),(991,1342,714,'Tarjeta Credito 6 Pagos',15000.00,1665,2),(992,143,876,'Efectivo',25000.00,267,2),(993,1282,1257,'Tarjeta Credito 12 Pagos',25000.00,957,2),(994,600,646,'Tarjeta Credito 1 Pago',15000.00,598,5),(995,1252,177,'Tarjeta Debito',15000.00,382,4),(996,1131,815,'Tarjeta Credito 6 Pagos',25000.00,1520,2),(997,750,975,'Tarjeta Credito 6 Pagos',25000.00,1321,4),(998,977,1005,'Tarjeta Credito 12 Pagos',60000.00,364,1),(999,814,1299,'Tarjeta Credito 1 Pago',40000.00,1417,3),(1000,429,1318,'Tarjeta Debito',75000.00,598,4),(1001,1135,31,'Tarjeta Credito 1 Pago',25000.00,1619,1),(1002,1226,526,'Tarjeta Debito',25000.00,769,2),(1003,359,263,'Efectivo',25000.00,368,5),(1004,1048,709,'Efectivo',25000.00,1422,1),(1005,734,421,'Tarjeta Credito 12 Pagos',40000.00,1291,4),(1006,1343,639,'Efectivo',40000.00,1023,1),(1007,258,1293,'Tarjeta Debito',40000.00,1815,4),(1008,712,691,'Tarjeta Credito 1 Pago',40000.00,787,1),(1009,145,716,'Tarjeta Credito 6 Pagos',40000.00,382,5),(1010,504,682,'Tarjeta Debito',15000.00,1091,4),(1011,208,666,'Tarjeta Debito',60000.00,1139,3),(1012,881,811,'Tarjeta Credito 6 Pagos',40000.00,789,1),(1013,682,502,'Tarjeta Credito 1 Pago',40000.00,400,4),(1014,943,1324,'Efectivo',40000.00,1142,5),(1015,1185,639,'Efectivo',25000.00,473,1),(1016,844,93,'Tarjeta Credito 6 Pagos',40000.00,281,4),(1017,1134,175,'Tarjeta Credito 6 Pagos',40000.00,44,1),(1018,156,175,'Efectivo',25000.00,218,1),(1019,1286,1038,'Tarjeta Credito 12 Pagos',25000.00,95,4),(1020,973,966,'Tarjeta Credito 12 Pagos',75000.00,615,1),(1021,563,850,'Tarjeta Credito 6 Pagos',75000.00,1210,3),(1022,980,1169,'Efectivo',75000.00,1474,1),(1023,74,103,'Tarjeta Credito 6 Pagos',25000.00,608,1),(1024,136,1334,'Tarjeta Credito 1 Pago',40000.00,1378,5),(1025,1254,480,'Tarjeta Credito 6 Pagos',40000.00,1994,3),(1026,514,1033,'Tarjeta Debito',60000.00,1554,5),(1027,14,1072,'Tarjeta Debito',40000.00,1561,4),(1028,362,1420,'Tarjeta Credito 1 Pago',40000.00,1331,2),(1029,519,26,'Tarjeta Credito 12 Pagos',60000.00,280,2),(1030,1357,1283,'Tarjeta Credito 1 Pago',60000.00,944,5),(1031,24,364,'Tarjeta Credito 6 Pagos',60000.00,811,1),(1032,121,950,'Efectivo',60000.00,698,5),(1033,113,672,'Tarjeta Credito 6 Pagos',75000.00,1891,4),(1034,25,314,'Tarjeta Credito 6 Pagos',40000.00,1839,3),(1035,140,538,'Tarjeta Credito 12 Pagos',15000.00,1703,2),(1036,831,330,'Tarjeta Credito 6 Pagos',40000.00,1234,4),(1037,146,186,'Tarjeta Debito',25000.00,514,3),(1038,476,561,'Efectivo',60000.00,1009,5),(1039,440,244,'Tarjeta Credito 1 Pago',15000.00,1719,5),(1040,903,696,'Tarjeta Credito 12 Pagos',15000.00,393,5),(1041,1240,175,'Tarjeta Debito',60000.00,66,1),(1042,155,954,'Tarjeta Credito 1 Pago',75000.00,577,5),(1043,938,879,'Tarjeta Credito 6 Pagos',60000.00,1252,4),(1044,889,1412,'Tarjeta Credito 1 Pago',15000.00,551,5),(1045,1354,546,'Tarjeta Credito 6 Pagos',75000.00,1883,5),(1046,673,1296,'Tarjeta Debito',75000.00,783,4),(1047,1333,1035,'Tarjeta Credito 6 Pagos',15000.00,996,5),(1048,485,948,'Tarjeta Credito 12 Pagos',25000.00,685,4),(1049,405,1132,'Tarjeta Credito 12 Pagos',40000.00,188,4),(1050,996,912,'Tarjeta Credito 1 Pago',75000.00,1853,1),(1051,1051,1197,'Efectivo',15000.00,22,3),(1052,1295,131,'Tarjeta Credito 12 Pagos',25000.00,798,1),(1053,162,819,'Tarjeta Credito 1 Pago',25000.00,989,3),(1054,416,1008,'Tarjeta Debito',75000.00,299,3),(1055,813,781,'Tarjeta Credito 12 Pagos',75000.00,1873,2),(1056,704,488,'Tarjeta Credito 1 Pago',40000.00,276,1),(1057,344,76,'Tarjeta Credito 6 Pagos',75000.00,58,1),(1058,513,362,'Tarjeta Credito 12 Pagos',60000.00,212,1),(1059,565,209,'Tarjeta Credito 12 Pagos',75000.00,589,5),(1060,369,699,'Efectivo',15000.00,1175,5),(1061,31,209,'Tarjeta Debito',40000.00,474,5),(1062,232,393,'Tarjeta Credito 12 Pagos',60000.00,1282,2),(1063,25,879,'Tarjeta Credito 6 Pagos',25000.00,1896,5),(1064,491,488,'Tarjeta Debito',60000.00,388,1),(1065,595,637,'Efectivo',15000.00,901,4),(1066,531,914,'Efectivo',40000.00,1427,1),(1067,1041,1273,'Tarjeta Credito 6 Pagos',15000.00,987,5),(1068,264,234,'Efectivo',15000.00,365,3),(1069,495,1109,'Tarjeta Credito 1 Pago',15000.00,371,4),(1070,964,213,'Tarjeta Credito 12 Pagos',25000.00,291,2),(1071,1396,1162,'Efectivo',40000.00,1186,1),(1072,802,1050,'Tarjeta Credito 12 Pagos',75000.00,1816,1),(1073,76,1300,'Tarjeta Debito',25000.00,1126,5),(1074,157,1305,'Tarjeta Credito 12 Pagos',15000.00,1278,1),(1075,1079,829,'Tarjeta Debito',60000.00,1386,5),(1076,923,784,'Tarjeta Debito',15000.00,1114,2),(1077,1134,229,'Tarjeta Credito 6 Pagos',25000.00,745,5),(1078,517,1237,'Tarjeta Credito 1 Pago',15000.00,1919,4),(1079,250,197,'Efectivo',40000.00,1929,1),(1080,506,488,'Tarjeta Credito 12 Pagos',25000.00,517,5),(1081,80,545,'Tarjeta Credito 12 Pagos',15000.00,1523,3),(1082,193,1095,'Efectivo',75000.00,1643,4),(1083,1109,1257,'Tarjeta Credito 12 Pagos',15000.00,733,2),(1084,98,514,'Tarjeta Credito 6 Pagos',75000.00,1079,3),(1085,708,449,'Efectivo',40000.00,1504,4),(1086,531,1088,'Tarjeta Credito 12 Pagos',75000.00,1144,3),(1087,707,533,'Efectivo',25000.00,240,3),(1088,398,1394,'Tarjeta Debito',25000.00,1128,5),(1089,301,469,'Efectivo',25000.00,677,5),(1090,58,1031,'Tarjeta Credito 12 Pagos',15000.00,1005,1),(1091,138,231,'Tarjeta Credito 6 Pagos',25000.00,497,4),(1092,868,316,'Tarjeta Debito',25000.00,226,1),(1093,406,1029,'Efectivo',15000.00,1943,4),(1094,946,236,'Tarjeta Debito',60000.00,1831,4),(1095,333,225,'Tarjeta Credito 12 Pagos',60000.00,1926,2),(1096,928,452,'Tarjeta Credito 12 Pagos',15000.00,323,4),(1097,764,646,'Tarjeta Credito 6 Pagos',40000.00,335,1),(1098,887,1259,'Tarjeta Credito 12 Pagos',25000.00,652,3),(1099,620,279,'Tarjeta Credito 6 Pagos',60000.00,735,4),(1100,917,588,'Tarjeta Credito 12 Pagos',60000.00,1400,3),(1101,1031,1098,'Tarjeta Credito 1 Pago',25000.00,1481,2),(1102,719,1111,'Efectivo',75000.00,1859,1),(1103,58,371,'Tarjeta Debito',25000.00,1672,1),(1104,996,775,'Tarjeta Credito 6 Pagos',15000.00,954,4),(1105,62,408,'Tarjeta Credito 1 Pago',75000.00,368,5),(1106,1246,750,'Efectivo',40000.00,581,1),(1107,1060,378,'Tarjeta Credito 1 Pago',40000.00,1161,5),(1108,955,628,'Tarjeta Credito 1 Pago',40000.00,374,5),(1109,169,1016,'Tarjeta Credito 12 Pagos',15000.00,1122,1),(1110,251,1019,'Tarjeta Credito 12 Pagos',60000.00,1426,5),(1111,1164,1292,'Tarjeta Credito 6 Pagos',60000.00,1868,4),(1112,330,1247,'Tarjeta Credito 6 Pagos',25000.00,101,1),(1113,760,833,'Tarjeta Credito 1 Pago',25000.00,388,2),(1114,855,1335,'Tarjeta Debito',60000.00,1952,4),(1115,387,157,'Tarjeta Debito',60000.00,159,1),(1116,67,1421,'Tarjeta Debito',25000.00,1208,1),(1117,486,1401,'Tarjeta Credito 12 Pagos',15000.00,931,3),(1118,940,953,'Efectivo',25000.00,567,2),(1119,52,228,'Tarjeta Credito 6 Pagos',15000.00,1672,2),(1120,329,267,'Tarjeta Credito 6 Pagos',75000.00,770,1),(1121,367,1361,'Tarjeta Debito',60000.00,303,5),(1122,1362,45,'Tarjeta Debito',40000.00,623,1),(1123,1334,325,'Efectivo',40000.00,1291,5),(1124,989,55,'Tarjeta Credito 1 Pago',40000.00,1012,5),(1125,545,524,'Tarjeta Credito 12 Pagos',15000.00,1502,5),(1126,834,1019,'Tarjeta Credito 1 Pago',40000.00,595,3),(1127,577,30,'Tarjeta Credito 6 Pagos',60000.00,608,4),(1128,1411,1295,'Tarjeta Credito 6 Pagos',60000.00,109,1),(1129,505,1320,'Tarjeta Credito 12 Pagos',60000.00,707,2),(1130,1255,131,'Tarjeta Credito 12 Pagos',25000.00,1622,2),(1131,210,477,'Tarjeta Debito',15000.00,221,1),(1132,281,437,'Tarjeta Credito 12 Pagos',40000.00,1141,3),(1133,1264,832,'Tarjeta Credito 12 Pagos',40000.00,1866,2),(1134,1185,817,'Tarjeta Credito 12 Pagos',60000.00,1828,1),(1135,74,537,'Efectivo',60000.00,1079,5),(1136,650,705,'Tarjeta Credito 6 Pagos',75000.00,1225,5),(1137,1209,303,'Tarjeta Credito 6 Pagos',75000.00,862,3),(1138,1270,913,'Tarjeta Credito 1 Pago',25000.00,1981,3),(1139,703,1305,'Tarjeta Credito 12 Pagos',75000.00,1939,5),(1140,140,182,'Tarjeta Credito 6 Pagos',75000.00,202,1),(1141,1399,735,'Tarjeta Credito 1 Pago',25000.00,62,2),(1142,846,599,'Tarjeta Credito 6 Pagos',40000.00,259,5),(1143,728,329,'Tarjeta Credito 12 Pagos',40000.00,566,2),(1144,543,605,'Tarjeta Credito 12 Pagos',25000.00,1403,2),(1145,245,953,'Efectivo',40000.00,1672,5),(1146,1096,1376,'Tarjeta Credito 12 Pagos',25000.00,1316,2),(1147,1194,156,'Tarjeta Credito 12 Pagos',15000.00,930,4),(1148,822,1419,'Efectivo',15000.00,1966,1),(1149,1251,529,'Tarjeta Debito',15000.00,1115,2),(1150,450,1093,'Tarjeta Debito',15000.00,208,5),(1151,354,840,'Tarjeta Credito 1 Pago',60000.00,1473,3),(1152,110,1388,'Tarjeta Credito 1 Pago',25000.00,1433,5),(1153,245,545,'Tarjeta Credito 6 Pagos',25000.00,634,4),(1154,448,1386,'Tarjeta Credito 12 Pagos',60000.00,358,4),(1155,476,6,'Tarjeta Credito 12 Pagos',25000.00,1843,5),(1156,1068,599,'Tarjeta Debito',40000.00,330,5),(1157,922,1095,'Tarjeta Credito 6 Pagos',75000.00,898,4),(1158,1291,984,'Efectivo',40000.00,1141,1),(1159,1018,609,'Tarjeta Credito 6 Pagos',15000.00,57,5),(1160,522,1204,'Tarjeta Debito',40000.00,1877,3),(1161,660,837,'Tarjeta Debito',75000.00,1843,3),(1162,112,107,'Tarjeta Debito',60000.00,837,4),(1163,316,752,'Tarjeta Credito 6 Pagos',60000.00,334,4),(1164,719,1140,'Efectivo',40000.00,224,5),(1165,334,521,'Tarjeta Credito 12 Pagos',60000.00,399,5),(1166,466,858,'Tarjeta Credito 12 Pagos',25000.00,1916,3),(1167,1308,912,'Tarjeta Credito 1 Pago',60000.00,204,4),(1168,1218,1178,'Efectivo',25000.00,1206,3),(1169,87,963,'Efectivo',60000.00,1899,2),(1170,481,1408,'Tarjeta Credito 1 Pago',25000.00,34,4),(1171,432,1140,'Tarjeta Credito 12 Pagos',25000.00,407,5),(1172,886,103,'Tarjeta Credito 6 Pagos',25000.00,1968,5),(1173,1099,522,'Tarjeta Credito 1 Pago',60000.00,1509,5),(1174,503,164,'Efectivo',15000.00,344,2),(1175,155,369,'Tarjeta Credito 1 Pago',15000.00,1330,1),(1176,1253,886,'Tarjeta Credito 1 Pago',25000.00,1588,2),(1177,296,900,'Tarjeta Credito 6 Pagos',40000.00,911,2),(1178,1289,301,'Tarjeta Debito',75000.00,1973,1),(1179,331,586,'Tarjeta Credito 1 Pago',25000.00,435,1),(1180,65,241,'Tarjeta Credito 1 Pago',75000.00,212,1),(1181,1167,29,'Tarjeta Debito',25000.00,1443,4),(1182,349,656,'Tarjeta Credito 12 Pagos',15000.00,1885,2),(1183,203,16,'Tarjeta Debito',15000.00,819,2),(1184,335,293,'Tarjeta Credito 6 Pagos',75000.00,556,2),(1185,194,1161,'Tarjeta Credito 6 Pagos',40000.00,1936,2),(1186,721,757,'Efectivo',40000.00,447,4),(1187,978,318,'Tarjeta Credito 6 Pagos',75000.00,90,3),(1188,1332,1273,'Tarjeta Credito 1 Pago',40000.00,1406,4),(1189,24,1183,'Tarjeta Credito 6 Pagos',60000.00,473,2),(1190,741,630,'Tarjeta Credito 6 Pagos',25000.00,588,3),(1191,775,262,'Tarjeta Credito 6 Pagos',25000.00,957,2),(1192,920,163,'Tarjeta Debito',60000.00,1564,4),(1193,296,1103,'Tarjeta Credito 1 Pago',60000.00,405,2),(1194,1274,1327,'Tarjeta Credito 6 Pagos',60000.00,1117,1),(1195,91,1103,'Efectivo',25000.00,1064,5),(1196,1110,249,'Tarjeta Credito 1 Pago',25000.00,1797,4),(1197,1370,581,'Tarjeta Credito 6 Pagos',25000.00,508,3),(1198,957,127,'Tarjeta Credito 12 Pagos',60000.00,1315,1),(1199,820,978,'Tarjeta Credito 12 Pagos',40000.00,1646,5),(1200,180,145,'Tarjeta Credito 6 Pagos',25000.00,378,5),(1201,445,800,'Tarjeta Credito 1 Pago',75000.00,171,5),(1202,957,995,'Tarjeta Credito 1 Pago',25000.00,1429,1),(1203,717,302,'Tarjeta Credito 12 Pagos',15000.00,932,3),(1204,534,644,'Tarjeta Credito 12 Pagos',40000.00,846,3),(1205,1305,495,'Tarjeta Credito 6 Pagos',25000.00,316,1),(1206,83,589,'Efectivo',25000.00,962,2),(1207,797,1075,'Tarjeta Credito 6 Pagos',25000.00,1888,3),(1208,1122,770,'Tarjeta Debito',75000.00,202,2),(1209,80,571,'Tarjeta Debito',15000.00,1180,1),(1210,755,840,'Efectivo',25000.00,1038,5),(1211,1261,970,'Tarjeta Debito',60000.00,321,3),(1212,1107,1142,'Efectivo',15000.00,1519,5),(1213,255,324,'Efectivo',15000.00,329,1),(1214,657,969,'Tarjeta Credito 12 Pagos',40000.00,1202,3),(1215,1369,1228,'Efectivo',15000.00,886,3),(1216,163,989,'Tarjeta Credito 1 Pago',15000.00,720,2),(1217,327,1319,'Tarjeta Credito 1 Pago',75000.00,1039,4),(1218,732,195,'Tarjeta Credito 1 Pago',15000.00,1641,3),(1219,311,228,'Tarjeta Credito 1 Pago',60000.00,406,1),(1220,17,1051,'Tarjeta Credito 1 Pago',60000.00,336,2),(1221,831,743,'Tarjeta Credito 12 Pagos',25000.00,804,5),(1222,276,1306,'Tarjeta Debito',25000.00,1630,5),(1223,808,937,'Tarjeta Credito 1 Pago',40000.00,446,1),(1224,1278,1125,'Efectivo',60000.00,1511,2),(1225,648,663,'Tarjeta Credito 12 Pagos',40000.00,1174,4),(1226,1069,1161,'Efectivo',15000.00,842,4),(1227,38,700,'Tarjeta Debito',75000.00,2000,4),(1228,289,904,'Tarjeta Credito 6 Pagos',75000.00,1073,1),(1229,881,825,'Tarjeta Credito 6 Pagos',25000.00,421,3),(1230,1410,1017,'Tarjeta Credito 12 Pagos',25000.00,668,4),(1231,879,1272,'Tarjeta Credito 6 Pagos',40000.00,1711,3),(1232,875,1391,'Efectivo',40000.00,765,4),(1233,884,270,'Tarjeta Debito',75000.00,664,3),(1234,443,57,'Efectivo',60000.00,1151,4),(1235,1409,164,'Tarjeta Credito 1 Pago',75000.00,694,5),(1236,188,1,'Tarjeta Credito 6 Pagos',40000.00,92,5),(1237,1229,1214,'Tarjeta Credito 6 Pagos',15000.00,272,5),(1238,678,168,'Tarjeta Debito',75000.00,189,4),(1239,258,732,'Tarjeta Debito',25000.00,1763,2),(1240,495,367,'Tarjeta Credito 1 Pago',75000.00,903,3),(1241,517,110,'Tarjeta Debito',15000.00,220,2),(1242,350,573,'Efectivo',40000.00,1389,5),(1243,42,1166,'Tarjeta Credito 1 Pago',25000.00,1595,2),(1244,673,268,'Efectivo',75000.00,1838,2),(1245,622,652,'Tarjeta Credito 1 Pago',25000.00,1954,4),(1246,496,1254,'Efectivo',25000.00,241,4),(1247,1071,118,'Tarjeta Credito 6 Pagos',60000.00,1405,5),(1248,75,775,'Tarjeta Debito',60000.00,1077,1),(1249,558,382,'Tarjeta Debito',40000.00,1555,1),(1250,303,894,'Tarjeta Credito 6 Pagos',25000.00,1500,2),(1251,497,360,'Tarjeta Credito 6 Pagos',60000.00,586,2),(1252,1164,595,'Tarjeta Credito 1 Pago',60000.00,1696,2),(1253,265,246,'Tarjeta Debito',60000.00,1685,5),(1254,798,398,'Tarjeta Debito',15000.00,218,5),(1255,1171,1049,'Tarjeta Credito 12 Pagos',75000.00,1308,1),(1256,729,29,'Efectivo',25000.00,494,3),(1257,1302,438,'Tarjeta Debito',25000.00,1156,4),(1258,658,506,'Efectivo',40000.00,288,4),(1259,1142,1102,'Tarjeta Debito',60000.00,1997,4),(1260,1287,593,'Tarjeta Credito 12 Pagos',60000.00,1859,1),(1261,1261,6,'Tarjeta Credito 12 Pagos',25000.00,1665,3),(1262,1330,1199,'Tarjeta Credito 12 Pagos',40000.00,1696,2),(1263,213,1000,'Tarjeta Credito 12 Pagos',75000.00,804,2),(1264,1013,433,'Tarjeta Debito',25000.00,1593,2),(1265,542,603,'Efectivo',60000.00,880,3),(1266,822,1168,'Tarjeta Credito 1 Pago',60000.00,654,5),(1267,441,288,'Tarjeta Credito 12 Pagos',75000.00,1821,3),(1268,564,833,'Tarjeta Debito',75000.00,1429,4),(1269,841,852,'Tarjeta Credito 6 Pagos',40000.00,6,4),(1270,692,809,'Tarjeta Credito 12 Pagos',75000.00,1573,2),(1271,886,345,'Tarjeta Credito 1 Pago',40000.00,344,4),(1272,222,1396,'Efectivo',60000.00,1676,3),(1273,4,1219,'Efectivo',60000.00,237,2),(1274,1220,1273,'Efectivo',60000.00,859,2),(1275,211,214,'Efectivo',60000.00,1568,5),(1276,1269,1226,'Tarjeta Credito 6 Pagos',15000.00,1099,3),(1277,915,74,'Tarjeta Credito 1 Pago',75000.00,1410,5),(1278,1361,921,'Tarjeta Credito 6 Pagos',25000.00,278,2),(1279,662,642,'Tarjeta Credito 1 Pago',60000.00,1944,2),(1280,941,767,'Efectivo',25000.00,1588,5),(1281,1182,281,'Tarjeta Credito 12 Pagos',60000.00,1861,1),(1282,854,838,'Efectivo',40000.00,703,4),(1283,168,77,'Efectivo',75000.00,257,1),(1284,29,246,'Tarjeta Debito',60000.00,29,3),(1285,90,430,'Tarjeta Credito 1 Pago',60000.00,1191,3),(1286,764,118,'Tarjeta Credito 1 Pago',75000.00,1632,1),(1287,1322,711,'Tarjeta Credito 12 Pagos',60000.00,1284,3),(1288,23,1071,'Efectivo',25000.00,711,1),(1289,1412,1361,'Tarjeta Credito 1 Pago',75000.00,1727,2),(1290,566,580,'Tarjeta Credito 1 Pago',75000.00,1326,2),(1291,235,1424,'Tarjeta Credito 6 Pagos',75000.00,351,5),(1292,1279,208,'Tarjeta Credito 6 Pagos',15000.00,1237,1),(1293,876,1351,'Efectivo',15000.00,40,3),(1294,954,18,'Tarjeta Credito 1 Pago',60000.00,1701,1),(1295,1125,872,'Tarjeta Debito',40000.00,239,2),(1296,780,564,'Tarjeta Credito 1 Pago',25000.00,1570,2),(1297,632,1319,'Tarjeta Debito',75000.00,1014,2),(1298,482,1201,'Tarjeta Credito 12 Pagos',75000.00,1982,3),(1299,965,1066,'Tarjeta Credito 1 Pago',15000.00,930,5),(1300,450,95,'Tarjeta Credito 6 Pagos',60000.00,627,5),(1301,358,1308,'Efectivo',15000.00,1540,2),(1302,1383,835,'Tarjeta Credito 6 Pagos',60000.00,259,3),(1303,1249,40,'Tarjeta Credito 1 Pago',75000.00,1210,3),(1304,1396,158,'Tarjeta Credito 1 Pago',15000.00,231,4),(1305,843,1340,'Tarjeta Debito',75000.00,422,3),(1306,474,955,'Efectivo',75000.00,1553,2),(1307,756,1250,'Tarjeta Credito 1 Pago',25000.00,1478,4),(1308,432,1217,'Tarjeta Debito',25000.00,1919,2),(1309,11,137,'Efectivo',75000.00,449,3),(1310,280,511,'Tarjeta Credito 1 Pago',25000.00,29,5),(1311,6,1401,'Tarjeta Credito 6 Pagos',60000.00,1744,3),(1312,111,915,'Tarjeta Debito',75000.00,977,2),(1313,795,742,'Efectivo',15000.00,771,1),(1314,57,516,'Tarjeta Credito 1 Pago',75000.00,219,3),(1315,1376,1055,'Efectivo',60000.00,505,3),(1316,950,1101,'Tarjeta Credito 1 Pago',15000.00,1326,5),(1317,620,285,'Tarjeta Credito 12 Pagos',40000.00,128,4),(1318,1282,758,'Tarjeta Credito 6 Pagos',25000.00,1579,1),(1319,811,1291,'Efectivo',75000.00,965,1),(1320,50,354,'Tarjeta Credito 6 Pagos',40000.00,394,5),(1321,1175,1152,'Tarjeta Credito 12 Pagos',25000.00,53,3),(1322,162,1144,'Tarjeta Credito 12 Pagos',40000.00,1389,2),(1323,378,544,'Tarjeta Credito 6 Pagos',25000.00,345,5),(1324,165,509,'Tarjeta Credito 6 Pagos',75000.00,1534,1),(1325,836,221,'Tarjeta Debito',75000.00,326,3),(1326,872,174,'Tarjeta Credito 12 Pagos',60000.00,1005,2),(1327,1159,251,'Tarjeta Credito 1 Pago',15000.00,605,2),(1328,241,333,'Tarjeta Credito 1 Pago',25000.00,349,4),(1329,164,888,'Tarjeta Credito 12 Pagos',40000.00,1320,3),(1330,753,965,'Tarjeta Debito',60000.00,1118,2),(1331,861,449,'Efectivo',40000.00,85,4),(1332,293,935,'Tarjeta Credito 1 Pago',75000.00,739,1),(1333,123,24,'Tarjeta Credito 6 Pagos',40000.00,1000,4),(1334,28,26,'Tarjeta Credito 1 Pago',75000.00,1858,2),(1335,111,325,'Tarjeta Credito 6 Pagos',40000.00,843,2),(1336,554,469,'Tarjeta Credito 12 Pagos',40000.00,1357,1),(1337,1235,349,'Tarjeta Credito 12 Pagos',15000.00,1683,2),(1338,119,830,'Tarjeta Credito 12 Pagos',60000.00,321,5),(1339,1011,759,'Tarjeta Credito 12 Pagos',15000.00,580,2),(1340,1318,1308,'Tarjeta Credito 12 Pagos',15000.00,1201,2),(1341,113,252,'Efectivo',25000.00,780,4),(1342,639,180,'Efectivo',60000.00,1302,4),(1343,101,430,'Efectivo',15000.00,1142,2),(1344,912,749,'Tarjeta Credito 1 Pago',40000.00,1802,5),(1345,822,337,'Tarjeta Debito',75000.00,1629,1),(1346,1125,212,'Efectivo',75000.00,103,2),(1347,852,97,'Tarjeta Debito',25000.00,637,5),(1348,859,915,'Efectivo',25000.00,1775,1),(1349,1364,292,'Tarjeta Credito 6 Pagos',40000.00,1330,3),(1350,587,1332,'Efectivo',75000.00,495,1),(1351,861,1072,'Tarjeta Credito 1 Pago',25000.00,1800,3),(1352,1150,687,'Tarjeta Credito 1 Pago',60000.00,1000,2),(1353,69,1235,'Tarjeta Debito',60000.00,375,1),(1354,65,1369,'Tarjeta Debito',75000.00,2,2),(1355,183,719,'Tarjeta Debito',40000.00,604,3),(1356,73,999,'Efectivo',15000.00,1957,5),(1357,371,603,'Tarjeta Credito 6 Pagos',75000.00,1712,5),(1358,719,241,'Tarjeta Credito 6 Pagos',15000.00,1290,2),(1359,527,1402,'Tarjeta Credito 12 Pagos',75000.00,1730,4),(1360,1123,993,'Tarjeta Credito 12 Pagos',25000.00,294,3),(1361,550,1227,'Efectivo',25000.00,939,4),(1362,1268,401,'Tarjeta Credito 1 Pago',15000.00,288,2),(1363,1031,178,'Efectivo',40000.00,583,4),(1364,269,1203,'Efectivo',60000.00,14,4),(1365,1149,198,'Tarjeta Debito',25000.00,1045,4),(1366,1264,471,'Tarjeta Credito 1 Pago',60000.00,735,2),(1367,966,965,'Tarjeta Credito 1 Pago',75000.00,1551,2),(1368,25,1105,'Tarjeta Credito 1 Pago',25000.00,1379,3),(1369,398,1173,'Tarjeta Credito 12 Pagos',25000.00,1156,1),(1370,128,472,'Efectivo',15000.00,841,3),(1371,635,547,'Tarjeta Credito 12 Pagos',60000.00,669,2),(1372,851,586,'Efectivo',15000.00,1928,1),(1373,122,460,'Tarjeta Credito 6 Pagos',15000.00,690,4),(1374,465,932,'Efectivo',60000.00,769,5),(1375,1304,1376,'Efectivo',40000.00,1825,3),(1376,535,220,'Tarjeta Credito 1 Pago',15000.00,1857,3),(1377,44,890,'Tarjeta Credito 12 Pagos',15000.00,324,4),(1378,1335,1090,'Tarjeta Credito 6 Pagos',15000.00,777,2),(1379,548,463,'Tarjeta Credito 12 Pagos',40000.00,644,4),(1380,1346,776,'Tarjeta Credito 12 Pagos',15000.00,1258,5),(1381,1403,246,'Tarjeta Credito 6 Pagos',25000.00,1547,3),(1382,208,422,'Tarjeta Debito',40000.00,370,2),(1383,709,1079,'Tarjeta Credito 1 Pago',40000.00,613,3),(1384,784,702,'Tarjeta Credito 12 Pagos',15000.00,1650,3),(1385,1337,1272,'Tarjeta Credito 1 Pago',75000.00,1233,5),(1386,1382,1044,'Tarjeta Credito 6 Pagos',75000.00,304,4),(1387,648,931,'Tarjeta Credito 1 Pago',40000.00,250,5),(1388,431,684,'Tarjeta Debito',75000.00,329,4),(1389,343,685,'Tarjeta Credito 6 Pagos',25000.00,1228,1),(1390,1312,1248,'Efectivo',25000.00,8,3),(1391,229,1182,'Efectivo',60000.00,984,1),(1392,1177,699,'Tarjeta Debito',40000.00,625,4),(1393,340,988,'Tarjeta Debito',75000.00,1135,1),(1394,1095,742,'Tarjeta Credito 1 Pago',75000.00,448,5),(1395,1011,346,'Tarjeta Credito 12 Pagos',15000.00,1574,2),(1396,1344,203,'Tarjeta Credito 1 Pago',75000.00,1545,5),(1397,417,604,'Tarjeta Credito 6 Pagos',60000.00,408,2),(1398,223,655,'Efectivo',15000.00,1096,5),(1399,227,636,'Tarjeta Debito',40000.00,221,4),(1400,457,1360,'Tarjeta Debito',25000.00,327,2),(1401,581,324,'Tarjeta Credito 12 Pagos',40000.00,1791,2),(1402,1066,1071,'Efectivo',15000.00,1649,5),(1403,270,269,'Efectivo',25000.00,1983,5),(1404,88,742,'Tarjeta Credito 12 Pagos',75000.00,1300,2),(1405,942,859,'Tarjeta Credito 12 Pagos',60000.00,929,5),(1406,468,134,'Tarjeta Debito',25000.00,143,3),(1407,865,779,'Tarjeta Credito 12 Pagos',25000.00,842,1),(1408,100,861,'Tarjeta Credito 12 Pagos',25000.00,1500,5),(1409,697,1292,'Efectivo',25000.00,1351,2),(1410,467,1243,'Tarjeta Credito 12 Pagos',60000.00,1565,5),(1411,590,161,'Tarjeta Credito 1 Pago',60000.00,1362,5),(1412,1107,1149,'Tarjeta Credito 6 Pagos',25000.00,574,4),(1413,1267,1072,'Tarjeta Credito 12 Pagos',25000.00,430,3),(1414,455,368,'Tarjeta Credito 6 Pagos',40000.00,25,5),(1415,490,684,'Tarjeta Credito 1 Pago',25000.00,815,3),(1416,1228,195,'Tarjeta Credito 6 Pagos',60000.00,1701,5),(1417,212,933,'Tarjeta Credito 1 Pago',15000.00,198,1),(1418,374,514,'Tarjeta Credito 12 Pagos',25000.00,1448,2),(1419,1377,1421,'Tarjeta Debito',25000.00,93,1),(1420,436,170,'Tarjeta Credito 1 Pago',40000.00,1395,3),(1421,1109,433,'Tarjeta Credito 1 Pago',15000.00,1939,5),(1422,74,1325,'Tarjeta Credito 1 Pago',25000.00,1340,4),(1423,1051,609,'Tarjeta Credito 6 Pagos',40000.00,1959,3),(1424,1122,929,'Efectivo',60000.00,122,3),(1425,34,306,'Efectivo',60000.00,865,4),(1426,333,238,'Efectivo',25000.00,553,1),(1427,537,156,'Tarjeta Credito 1 Pago',15000.00,254,4),(1428,131,708,'Tarjeta Debito',75000.00,1119,3),(1429,699,1097,'Tarjeta Credito 1 Pago',40000.00,879,4),(1430,656,834,'Efectivo',40000.00,72,4),(1431,747,541,'Tarjeta Credito 6 Pagos',75000.00,369,3),(1432,310,931,'Tarjeta Credito 1 Pago',15000.00,1848,2),(1433,250,142,'Tarjeta Credito 12 Pagos',15000.00,752,2),(1434,389,22,'Efectivo',25000.00,81,1),(1435,684,1030,'Tarjeta Debito',25000.00,1498,2),(1436,961,641,'Tarjeta Credito 6 Pagos',15000.00,1404,3),(1437,690,760,'Tarjeta Credito 6 Pagos',75000.00,696,4),(1438,519,719,'Tarjeta Credito 12 Pagos',15000.00,603,3),(1439,202,403,'Tarjeta Credito 6 Pagos',75000.00,1345,5),(1440,635,179,'Tarjeta Credito 6 Pagos',15000.00,1658,1),(1441,1115,1133,'Tarjeta Credito 12 Pagos',75000.00,1539,1),(1442,94,471,'Efectivo',60000.00,328,1),(1443,575,1050,'Efectivo',40000.00,641,5),(1444,1327,1289,'Tarjeta Debito',75000.00,1709,4),(1445,625,761,'Tarjeta Credito 6 Pagos',25000.00,815,3),(1446,761,1356,'Tarjeta Credito 6 Pagos',75000.00,180,4),(1447,1008,1201,'Tarjeta Debito',60000.00,1611,3),(1448,644,820,'Tarjeta Credito 1 Pago',25000.00,1491,2),(1449,559,406,'Tarjeta Credito 12 Pagos',40000.00,1513,4),(1450,985,1203,'Tarjeta Credito 12 Pagos',15000.00,1169,4),(1451,1250,1231,'Tarjeta Credito 1 Pago',60000.00,1974,5),(1452,615,122,'Tarjeta Credito 1 Pago',40000.00,1987,5),(1453,1336,803,'Tarjeta Credito 6 Pagos',25000.00,501,2),(1454,1321,828,'Efectivo',40000.00,1700,2),(1455,296,779,'Tarjeta Credito 12 Pagos',40000.00,1419,5),(1456,820,254,'Tarjeta Credito 1 Pago',40000.00,281,3),(1457,416,397,'Tarjeta Credito 12 Pagos',15000.00,1960,3),(1458,646,666,'Tarjeta Credito 6 Pagos',60000.00,1410,1),(1459,294,562,'Tarjeta Credito 6 Pagos',60000.00,1273,5),(1460,769,340,'Tarjeta Debito',60000.00,959,1),(1461,25,37,'Tarjeta Credito 12 Pagos',40000.00,526,1),(1462,788,1183,'Tarjeta Credito 12 Pagos',25000.00,678,1),(1463,944,1189,'Tarjeta Debito',25000.00,1514,1),(1464,1142,828,'Efectivo',60000.00,896,1),(1465,1126,1388,'Efectivo',75000.00,149,3),(1466,597,153,'Tarjeta Credito 1 Pago',40000.00,726,1),(1467,791,35,'Tarjeta Credito 12 Pagos',25000.00,762,4),(1468,466,184,'Tarjeta Debito',40000.00,1388,3),(1469,63,1289,'Tarjeta Credito 12 Pagos',60000.00,941,2),(1470,9,434,'Efectivo',60000.00,1321,5),(1471,974,457,'Efectivo',25000.00,1778,5),(1472,1041,1219,'Efectivo',40000.00,401,4),(1473,117,184,'Tarjeta Debito',60000.00,78,3),(1474,938,819,'Tarjeta Credito 1 Pago',25000.00,1526,4),(1475,22,745,'Tarjeta Credito 1 Pago',40000.00,1754,3),(1476,724,514,'Efectivo',25000.00,1834,5),(1477,526,1123,'Efectivo',25000.00,84,2),(1478,991,26,'Tarjeta Debito',75000.00,293,1),(1479,1140,191,'Efectivo',15000.00,1857,3),(1480,1324,935,'Tarjeta Credito 1 Pago',15000.00,409,5),(1481,548,881,'Tarjeta Credito 6 Pagos',40000.00,1249,3),(1482,800,862,'Tarjeta Credito 6 Pagos',25000.00,1182,3),(1483,1367,356,'Tarjeta Debito',60000.00,161,5),(1484,1403,889,'Tarjeta Credito 12 Pagos',75000.00,1268,1),(1485,444,635,'Tarjeta Debito',40000.00,1448,4),(1486,735,1194,'Tarjeta Debito',75000.00,1212,4),(1487,258,420,'Tarjeta Credito 1 Pago',25000.00,854,2),(1488,999,1083,'Tarjeta Debito',75000.00,1819,2),(1489,700,1177,'Tarjeta Credito 6 Pagos',15000.00,1701,1),(1490,612,1093,'Tarjeta Credito 6 Pagos',60000.00,1054,4),(1491,463,837,'Tarjeta Credito 12 Pagos',60000.00,560,5),(1492,730,915,'Tarjeta Credito 12 Pagos',15000.00,1656,1),(1493,932,1229,'Tarjeta Credito 1 Pago',25000.00,1473,5),(1494,366,1164,'Efectivo',25000.00,1739,5),(1495,1222,260,'Tarjeta Credito 1 Pago',60000.00,414,1),(1496,1220,208,'Tarjeta Debito',60000.00,1248,4),(1497,166,102,'Tarjeta Debito',15000.00,27,1),(1498,1303,186,'Efectivo',40000.00,898,1),(1499,595,672,'Tarjeta Credito 1 Pago',40000.00,1742,5),(1500,206,687,'Tarjeta Credito 6 Pagos',75000.00,84,2),(1501,60,851,'Tarjeta Credito 6 Pagos',40000.00,354,1),(1502,668,416,'Tarjeta Credito 12 Pagos',25000.00,1538,4),(1503,1104,469,'Tarjeta Debito',40000.00,1985,1),(1504,978,1237,'Tarjeta Credito 6 Pagos',60000.00,405,3),(1505,1296,1355,'Efectivo',40000.00,590,1),(1506,741,1119,'Tarjeta Credito 1 Pago',25000.00,1140,2),(1507,1187,472,'Efectivo',40000.00,1303,1),(1508,87,544,'Tarjeta Credito 12 Pagos',75000.00,421,5),(1509,997,978,'Efectivo',25000.00,1769,5),(1510,1134,1356,'Tarjeta Credito 6 Pagos',75000.00,1470,3),(1511,152,1086,'Tarjeta Credito 1 Pago',15000.00,1913,2),(1512,1352,113,'Tarjeta Debito',75000.00,1744,5),(1513,1130,1048,'Tarjeta Credito 6 Pagos',40000.00,297,2),(1514,961,1106,'Tarjeta Credito 1 Pago',60000.00,903,4),(1515,860,15,'Efectivo',75000.00,104,4),(1516,280,1318,'Tarjeta Credito 12 Pagos',75000.00,763,5),(1517,1032,679,'Tarjeta Credito 1 Pago',25000.00,1830,4),(1518,138,26,'Tarjeta Credito 6 Pagos',60000.00,157,5),(1519,1226,586,'Tarjeta Credito 6 Pagos',25000.00,1739,4),(1520,644,1320,'Tarjeta Credito 1 Pago',75000.00,1998,1),(1521,411,356,'Tarjeta Debito',15000.00,1848,1),(1522,555,741,'Efectivo',15000.00,605,3),(1523,1265,127,'Tarjeta Debito',40000.00,1316,1),(1524,360,1076,'Tarjeta Credito 6 Pagos',60000.00,82,3),(1525,1042,386,'Tarjeta Credito 6 Pagos',75000.00,1386,4),(1526,896,1074,'Tarjeta Credito 1 Pago',25000.00,1923,2),(1527,1349,1371,'Tarjeta Credito 12 Pagos',15000.00,142,3),(1528,908,138,'Tarjeta Credito 12 Pagos',25000.00,827,1),(1529,346,1125,'Tarjeta Credito 1 Pago',15000.00,824,3),(1530,1198,937,'Tarjeta Credito 12 Pagos',60000.00,1458,2),(1531,1413,1015,'Efectivo',25000.00,1154,2),(1532,911,882,'Tarjeta Debito',75000.00,1233,4),(1533,284,399,'Tarjeta Credito 12 Pagos',75000.00,1265,4),(1534,576,538,'Tarjeta Credito 12 Pagos',75000.00,802,1),(1535,352,115,'Efectivo',25000.00,1337,2),(1536,1162,670,'Tarjeta Credito 12 Pagos',15000.00,1041,5),(1537,528,841,'Tarjeta Credito 12 Pagos',25000.00,42,3),(1538,1186,1160,'Tarjeta Credito 12 Pagos',60000.00,1265,4),(1539,408,133,'Tarjeta Credito 1 Pago',40000.00,666,5),(1540,1333,990,'Tarjeta Credito 6 Pagos',15000.00,1791,4),(1541,1356,1219,'Tarjeta Credito 1 Pago',25000.00,957,3),(1542,780,1258,'Tarjeta Debito',15000.00,1871,1),(1543,1329,136,'Tarjeta Credito 6 Pagos',15000.00,399,1),(1544,209,75,'Tarjeta Debito',60000.00,1569,4),(1545,152,217,'Tarjeta Debito',40000.00,502,5),(1546,709,401,'Tarjeta Credito 6 Pagos',75000.00,1461,3),(1547,862,594,'Tarjeta Debito',15000.00,1965,1),(1548,1184,170,'Efectivo',40000.00,1632,5),(1549,524,990,'Tarjeta Credito 12 Pagos',40000.00,869,2),(1550,1087,18,'Tarjeta Credito 1 Pago',75000.00,1865,5),(1551,1022,1067,'Tarjeta Credito 1 Pago',40000.00,1155,2),(1552,272,227,'Tarjeta Credito 12 Pagos',40000.00,296,3),(1553,490,816,'Tarjeta Credito 6 Pagos',60000.00,275,1),(1554,1388,70,'Tarjeta Debito',40000.00,452,3),(1555,22,147,'Tarjeta Credito 6 Pagos',40000.00,1359,5),(1556,1300,612,'Tarjeta Debito',25000.00,1806,2),(1557,1147,358,'Tarjeta Credito 12 Pagos',75000.00,1344,1),(1558,69,1401,'Tarjeta Credito 1 Pago',60000.00,1583,5),(1559,1022,1412,'Efectivo',60000.00,579,1),(1560,1352,1418,'Tarjeta Credito 6 Pagos',40000.00,1319,5),(1561,714,346,'Tarjeta Credito 1 Pago',15000.00,84,1),(1562,1197,508,'Tarjeta Credito 6 Pagos',15000.00,486,3),(1563,1217,1067,'Tarjeta Credito 6 Pagos',40000.00,1444,1),(1564,1423,85,'Tarjeta Credito 12 Pagos',60000.00,1569,1),(1565,1102,132,'Tarjeta Credito 1 Pago',60000.00,1037,1),(1566,1038,111,'Tarjeta Credito 6 Pagos',25000.00,1740,1),(1567,1276,243,'Tarjeta Credito 12 Pagos',40000.00,1214,2),(1568,549,61,'Tarjeta Credito 6 Pagos',75000.00,1112,2),(1569,818,310,'Tarjeta Credito 1 Pago',15000.00,21,4),(1570,1193,349,'Tarjeta Debito',75000.00,770,3),(1571,599,127,'Tarjeta Credito 1 Pago',75000.00,1258,2),(1572,229,1057,'Tarjeta Debito',40000.00,1476,1),(1573,743,951,'Tarjeta Credito 1 Pago',75000.00,186,4),(1574,1373,747,'Tarjeta Debito',15000.00,1618,3),(1575,8,536,'Tarjeta Credito 12 Pagos',75000.00,1826,4),(1576,127,1230,'Efectivo',25000.00,433,1),(1577,223,1297,'Tarjeta Credito 1 Pago',40000.00,1608,1),(1578,488,236,'Tarjeta Debito',75000.00,173,2),(1579,487,522,'Tarjeta Credito 6 Pagos',40000.00,1964,1),(1580,296,49,'Tarjeta Debito',25000.00,1484,3),(1581,609,60,'Tarjeta Credito 6 Pagos',40000.00,1719,4),(1582,1202,352,'Efectivo',25000.00,1959,1),(1583,512,1358,'Tarjeta Credito 12 Pagos',25000.00,892,4),(1584,1054,1321,'Tarjeta Debito',25000.00,1139,2),(1585,585,1138,'Tarjeta Debito',25000.00,1843,2),(1586,728,110,'Tarjeta Debito',40000.00,1440,5),(1587,717,396,'Efectivo',40000.00,838,3),(1588,1113,898,'Tarjeta Debito',15000.00,1666,4),(1589,614,1117,'Tarjeta Credito 6 Pagos',15000.00,1779,3),(1590,299,123,'Tarjeta Debito',40000.00,1473,1),(1591,383,1040,'Tarjeta Debito',60000.00,1657,5),(1592,224,513,'Tarjeta Debito',60000.00,871,5),(1593,349,176,'Tarjeta Credito 12 Pagos',75000.00,1692,1),(1594,718,182,'Tarjeta Debito',75000.00,871,1),(1595,1190,727,'Efectivo',75000.00,1933,1),(1596,1374,83,'Tarjeta Debito',40000.00,1837,2),(1597,337,194,'Tarjeta Credito 6 Pagos',25000.00,1554,2),(1598,72,839,'Tarjeta Credito 12 Pagos',15000.00,527,5),(1599,341,1071,'Tarjeta Debito',25000.00,950,3),(1600,1373,1323,'Tarjeta Credito 6 Pagos',60000.00,375,1),(1601,706,1112,'Efectivo',60000.00,1102,1),(1602,546,1401,'Tarjeta Credito 1 Pago',60000.00,669,3),(1603,645,952,'Tarjeta Credito 1 Pago',25000.00,429,5),(1604,211,853,'Tarjeta Credito 1 Pago',25000.00,662,5),(1605,1048,407,'Efectivo',25000.00,637,5),(1606,538,153,'Tarjeta Debito',40000.00,466,5),(1607,996,1237,'Efectivo',25000.00,19,1),(1608,1105,162,'Tarjeta Credito 1 Pago',60000.00,1231,2),(1609,475,754,'Efectivo',15000.00,1347,5),(1610,49,1157,'Efectivo',75000.00,407,5),(1611,939,143,'Tarjeta Credito 1 Pago',15000.00,794,1),(1612,263,801,'Tarjeta Debito',75000.00,453,5),(1613,349,1343,'Efectivo',15000.00,557,3),(1614,557,519,'Tarjeta Credito 6 Pagos',60000.00,1566,2),(1615,59,27,'Tarjeta Debito',40000.00,439,3),(1616,973,882,'Tarjeta Credito 1 Pago',60000.00,1982,1),(1617,1058,608,'Tarjeta Debito',60000.00,1784,2),(1618,1057,1239,'Tarjeta Credito 1 Pago',40000.00,1282,4),(1619,1306,137,'Efectivo',60000.00,822,1),(1620,570,1136,'Tarjeta Credito 6 Pagos',60000.00,27,3),(1621,617,843,'Tarjeta Credito 6 Pagos',25000.00,1651,2),(1622,357,1086,'Efectivo',15000.00,1928,3),(1623,409,1286,'Efectivo',60000.00,1839,5),(1624,910,1095,'Tarjeta Credito 12 Pagos',60000.00,1269,1),(1625,1418,1055,'Efectivo',25000.00,1307,5),(1626,1271,475,'Tarjeta Debito',60000.00,620,4),(1627,1093,83,'Tarjeta Credito 6 Pagos',40000.00,893,3),(1628,477,1282,'Efectivo',15000.00,722,2),(1629,55,1424,'Efectivo',40000.00,794,1),(1630,1325,723,'Tarjeta Debito',15000.00,627,1),(1631,691,1155,'Tarjeta Debito',75000.00,412,4),(1632,196,440,'Tarjeta Credito 6 Pagos',75000.00,622,3),(1633,1147,1340,'Tarjeta Debito',25000.00,575,2),(1634,928,1220,'Tarjeta Debito',25000.00,1634,3),(1635,1016,516,'Tarjeta Credito 6 Pagos',25000.00,974,1),(1636,551,1372,'Tarjeta Credito 12 Pagos',60000.00,13,2),(1637,27,499,'Tarjeta Credito 6 Pagos',60000.00,1830,4),(1638,378,1176,'Tarjeta Credito 12 Pagos',15000.00,806,2),(1639,1135,934,'Tarjeta Credito 12 Pagos',75000.00,238,4),(1640,57,683,'Efectivo',15000.00,894,1),(1641,288,307,'Tarjeta Credito 12 Pagos',40000.00,12,3),(1642,1158,834,'Tarjeta Credito 12 Pagos',25000.00,1106,2),(1643,607,1039,'Efectivo',15000.00,1293,2),(1644,959,676,'Tarjeta Credito 1 Pago',75000.00,658,5),(1645,709,969,'Tarjeta Credito 6 Pagos',40000.00,395,4),(1646,648,1045,'Tarjeta Credito 6 Pagos',40000.00,743,4),(1647,260,1269,'Tarjeta Credito 6 Pagos',60000.00,1721,2),(1648,1087,1184,'Tarjeta Debito',60000.00,1556,1),(1649,479,27,'Tarjeta Credito 1 Pago',15000.00,1131,3),(1650,1072,552,'Tarjeta Credito 6 Pagos',60000.00,1952,1),(1651,627,608,'Tarjeta Debito',60000.00,1615,1),(1652,629,918,'Tarjeta Credito 6 Pagos',75000.00,1701,3),(1653,1172,403,'Tarjeta Debito',15000.00,1314,5),(1654,1238,209,'Tarjeta Credito 12 Pagos',15000.00,1054,2),(1655,262,333,'Tarjeta Debito',60000.00,1701,4),(1656,910,1133,'Tarjeta Credito 1 Pago',60000.00,1367,2),(1657,848,109,'Tarjeta Credito 6 Pagos',75000.00,1883,3),(1658,478,1343,'Tarjeta Credito 6 Pagos',40000.00,1281,5),(1659,813,652,'Tarjeta Debito',60000.00,935,5),(1660,909,1363,'Efectivo',75000.00,1012,1),(1661,862,1331,'Efectivo',25000.00,1460,2),(1662,273,723,'Tarjeta Debito',40000.00,1668,5),(1663,810,1252,'Tarjeta Credito 1 Pago',75000.00,1201,3),(1664,238,1215,'Tarjeta Debito',40000.00,1048,5),(1665,326,1212,'Tarjeta Credito 6 Pagos',40000.00,12,1),(1666,20,760,'Tarjeta Debito',25000.00,1967,2),(1667,1246,1327,'Tarjeta Debito',15000.00,1112,1),(1668,191,850,'Efectivo',60000.00,347,4),(1669,1169,174,'Tarjeta Credito 12 Pagos',25000.00,223,2),(1670,328,321,'Tarjeta Credito 12 Pagos',60000.00,1810,4),(1671,1404,1018,'Tarjeta Credito 12 Pagos',60000.00,95,5),(1672,1096,1292,'Efectivo',25000.00,1053,2),(1673,188,746,'Efectivo',60000.00,871,3),(1674,804,710,'Tarjeta Credito 12 Pagos',60000.00,756,1),(1675,416,145,'Tarjeta Credito 1 Pago',60000.00,789,3),(1676,248,1021,'Efectivo',15000.00,390,5),(1677,774,371,'Tarjeta Credito 6 Pagos',15000.00,792,4),(1678,997,968,'Tarjeta Credito 1 Pago',75000.00,212,1),(1679,88,313,'Tarjeta Credito 12 Pagos',25000.00,577,5),(1680,643,1295,'Efectivo',15000.00,1548,1),(1681,738,504,'Efectivo',75000.00,1116,4),(1682,465,223,'Tarjeta Credito 6 Pagos',40000.00,676,4),(1683,1146,660,'Tarjeta Debito',15000.00,835,3),(1684,125,869,'Tarjeta Debito',60000.00,971,4),(1685,213,1007,'Tarjeta Credito 6 Pagos',40000.00,1880,1),(1686,729,606,'Tarjeta Credito 1 Pago',60000.00,1863,3),(1687,253,1249,'Tarjeta Credito 6 Pagos',40000.00,433,1),(1688,1108,988,'Efectivo',60000.00,1924,4),(1689,411,69,'Tarjeta Debito',15000.00,934,4),(1690,23,1117,'Tarjeta Credito 12 Pagos',25000.00,537,4),(1691,934,663,'Tarjeta Credito 1 Pago',15000.00,859,1),(1692,466,70,'Tarjeta Credito 1 Pago',75000.00,1421,4),(1693,1245,638,'Efectivo',75000.00,1447,1),(1694,477,1372,'Tarjeta Credito 6 Pagos',75000.00,688,4),(1695,148,492,'Tarjeta Credito 6 Pagos',60000.00,996,5),(1696,1137,971,'Tarjeta Credito 12 Pagos',40000.00,1389,3),(1697,1403,319,'Efectivo',60000.00,203,3),(1698,1320,887,'Tarjeta Credito 12 Pagos',60000.00,408,5),(1699,709,1100,'Tarjeta Credito 6 Pagos',75000.00,1759,2),(1700,1291,68,'Tarjeta Credito 12 Pagos',25000.00,1193,5),(1701,1367,712,'Tarjeta Debito',40000.00,1302,5),(1702,321,927,'Tarjeta Credito 12 Pagos',75000.00,1352,1),(1703,517,1345,'Tarjeta Debito',15000.00,18,1),(1704,308,751,'Tarjeta Debito',25000.00,1173,3),(1705,427,1296,'Tarjeta Credito 12 Pagos',15000.00,103,2),(1706,67,1399,'Tarjeta Credito 1 Pago',25000.00,1682,3),(1707,1063,563,'Tarjeta Credito 12 Pagos',75000.00,1454,5),(1708,597,969,'Tarjeta Debito',40000.00,1665,4),(1709,1155,908,'Tarjeta Credito 12 Pagos',75000.00,1726,3),(1710,179,1139,'Tarjeta Debito',25000.00,1510,4),(1711,843,1159,'Efectivo',25000.00,1701,4),(1712,500,595,'Tarjeta Credito 12 Pagos',15000.00,25,3),(1713,991,744,'Tarjeta Credito 6 Pagos',60000.00,770,2),(1714,249,1329,'Tarjeta Credito 12 Pagos',60000.00,895,3),(1715,468,950,'Tarjeta Credito 12 Pagos',40000.00,146,2),(1716,303,156,'Tarjeta Credito 1 Pago',25000.00,1197,4),(1717,779,458,'Tarjeta Credito 6 Pagos',25000.00,966,1),(1718,1296,967,'Efectivo',40000.00,880,2),(1719,593,927,'Tarjeta Credito 6 Pagos',60000.00,329,2),(1720,700,372,'Tarjeta Credito 12 Pagos',15000.00,157,4),(1721,1090,632,'Efectivo',15000.00,1439,5),(1722,163,700,'Tarjeta Debito',25000.00,1335,1),(1723,767,172,'Efectivo',15000.00,444,4),(1724,752,589,'Efectivo',60000.00,402,2),(1725,490,226,'Tarjeta Credito 1 Pago',40000.00,81,4),(1726,320,679,'Tarjeta Credito 12 Pagos',25000.00,1904,3),(1727,870,151,'Tarjeta Credito 12 Pagos',60000.00,325,5),(1728,657,881,'Tarjeta Credito 6 Pagos',25000.00,230,3),(1729,1211,557,'Tarjeta Credito 1 Pago',60000.00,1935,2),(1730,696,1104,'Efectivo',60000.00,1071,4),(1731,528,887,'Tarjeta Credito 1 Pago',25000.00,984,4),(1732,490,1079,'Tarjeta Credito 12 Pagos',40000.00,940,2),(1733,848,510,'Tarjeta Debito',75000.00,855,5),(1734,1263,482,'Tarjeta Debito',25000.00,157,3),(1735,399,1287,'Tarjeta Credito 12 Pagos',15000.00,1630,5),(1736,1138,451,'Tarjeta Credito 6 Pagos',40000.00,308,5),(1737,987,712,'Tarjeta Credito 6 Pagos',15000.00,1824,5),(1738,277,388,'Tarjeta Credito 1 Pago',75000.00,1753,3),(1739,468,1131,'Tarjeta Credito 1 Pago',40000.00,1503,4),(1740,1381,631,'Efectivo',40000.00,268,2),(1741,441,487,'Tarjeta Credito 1 Pago',40000.00,1008,5),(1742,565,200,'Tarjeta Credito 12 Pagos',75000.00,1541,2),(1743,371,404,'Tarjeta Debito',40000.00,1648,2),(1744,407,321,'Tarjeta Debito',75000.00,1877,2),(1745,1304,905,'Tarjeta Credito 12 Pagos',75000.00,1279,1),(1746,390,868,'Tarjeta Credito 1 Pago',60000.00,838,5),(1747,362,273,'Efectivo',15000.00,494,4),(1748,1425,250,'Efectivo',60000.00,1771,2),(1749,190,356,'Tarjeta Credito 1 Pago',75000.00,1051,2),(1750,629,708,'Tarjeta Credito 12 Pagos',75000.00,1106,1),(1751,793,519,'Tarjeta Credito 12 Pagos',40000.00,1584,4),(1752,245,1335,'Tarjeta Credito 6 Pagos',40000.00,58,5),(1753,823,1163,'Tarjeta Credito 12 Pagos',15000.00,529,3),(1754,619,1321,'Tarjeta Credito 1 Pago',75000.00,594,2),(1755,1128,374,'Tarjeta Credito 6 Pagos',40000.00,1372,3),(1756,244,905,'Tarjeta Credito 6 Pagos',75000.00,214,3),(1757,71,818,'Tarjeta Credito 12 Pagos',25000.00,1404,2),(1758,830,1262,'Tarjeta Debito',25000.00,709,4),(1759,1135,1371,'Tarjeta Credito 12 Pagos',15000.00,465,4),(1760,1269,980,'Tarjeta Credito 12 Pagos',40000.00,554,1),(1761,1426,909,'Tarjeta Credito 1 Pago',15000.00,1262,3),(1762,819,1241,'Tarjeta Credito 6 Pagos',40000.00,1531,4),(1763,1222,174,'Tarjeta Debito',25000.00,1005,4),(1764,1218,686,'Tarjeta Credito 6 Pagos',15000.00,1652,1),(1765,911,1223,'Tarjeta Debito',60000.00,1446,5),(1766,813,647,'Efectivo',40000.00,1322,2),(1767,245,168,'Tarjeta Credito 6 Pagos',40000.00,1465,5),(1768,759,555,'Tarjeta Credito 1 Pago',15000.00,345,2),(1769,1101,817,'Tarjeta Credito 12 Pagos',25000.00,42,4),(1770,409,1422,'Tarjeta Credito 12 Pagos',25000.00,869,5),(1771,128,1186,'Tarjeta Credito 6 Pagos',40000.00,5,1),(1772,564,713,'Tarjeta Credito 6 Pagos',25000.00,242,4),(1773,511,763,'Tarjeta Credito 6 Pagos',15000.00,1384,4),(1774,861,775,'Efectivo',15000.00,1994,3),(1775,688,44,'Tarjeta Credito 12 Pagos',75000.00,834,5),(1776,893,137,'Tarjeta Credito 6 Pagos',60000.00,1115,4),(1777,965,920,'Tarjeta Credito 1 Pago',75000.00,583,3),(1778,1029,1411,'Tarjeta Debito',15000.00,399,2),(1779,1302,314,'Efectivo',75000.00,1135,4),(1780,1109,144,'Tarjeta Debito',25000.00,348,5),(1781,1305,323,'Efectivo',25000.00,93,1),(1782,1353,316,'Tarjeta Debito',40000.00,1619,5),(1783,550,441,'Efectivo',40000.00,1504,2),(1784,536,67,'Tarjeta Credito 6 Pagos',25000.00,1798,4),(1785,1026,1329,'Tarjeta Debito',60000.00,1016,5),(1786,630,1031,'Efectivo',15000.00,1332,5),(1787,1235,432,'Efectivo',75000.00,91,1),(1788,524,627,'Tarjeta Credito 12 Pagos',75000.00,1520,1),(1789,477,114,'Tarjeta Credito 1 Pago',60000.00,1826,3),(1790,685,1053,'Efectivo',40000.00,839,2),(1791,819,135,'Efectivo',60000.00,277,4),(1792,382,303,'Efectivo',25000.00,1376,2),(1793,1056,372,'Tarjeta Credito 12 Pagos',15000.00,525,4),(1794,983,724,'Tarjeta Credito 1 Pago',25000.00,1590,3),(1795,416,715,'Tarjeta Credito 6 Pagos',40000.00,142,3),(1796,239,827,'Tarjeta Credito 6 Pagos',75000.00,58,3),(1797,1165,64,'Tarjeta Credito 1 Pago',60000.00,481,5),(1798,915,1012,'Efectivo',40000.00,559,3),(1799,293,1340,'Efectivo',40000.00,1146,2),(1800,293,361,'Tarjeta Debito',75000.00,1985,2),(1801,933,837,'Tarjeta Debito',25000.00,1680,5),(1802,237,316,'Tarjeta Credito 12 Pagos',75000.00,678,3),(1803,885,397,'Tarjeta Debito',75000.00,1704,2),(1804,1385,1359,'Tarjeta Credito 1 Pago',75000.00,1922,3),(1805,1153,132,'Tarjeta Credito 12 Pagos',25000.00,218,3),(1806,350,641,'Efectivo',40000.00,1145,5),(1807,1062,1,'Tarjeta Credito 6 Pagos',60000.00,1602,2),(1808,712,1080,'Efectivo',40000.00,126,1),(1809,528,1003,'Tarjeta Credito 6 Pagos',40000.00,1908,5),(1810,77,724,'Tarjeta Credito 6 Pagos',40000.00,1205,5),(1811,315,488,'Tarjeta Debito',60000.00,1545,4),(1812,536,1321,'Tarjeta Credito 6 Pagos',25000.00,779,3),(1813,217,1100,'Tarjeta Credito 1 Pago',25000.00,1740,5),(1814,235,22,'Tarjeta Credito 6 Pagos',40000.00,108,1),(1815,505,331,'Tarjeta Credito 1 Pago',25000.00,150,4),(1816,543,1160,'Tarjeta Credito 1 Pago',40000.00,1720,1),(1817,1029,1241,'Tarjeta Credito 12 Pagos',75000.00,917,3),(1818,962,741,'Tarjeta Debito',25000.00,688,3),(1819,414,419,'Tarjeta Credito 1 Pago',15000.00,1050,1),(1820,1363,808,'Efectivo',75000.00,1815,1),(1821,1047,1376,'Tarjeta Debito',15000.00,1849,3),(1822,26,396,'Tarjeta Credito 12 Pagos',40000.00,641,3),(1823,1139,53,'Tarjeta Credito 1 Pago',75000.00,639,5),(1824,275,634,'Tarjeta Credito 12 Pagos',25000.00,167,3),(1825,742,1218,'Tarjeta Credito 12 Pagos',40000.00,1890,2),(1826,774,1391,'Tarjeta Credito 6 Pagos',15000.00,780,2),(1827,1001,1139,'Efectivo',40000.00,1405,2),(1828,111,1225,'Tarjeta Credito 12 Pagos',25000.00,1294,5),(1829,511,717,'Tarjeta Debito',60000.00,929,4),(1830,786,1008,'Tarjeta Credito 12 Pagos',25000.00,512,4),(1831,556,194,'Tarjeta Debito',60000.00,105,1),(1832,259,849,'Tarjeta Credito 1 Pago',75000.00,1635,3),(1833,1100,1362,'Efectivo',40000.00,60,2),(1834,182,1120,'Tarjeta Debito',25000.00,194,1),(1835,346,197,'Tarjeta Credito 12 Pagos',40000.00,1096,3),(1836,543,923,'Efectivo',40000.00,860,5),(1837,1347,742,'Tarjeta Credito 6 Pagos',40000.00,599,2),(1838,1062,986,'Tarjeta Credito 6 Pagos',60000.00,253,1),(1839,454,685,'Efectivo',15000.00,1802,2),(1840,1311,1082,'Tarjeta Credito 12 Pagos',60000.00,731,1),(1841,1390,150,'Tarjeta Credito 12 Pagos',40000.00,439,3),(1842,640,953,'Tarjeta Credito 6 Pagos',15000.00,1514,5),(1843,318,311,'Tarjeta Credito 12 Pagos',25000.00,719,3),(1844,976,753,'Tarjeta Debito',15000.00,1963,4),(1845,934,1120,'Tarjeta Credito 6 Pagos',15000.00,969,5),(1846,1219,1333,'Tarjeta Credito 6 Pagos',75000.00,1819,3),(1847,221,552,'Tarjeta Credito 6 Pagos',75000.00,810,2),(1848,1140,479,'Tarjeta Credito 1 Pago',15000.00,718,1),(1849,955,186,'Efectivo',40000.00,927,2),(1850,228,948,'Tarjeta Credito 1 Pago',60000.00,1564,3),(1851,1184,1078,'Tarjeta Credito 1 Pago',25000.00,946,4),(1852,428,1179,'Tarjeta Credito 1 Pago',40000.00,1343,3),(1853,424,763,'Tarjeta Credito 6 Pagos',75000.00,1008,1),(1854,651,905,'Efectivo',75000.00,534,3),(1855,237,616,'Efectivo',25000.00,1354,1),(1856,1404,1199,'Tarjeta Credito 6 Pagos',25000.00,927,4),(1857,1155,511,'Tarjeta Debito',40000.00,871,2),(1858,1398,413,'Tarjeta Credito 12 Pagos',40000.00,621,3),(1859,1342,1306,'Tarjeta Debito',75000.00,1571,5),(1860,982,984,'Tarjeta Debito',75000.00,1510,1),(1861,1195,485,'Tarjeta Credito 12 Pagos',15000.00,1824,3),(1862,1291,828,'Efectivo',60000.00,1783,5),(1863,47,462,'Tarjeta Credito 12 Pagos',40000.00,1489,3),(1864,156,1117,'Tarjeta Credito 12 Pagos',25000.00,1335,4),(1865,221,1167,'Tarjeta Debito',75000.00,906,3),(1866,45,831,'Tarjeta Credito 6 Pagos',75000.00,274,1),(1867,1174,1401,'Tarjeta Credito 12 Pagos',15000.00,853,2),(1868,789,659,'Tarjeta Credito 1 Pago',60000.00,809,2),(1869,437,696,'Tarjeta Credito 6 Pagos',25000.00,384,1),(1870,850,1020,'Tarjeta Credito 12 Pagos',60000.00,558,2),(1871,599,1064,'Tarjeta Credito 6 Pagos',75000.00,1862,4),(1872,1207,479,'Tarjeta Credito 12 Pagos',75000.00,989,5),(1873,1384,639,'Tarjeta Credito 12 Pagos',60000.00,1486,4),(1874,623,1314,'Tarjeta Debito',15000.00,1271,4),(1875,368,514,'Tarjeta Credito 1 Pago',60000.00,797,3),(1876,960,1208,'Tarjeta Credito 1 Pago',15000.00,601,3),(1877,891,715,'Tarjeta Credito 1 Pago',40000.00,1322,4),(1878,110,333,'Tarjeta Credito 12 Pagos',40000.00,1115,1),(1879,429,488,'Efectivo',15000.00,1883,4),(1880,1002,558,'Efectivo',40000.00,786,3),(1881,1329,695,'Tarjeta Debito',60000.00,1187,4),(1882,555,619,'Tarjeta Credito 1 Pago',60000.00,1777,5),(1883,726,1318,'Tarjeta Credito 6 Pagos',60000.00,1480,5),(1884,225,1359,'Tarjeta Credito 6 Pagos',40000.00,629,3),(1885,854,101,'Tarjeta Credito 6 Pagos',75000.00,636,2),(1886,346,590,'Tarjeta Credito 6 Pagos',15000.00,739,4),(1887,1017,181,'Tarjeta Credito 12 Pagos',25000.00,1562,3),(1888,70,972,'Tarjeta Credito 12 Pagos',25000.00,1185,3),(1889,846,6,'Efectivo',75000.00,1206,4),(1890,1156,1082,'Efectivo',15000.00,69,5),(1891,697,654,'Efectivo',15000.00,397,3),(1892,1122,1419,'Efectivo',15000.00,839,2),(1893,843,894,'Tarjeta Debito',25000.00,1363,1),(1894,417,713,'Efectivo',60000.00,714,2),(1895,1366,884,'Tarjeta Credito 1 Pago',40000.00,1176,2),(1896,218,150,'Tarjeta Credito 6 Pagos',60000.00,728,3),(1897,911,130,'Tarjeta Credito 1 Pago',15000.00,1347,1),(1898,6,432,'Tarjeta Credito 12 Pagos',40000.00,1025,3),(1899,839,1210,'Tarjeta Credito 12 Pagos',75000.00,1779,1),(1900,838,769,'Efectivo',75000.00,1041,1),(1901,1198,311,'Tarjeta Credito 6 Pagos',15000.00,842,3),(1902,532,539,'Tarjeta Debito',75000.00,339,5),(1903,1346,485,'Tarjeta Credito 1 Pago',15000.00,1869,2),(1904,491,319,'Tarjeta Credito 1 Pago',15000.00,1263,3),(1905,333,859,'Tarjeta Debito',75000.00,1254,1),(1906,431,594,'Tarjeta Debito',25000.00,270,4),(1907,1317,249,'Efectivo',40000.00,471,2),(1908,86,437,'Tarjeta Credito 1 Pago',25000.00,840,3),(1909,616,359,'Tarjeta Credito 1 Pago',15000.00,1817,5),(1910,418,311,'Tarjeta Debito',75000.00,1954,4),(1911,882,1407,'Tarjeta Credito 1 Pago',40000.00,363,2),(1912,408,886,'Tarjeta Credito 6 Pagos',75000.00,575,2),(1913,487,1399,'Tarjeta Debito',40000.00,1861,2),(1914,995,1242,'Tarjeta Credito 12 Pagos',40000.00,953,1),(1915,351,1137,'Tarjeta Credito 12 Pagos',60000.00,388,3),(1916,81,952,'Tarjeta Credito 1 Pago',40000.00,424,3),(1917,275,658,'Tarjeta Credito 1 Pago',15000.00,1536,5),(1918,274,755,'Efectivo',25000.00,1705,1),(1919,830,1216,'Tarjeta Credito 1 Pago',40000.00,1028,4),(1920,455,184,'Tarjeta Credito 1 Pago',15000.00,1290,4),(1921,148,131,'Tarjeta Credito 1 Pago',40000.00,655,4),(1922,11,1167,'Tarjeta Debito',60000.00,230,3),(1923,482,626,'Tarjeta Debito',75000.00,619,5),(1924,368,195,'Efectivo',75000.00,975,5),(1925,292,661,'Efectivo',75000.00,811,5),(1926,851,1150,'Tarjeta Credito 12 Pagos',25000.00,1093,5),(1927,230,1323,'Efectivo',60000.00,1884,2),(1928,567,896,'Efectivo',15000.00,410,2),(1929,1075,1185,'Efectivo',25000.00,1096,4),(1930,775,878,'Efectivo',25000.00,536,1),(1931,413,1343,'Tarjeta Credito 6 Pagos',40000.00,1894,3),(1932,42,609,'Tarjeta Credito 12 Pagos',60000.00,372,4),(1933,1356,32,'Tarjeta Credito 1 Pago',60000.00,201,5),(1934,642,1013,'Tarjeta Credito 6 Pagos',60000.00,858,1),(1935,250,80,'Tarjeta Credito 6 Pagos',75000.00,1592,5),(1936,729,1224,'Tarjeta Credito 12 Pagos',75000.00,1617,5),(1937,650,712,'Tarjeta Credito 1 Pago',40000.00,404,2),(1938,154,764,'Tarjeta Debito',60000.00,1289,3),(1939,1298,750,'Tarjeta Credito 6 Pagos',25000.00,967,3),(1940,960,1115,'Efectivo',25000.00,282,5),(1941,18,691,'Tarjeta Credito 1 Pago',25000.00,261,2),(1942,1379,1151,'Tarjeta Debito',75000.00,542,1),(1943,531,1152,'Tarjeta Debito',25000.00,1364,4),(1944,1228,1218,'Tarjeta Debito',75000.00,904,2),(1945,1300,293,'Tarjeta Credito 12 Pagos',60000.00,1113,3),(1946,1286,1303,'Tarjeta Credito 12 Pagos',25000.00,1888,3),(1947,1003,1005,'Tarjeta Credito 12 Pagos',15000.00,1454,3),(1948,1151,293,'Tarjeta Credito 12 Pagos',75000.00,242,3),(1949,197,479,'Tarjeta Credito 12 Pagos',15000.00,722,3),(1950,444,924,'Tarjeta Credito 6 Pagos',75000.00,887,1),(1951,819,514,'Tarjeta Credito 1 Pago',15000.00,1776,5),(1952,960,13,'Tarjeta Credito 12 Pagos',15000.00,995,1),(1953,601,65,'Efectivo',15000.00,12,5),(1954,479,247,'Tarjeta Credito 6 Pagos',40000.00,365,1),(1955,1061,644,'Tarjeta Credito 1 Pago',60000.00,782,4),(1956,102,359,'Tarjeta Debito',40000.00,1394,1),(1957,1165,939,'Tarjeta Debito',40000.00,1382,4),(1958,1287,312,'Efectivo',60000.00,1466,3),(1959,932,907,'Tarjeta Credito 12 Pagos',15000.00,1262,1),(1960,37,501,'Tarjeta Credito 12 Pagos',40000.00,477,1),(1961,383,919,'Tarjeta Credito 1 Pago',75000.00,1332,1),(1962,1241,1033,'Tarjeta Credito 12 Pagos',40000.00,1298,2),(1963,95,745,'Tarjeta Credito 12 Pagos',75000.00,1232,5),(1964,322,776,'Tarjeta Credito 6 Pagos',25000.00,1423,4),(1965,942,995,'Tarjeta Debito',25000.00,891,2),(1966,460,253,'Tarjeta Credito 12 Pagos',40000.00,732,4),(1967,689,1038,'Tarjeta Debito',25000.00,1415,1),(1968,113,1391,'Tarjeta Debito',15000.00,158,5),(1969,1042,1401,'Tarjeta Credito 1 Pago',60000.00,971,4),(1970,213,63,'Tarjeta Debito',75000.00,38,2),(1971,223,323,'Tarjeta Credito 12 Pagos',75000.00,1469,1),(1972,413,1214,'Tarjeta Credito 6 Pagos',60000.00,228,3),(1973,770,1276,'Tarjeta Credito 12 Pagos',60000.00,853,3),(1974,198,1212,'Efectivo',15000.00,400,4),(1975,791,26,'Tarjeta Credito 12 Pagos',25000.00,853,2),(1976,1202,926,'Tarjeta Credito 1 Pago',40000.00,449,2),(1977,69,159,'Tarjeta Debito',25000.00,252,5),(1978,1038,1076,'Tarjeta Credito 12 Pagos',60000.00,1743,1),(1979,1197,730,'Efectivo',60000.00,1265,3),(1980,659,546,'Tarjeta Credito 12 Pagos',40000.00,1300,1),(1981,483,1155,'Tarjeta Credito 6 Pagos',25000.00,326,1),(1982,194,1349,'Tarjeta Credito 6 Pagos',25000.00,1703,1),(1983,1231,162,'Efectivo',75000.00,35,4),(1984,1143,21,'Tarjeta Debito',25000.00,1616,2),(1985,947,480,'Tarjeta Credito 12 Pagos',60000.00,64,3),(1986,1035,80,'Tarjeta Credito 12 Pagos',60000.00,140,1),(1987,729,1225,'Tarjeta Credito 1 Pago',60000.00,1631,1),(1988,261,692,'Tarjeta Credito 12 Pagos',60000.00,906,3),(1989,267,280,'Tarjeta Credito 1 Pago',15000.00,1400,5),(1990,1245,498,'Tarjeta Credito 1 Pago',15000.00,1312,2),(1991,738,1322,'Tarjeta Debito',25000.00,1612,2),(1992,917,196,'Efectivo',40000.00,331,5),(1993,852,193,'Tarjeta Credito 12 Pagos',15000.00,171,5),(1994,434,69,'Tarjeta Credito 1 Pago',40000.00,714,4),(1995,678,1402,'Tarjeta Debito',40000.00,319,2),(1996,300,1206,'Tarjeta Credito 12 Pagos',75000.00,1228,1),(1997,826,495,'Tarjeta Credito 12 Pagos',25000.00,358,5),(1998,1020,488,'Efectivo',60000.00,1198,2),(1999,81,1306,'Tarjeta Credito 12 Pagos',25000.00,348,3),(2000,903,825,'Tarjeta Credito 6 Pagos',75000.00,493,1),(2001,1235,11,'Tarjeta Debito',60000.00,803,2),(2002,667,638,'Tarjeta Debito',60000.00,1727,2),(2003,706,1200,'Tarjeta Credito 12 Pagos',60000.00,187,3),(2004,1254,746,'Tarjeta Credito 6 Pagos',40000.00,1973,5),(2005,1354,820,'Tarjeta Debito',25000.00,959,4),(2006,1130,759,'Tarjeta Credito 12 Pagos',75000.00,162,4),(2007,1217,390,'Tarjeta Debito',25000.00,1737,5),(2008,736,443,'Tarjeta Credito 1 Pago',25000.00,1299,2),(2009,1387,179,'Tarjeta Debito',40000.00,555,4),(2010,1088,60,'Efectivo',75000.00,876,2),(2011,243,752,'Tarjeta Credito 12 Pagos',15000.00,1655,5),(2012,818,289,'Tarjeta Credito 1 Pago',60000.00,1871,5),(2013,465,1224,'Tarjeta Credito 6 Pagos',25000.00,1001,1),(2014,814,384,'Efectivo',40000.00,53,1),(2015,201,1051,'Tarjeta Credito 1 Pago',15000.00,764,4),(2016,642,1136,'Tarjeta Credito 6 Pagos',60000.00,1642,2),(2017,1170,110,'Tarjeta Credito 1 Pago',75000.00,774,3),(2018,139,946,'Tarjeta Credito 12 Pagos',40000.00,1775,2),(2019,1275,1292,'Tarjeta Credito 12 Pagos',60000.00,403,4),(2020,46,867,'Tarjeta Credito 6 Pagos',25000.00,876,2),(2021,271,1316,'Tarjeta Credito 1 Pago',75000.00,342,3),(2022,407,935,'Tarjeta Credito 1 Pago',40000.00,1235,2),(2023,1008,1227,'Tarjeta Credito 6 Pagos',25000.00,1127,5),(2024,411,457,'Tarjeta Credito 1 Pago',25000.00,1258,1),(2025,1184,1372,'Tarjeta Credito 1 Pago',60000.00,1116,5),(2026,1159,1412,'Tarjeta Credito 12 Pagos',25000.00,1257,3),(2027,775,348,'Tarjeta Credito 6 Pagos',40000.00,895,3),(2028,709,1267,'Efectivo',25000.00,1007,5),(2029,191,1190,'Tarjeta Credito 1 Pago',60000.00,408,4),(2030,1259,1114,'Efectivo',75000.00,217,1),(2031,235,632,'Tarjeta Credito 1 Pago',40000.00,1,4),(2032,1032,1160,'Tarjeta Credito 6 Pagos',40000.00,180,5),(2033,1306,1143,'Efectivo',25000.00,85,3),(2034,943,11,'Tarjeta Credito 6 Pagos',75000.00,585,2),(2035,162,1293,'Efectivo',25000.00,1381,4),(2036,1402,96,'Tarjeta Credito 12 Pagos',15000.00,820,5),(2037,342,282,'Efectivo',60000.00,283,1),(2038,455,950,'Efectivo',40000.00,267,4),(2039,1353,1271,'Tarjeta Credito 6 Pagos',75000.00,1472,2),(2040,123,297,'Tarjeta Credito 6 Pagos',15000.00,393,2),(2041,1146,493,'Tarjeta Credito 1 Pago',60000.00,37,2),(2042,662,1254,'Tarjeta Credito 1 Pago',15000.00,1231,2),(2043,128,480,'Tarjeta Credito 6 Pagos',15000.00,1901,1),(2044,1397,386,'Tarjeta Credito 6 Pagos',75000.00,1153,5),(2045,1245,622,'Tarjeta Credito 6 Pagos',60000.00,1455,1),(2046,826,1380,'Efectivo',75000.00,1650,1),(2047,319,370,'Efectivo',75000.00,1337,3),(2048,1152,285,'Tarjeta Credito 6 Pagos',60000.00,625,2),(2049,256,208,'Tarjeta Debito',75000.00,13,5),(2050,31,447,'Tarjeta Debito',15000.00,1957,4),(2051,751,1320,'Tarjeta Credito 12 Pagos',60000.00,880,5),(2052,1055,374,'Tarjeta Credito 6 Pagos',75000.00,410,4),(2053,456,849,'Tarjeta Debito',25000.00,1617,1),(2054,128,825,'Efectivo',25000.00,1042,5),(2055,511,897,'Tarjeta Credito 1 Pago',15000.00,1859,5),(2056,428,349,'Tarjeta Debito',25000.00,36,3),(2057,958,332,'Tarjeta Debito',25000.00,303,3),(2058,740,873,'Tarjeta Credito 12 Pagos',60000.00,1753,5),(2059,1178,1429,'Tarjeta Debito',15000.00,1458,5),(2060,724,527,'Tarjeta Debito',25000.00,1187,4),(2061,767,1373,'Tarjeta Credito 6 Pagos',25000.00,1646,4),(2062,863,150,'Tarjeta Credito 1 Pago',15000.00,1616,4),(2063,44,793,'Tarjeta Debito',75000.00,921,1),(2064,1293,360,'Tarjeta Credito 6 Pagos',75000.00,1838,2),(2065,605,505,'Tarjeta Credito 6 Pagos',75000.00,555,2),(2066,1362,48,'Tarjeta Credito 1 Pago',15000.00,776,1),(2067,800,409,'Efectivo',75000.00,423,2),(2068,234,651,'Tarjeta Credito 6 Pagos',75000.00,330,2),(2069,800,77,'Tarjeta Credito 6 Pagos',75000.00,1944,4),(2070,48,608,'Tarjeta Debito',60000.00,1860,3),(2071,1198,632,'Tarjeta Debito',25000.00,1467,4),(2072,217,922,'Efectivo',15000.00,1080,1),(2073,138,851,'Tarjeta Credito 12 Pagos',75000.00,1658,5),(2074,1210,1193,'Efectivo',60000.00,1577,2),(2075,1154,128,'Tarjeta Credito 12 Pagos',25000.00,76,3),(2076,1236,10,'Efectivo',75000.00,1020,2),(2077,1223,397,'Tarjeta Debito',25000.00,82,5),(2078,960,261,'Tarjeta Credito 1 Pago',60000.00,1353,4),(2079,1183,444,'Tarjeta Credito 1 Pago',75000.00,1047,3),(2080,946,394,'Tarjeta Credito 12 Pagos',75000.00,1696,4),(2081,957,860,'Tarjeta Credito 6 Pagos',60000.00,1937,4),(2082,1039,209,'Tarjeta Debito',25000.00,34,1),(2083,967,559,'Tarjeta Credito 12 Pagos',25000.00,416,3),(2084,740,1427,'Efectivo',40000.00,1575,1),(2085,881,352,'Tarjeta Credito 6 Pagos',60000.00,917,4),(2086,600,371,'Tarjeta Debito',40000.00,1928,2),(2087,404,1213,'Efectivo',75000.00,1309,3),(2088,844,1149,'Tarjeta Debito',60000.00,550,5),(2089,329,867,'Efectivo',75000.00,1927,1),(2090,936,306,'Tarjeta Credito 6 Pagos',40000.00,1675,2),(2091,464,444,'Tarjeta Credito 1 Pago',60000.00,220,1),(2092,100,1072,'Tarjeta Credito 1 Pago',60000.00,339,1),(2093,1176,451,'Tarjeta Credito 12 Pagos',25000.00,96,4),(2094,864,807,'Tarjeta Credito 1 Pago',25000.00,1222,5),(2095,1137,79,'Tarjeta Debito',60000.00,910,2),(2096,1401,1323,'Efectivo',60000.00,617,2),(2097,402,245,'Tarjeta Credito 12 Pagos',75000.00,570,2),(2098,1100,520,'Tarjeta Credito 12 Pagos',15000.00,592,5),(2099,621,1318,'Tarjeta Credito 1 Pago',25000.00,210,3),(2100,1132,293,'Tarjeta Credito 1 Pago',25000.00,1321,1),(2101,476,184,'Tarjeta Credito 12 Pagos',40000.00,1861,5),(2102,833,384,'Tarjeta Debito',60000.00,416,1),(2103,1089,1228,'Tarjeta Credito 6 Pagos',40000.00,1569,3),(2104,1302,1101,'Tarjeta Credito 1 Pago',40000.00,1233,5),(2105,379,945,'Tarjeta Credito 6 Pagos',40000.00,1183,4),(2106,903,1077,'Tarjeta Debito',40000.00,1708,5),(2107,571,626,'Tarjeta Credito 6 Pagos',15000.00,1558,2),(2108,272,617,'Tarjeta Credito 1 Pago',75000.00,1716,3),(2109,233,1088,'Tarjeta Credito 1 Pago',25000.00,1433,4),(2110,164,493,'Efectivo',75000.00,1316,4),(2111,462,1012,'Tarjeta Credito 12 Pagos',15000.00,1361,5),(2112,1395,1350,'Efectivo',25000.00,886,5),(2113,1225,361,'Tarjeta Credito 12 Pagos',15000.00,1728,2),(2114,1234,185,'Tarjeta Credito 1 Pago',25000.00,1389,2),(2115,639,1323,'Tarjeta Credito 6 Pagos',25000.00,717,5),(2116,1373,207,'Tarjeta Debito',75000.00,1549,2),(2117,783,325,'Tarjeta Debito',75000.00,883,4),(2118,250,119,'Tarjeta Debito',40000.00,404,5),(2119,236,398,'Efectivo',75000.00,76,4),(2120,700,1131,'Tarjeta Debito',75000.00,165,2),(2121,799,822,'Tarjeta Credito 1 Pago',15000.00,624,1),(2122,1154,403,'Tarjeta Credito 6 Pagos',25000.00,1696,3),(2123,1072,355,'Tarjeta Credito 6 Pagos',40000.00,46,3),(2124,596,336,'Tarjeta Credito 6 Pagos',15000.00,892,5),(2125,353,1197,'Tarjeta Credito 12 Pagos',15000.00,1558,5),(2126,1207,405,'Tarjeta Credito 1 Pago',15000.00,272,5),(2127,633,940,'Tarjeta Credito 12 Pagos',60000.00,1112,2),(2128,1015,1210,'Efectivo',60000.00,694,2),(2129,488,915,'Tarjeta Debito',40000.00,984,5),(2130,1081,1267,'Tarjeta Credito 6 Pagos',75000.00,1549,3),(2131,503,352,'Tarjeta Credito 1 Pago',75000.00,649,3),(2132,376,1233,'Efectivo',75000.00,235,1),(2133,833,1326,'Tarjeta Credito 6 Pagos',75000.00,1477,4),(2134,1133,1415,'Tarjeta Credito 6 Pagos',60000.00,850,1),(2135,813,907,'Efectivo',40000.00,1890,3),(2136,482,74,'Tarjeta Credito 1 Pago',60000.00,479,2),(2137,1310,1016,'Tarjeta Credito 12 Pagos',40000.00,467,1),(2138,392,887,'Efectivo',15000.00,169,1),(2139,1025,1327,'Efectivo',75000.00,1340,1),(2140,13,498,'Tarjeta Credito 6 Pagos',25000.00,320,4),(2141,681,620,'Tarjeta Credito 1 Pago',15000.00,1904,4),(2142,973,1064,'Tarjeta Debito',75000.00,578,2),(2143,114,467,'Tarjeta Debito',40000.00,1422,4),(2144,250,270,'Tarjeta Debito',75000.00,159,4),(2145,441,1210,'Efectivo',40000.00,1209,2),(2146,775,1288,'Tarjeta Credito 6 Pagos',15000.00,1689,1),(2147,399,1089,'Tarjeta Debito',40000.00,334,4),(2148,368,254,'Tarjeta Credito 1 Pago',25000.00,1889,3),(2149,1364,23,'Efectivo',40000.00,481,5),(2150,537,1172,'Tarjeta Credito 6 Pagos',75000.00,1018,2),(2151,695,626,'Efectivo',60000.00,1986,4),(2152,444,1286,'Tarjeta Credito 1 Pago',25000.00,1788,5),(2153,423,1430,'Tarjeta Debito',15000.00,197,3),(2154,24,524,'Tarjeta Credito 6 Pagos',60000.00,384,5),(2155,35,679,'Tarjeta Credito 1 Pago',40000.00,1545,2),(2156,1080,256,'Efectivo',15000.00,269,2),(2157,1063,1361,'Efectivo',40000.00,1096,4),(2158,1138,833,'Efectivo',60000.00,1027,4),(2159,454,463,'Efectivo',25000.00,1918,1),(2160,1376,441,'Tarjeta Credito 1 Pago',40000.00,1080,2),(2161,607,1186,'Tarjeta Debito',60000.00,323,1),(2162,176,310,'Tarjeta Credito 12 Pagos',40000.00,483,3),(2163,545,85,'Tarjeta Credito 6 Pagos',75000.00,1595,3),(2164,494,963,'Tarjeta Debito',15000.00,96,4),(2165,35,1107,'Tarjeta Debito',25000.00,1654,3),(2166,180,517,'Efectivo',60000.00,558,2),(2167,746,1191,'Tarjeta Debito',75000.00,1865,5),(2168,356,91,'Efectivo',60000.00,826,4),(2169,1278,125,'Tarjeta Credito 12 Pagos',40000.00,1789,2),(2170,785,424,'Tarjeta Credito 6 Pagos',40000.00,450,2),(2171,440,868,'Efectivo',60000.00,1400,2),(2172,1071,656,'Efectivo',60000.00,1780,4),(2173,307,478,'Tarjeta Credito 1 Pago',75000.00,1613,5),(2174,1274,770,'Tarjeta Debito',60000.00,799,5),(2175,486,66,'Tarjeta Credito 1 Pago',60000.00,1836,2),(2176,610,1129,'Tarjeta Credito 1 Pago',75000.00,1801,2),(2177,80,305,'Efectivo',75000.00,819,5),(2178,1052,1387,'Tarjeta Credito 1 Pago',15000.00,902,2),(2179,1416,1131,'Efectivo',25000.00,1740,2),(2180,8,606,'Tarjeta Credito 1 Pago',40000.00,205,3),(2181,1085,388,'Tarjeta Credito 12 Pagos',40000.00,46,5),(2182,112,1194,'Tarjeta Credito 1 Pago',15000.00,1689,5),(2183,271,618,'Tarjeta Credito 1 Pago',15000.00,925,5),(2184,1425,589,'Tarjeta Credito 6 Pagos',40000.00,1855,3),(2185,6,747,'Tarjeta Credito 1 Pago',75000.00,368,5),(2186,633,642,'Tarjeta Credito 1 Pago',15000.00,920,2),(2187,26,616,'Tarjeta Credito 12 Pagos',60000.00,525,2),(2188,1276,776,'Tarjeta Credito 6 Pagos',25000.00,1882,3),(2189,112,644,'Tarjeta Credito 6 Pagos',40000.00,718,4),(2190,227,1013,'Tarjeta Credito 12 Pagos',25000.00,220,2),(2191,489,495,'Efectivo',60000.00,917,3),(2192,175,419,'Tarjeta Debito',25000.00,411,3),(2193,697,1089,'Efectivo',40000.00,982,1),(2194,466,248,'Tarjeta Credito 6 Pagos',15000.00,5,3),(2195,1228,1064,'Tarjeta Credito 6 Pagos',60000.00,94,3),(2196,277,1129,'Tarjeta Credito 1 Pago',25000.00,566,3),(2197,452,1387,'Tarjeta Debito',60000.00,1171,5),(2198,72,1423,'Tarjeta Credito 12 Pagos',60000.00,163,2),(2199,33,778,'Tarjeta Credito 6 Pagos',60000.00,537,2),(2200,1209,370,'Tarjeta Credito 12 Pagos',40000.00,1927,4),(2201,454,925,'Tarjeta Credito 6 Pagos',40000.00,1977,1),(2202,1303,301,'Tarjeta Debito',25000.00,238,3),(2203,1058,747,'Tarjeta Debito',15000.00,1021,5),(2204,942,276,'Efectivo',25000.00,1925,4),(2205,249,501,'Tarjeta Credito 6 Pagos',60000.00,990,4),(2206,963,763,'Efectivo',75000.00,1823,4),(2207,697,1138,'Tarjeta Credito 1 Pago',75000.00,149,4),(2208,464,651,'Tarjeta Credito 1 Pago',25000.00,165,5),(2209,35,1366,'Tarjeta Credito 1 Pago',25000.00,232,1),(2210,651,973,'Tarjeta Credito 6 Pagos',40000.00,1944,4),(2211,1401,377,'Tarjeta Credito 1 Pago',40000.00,743,1),(2212,724,1398,'Tarjeta Credito 1 Pago',15000.00,1814,2),(2213,282,966,'Tarjeta Debito',25000.00,301,4),(2214,1236,1108,'Tarjeta Debito',25000.00,747,4),(2215,67,416,'Tarjeta Credito 1 Pago',25000.00,919,5),(2216,493,641,'Tarjeta Credito 1 Pago',15000.00,1186,3),(2217,732,269,'Efectivo',60000.00,1079,1),(2218,260,556,'Tarjeta Debito',25000.00,769,2),(2219,1375,800,'Tarjeta Credito 6 Pagos',60000.00,727,3),(2220,485,1160,'Tarjeta Credito 6 Pagos',40000.00,1056,1),(2221,38,1276,'Efectivo',40000.00,242,1),(2222,1319,796,'Tarjeta Credito 12 Pagos',40000.00,1878,3),(2223,1419,1252,'Efectivo',15000.00,354,2),(2224,252,664,'Tarjeta Debito',60000.00,493,3),(2225,571,134,'Tarjeta Debito',75000.00,1461,5),(2226,700,1136,'Tarjeta Credito 6 Pagos',40000.00,627,4),(2227,795,1082,'Tarjeta Credito 1 Pago',25000.00,1093,1),(2228,1037,133,'Tarjeta Credito 12 Pagos',40000.00,175,4),(2229,105,118,'Tarjeta Credito 6 Pagos',25000.00,957,2),(2230,625,734,'Tarjeta Credito 1 Pago',60000.00,933,1),(2231,631,161,'Tarjeta Credito 6 Pagos',75000.00,1549,4),(2232,1116,777,'Tarjeta Credito 12 Pagos',75000.00,1853,3),(2233,501,304,'Tarjeta Credito 6 Pagos',25000.00,1286,3),(2234,951,433,'Efectivo',60000.00,1665,2),(2235,342,584,'Tarjeta Credito 12 Pagos',60000.00,524,3),(2236,906,525,'Efectivo',25000.00,66,2),(2237,850,39,'Tarjeta Debito',40000.00,1104,2),(2238,427,194,'Efectivo',15000.00,746,5),(2239,105,1210,'Tarjeta Debito',25000.00,171,1),(2240,129,728,'Efectivo',15000.00,1095,4),(2241,321,1271,'Efectivo',60000.00,1653,1),(2242,72,1119,'Tarjeta Credito 1 Pago',60000.00,539,4),(2243,250,427,'Tarjeta Credito 6 Pagos',15000.00,991,4),(2244,917,1013,'Tarjeta Credito 6 Pagos',25000.00,1809,2),(2245,450,455,'Efectivo',40000.00,1627,5),(2246,938,1318,'Tarjeta Credito 6 Pagos',75000.00,574,4),(2247,123,667,'Tarjeta Credito 12 Pagos',25000.00,1180,4),(2248,733,1082,'Tarjeta Debito',60000.00,497,5),(2249,1185,851,'Tarjeta Credito 6 Pagos',60000.00,1133,4),(2250,156,644,'Tarjeta Debito',40000.00,1600,1),(2251,187,559,'Efectivo',40000.00,175,1),(2252,190,535,'Tarjeta Credito 12 Pagos',60000.00,1820,4),(2253,1278,620,'Tarjeta Debito',25000.00,482,1),(2254,359,584,'Tarjeta Credito 1 Pago',75000.00,1215,2),(2255,29,1288,'Tarjeta Credito 6 Pagos',25000.00,1294,4),(2256,870,123,'Tarjeta Debito',25000.00,999,2),(2257,62,1301,'Tarjeta Credito 6 Pagos',40000.00,390,4),(2258,149,874,'Tarjeta Credito 12 Pagos',75000.00,1852,4),(2259,1120,810,'Efectivo',15000.00,503,5),(2260,868,419,'Tarjeta Credito 12 Pagos',15000.00,747,2),(2261,322,153,'Efectivo',15000.00,1387,3),(2262,466,1364,'Efectivo',15000.00,861,3),(2263,1141,721,'Tarjeta Credito 1 Pago',60000.00,989,4),(2264,1044,1424,'Tarjeta Debito',15000.00,1431,2),(2265,1037,810,'Tarjeta Debito',60000.00,923,3),(2266,346,1269,'Tarjeta Credito 12 Pagos',25000.00,1676,5),(2267,1306,758,'Efectivo',60000.00,980,4),(2268,386,946,'Tarjeta Credito 1 Pago',25000.00,1871,5),(2269,367,1194,'Tarjeta Credito 6 Pagos',40000.00,1622,4),(2270,356,1317,'Tarjeta Credito 6 Pagos',25000.00,1086,3),(2271,22,1289,'Tarjeta Credito 12 Pagos',40000.00,242,2),(2272,492,282,'Tarjeta Debito',60000.00,1866,1),(2273,788,521,'Tarjeta Credito 6 Pagos',60000.00,1137,3),(2274,1092,1181,'Tarjeta Debito',15000.00,1254,1),(2275,1319,517,'Tarjeta Credito 1 Pago',40000.00,1205,3),(2276,449,379,'Tarjeta Credito 1 Pago',40000.00,27,3),(2277,68,61,'Tarjeta Credito 6 Pagos',15000.00,105,1),(2278,1342,1004,'Tarjeta Debito',75000.00,225,4),(2279,287,1003,'Tarjeta Credito 12 Pagos',75000.00,224,1),(2280,188,1111,'Tarjeta Credito 12 Pagos',75000.00,834,1),(2281,315,669,'Efectivo',75000.00,1908,3),(2282,306,283,'Tarjeta Credito 1 Pago',60000.00,239,5),(2283,282,690,'Tarjeta Credito 6 Pagos',60000.00,938,1),(2284,1256,1308,'Efectivo',15000.00,901,1),(2285,236,898,'Tarjeta Credito 12 Pagos',15000.00,717,2),(2286,272,977,'Tarjeta Debito',40000.00,318,2),(2287,391,317,'Tarjeta Credito 6 Pagos',25000.00,1411,5),(2288,308,1153,'Efectivo',40000.00,262,3),(2289,358,1323,'Tarjeta Credito 6 Pagos',40000.00,139,1),(2290,318,674,'Tarjeta Credito 1 Pago',25000.00,1251,3),(2291,911,631,'Efectivo',75000.00,583,4),(2292,1057,580,'Tarjeta Credito 1 Pago',25000.00,1857,5),(2293,279,1137,'Efectivo',15000.00,160,3),(2294,664,677,'Tarjeta Credito 6 Pagos',75000.00,1296,4),(2295,770,503,'Efectivo',25000.00,351,4),(2296,842,1278,'Tarjeta Credito 6 Pagos',25000.00,387,3),(2297,1214,1317,'Tarjeta Credito 12 Pagos',75000.00,1018,5),(2298,492,797,'Efectivo',15000.00,175,1),(2299,830,380,'Tarjeta Debito',15000.00,1479,5),(2300,336,580,'Tarjeta Credito 12 Pagos',25000.00,1378,2),(2301,959,463,'Tarjeta Credito 12 Pagos',15000.00,47,4),(2302,347,317,'Tarjeta Credito 6 Pagos',60000.00,1434,3),(2303,504,815,'Tarjeta Credito 6 Pagos',60000.00,1762,3),(2304,1022,233,'Tarjeta Credito 1 Pago',60000.00,1824,2),(2305,275,1044,'Tarjeta Credito 6 Pagos',40000.00,166,3),(2306,287,308,'Tarjeta Credito 6 Pagos',15000.00,675,3),(2307,1359,269,'Tarjeta Credito 12 Pagos',60000.00,1310,1),(2308,728,1288,'Tarjeta Credito 6 Pagos',40000.00,1749,1),(2309,457,918,'Tarjeta Credito 6 Pagos',75000.00,665,1),(2310,1082,783,'Tarjeta Credito 1 Pago',40000.00,1292,3),(2311,1221,1097,'Tarjeta Credito 6 Pagos',25000.00,1413,1),(2312,865,862,'Tarjeta Credito 1 Pago',40000.00,1335,1),(2313,913,300,'Efectivo',60000.00,1609,2),(2314,1144,423,'Tarjeta Credito 1 Pago',40000.00,1915,5),(2315,765,213,'Tarjeta Credito 1 Pago',75000.00,144,1),(2316,1200,220,'Tarjeta Debito',25000.00,1444,3),(2317,1113,379,'Tarjeta Credito 1 Pago',25000.00,1927,5),(2318,834,1067,'Tarjeta Credito 6 Pagos',60000.00,284,2),(2319,1049,898,'Tarjeta Credito 12 Pagos',25000.00,138,1),(2320,1425,1338,'Efectivo',60000.00,1325,2),(2321,788,1118,'Tarjeta Credito 12 Pagos',60000.00,1803,1),(2322,881,157,'Tarjeta Debito',25000.00,227,4),(2323,53,659,'Tarjeta Debito',15000.00,1270,1),(2324,456,346,'Tarjeta Credito 1 Pago',60000.00,799,2),(2325,539,356,'Efectivo',60000.00,811,3),(2326,355,736,'Tarjeta Credito 1 Pago',75000.00,170,1),(2327,1191,300,'Tarjeta Credito 12 Pagos',15000.00,266,3),(2328,670,1097,'Efectivo',60000.00,1953,2),(2329,779,181,'Tarjeta Credito 6 Pagos',25000.00,976,5),(2330,127,691,'Tarjeta Debito',15000.00,1812,5),(2331,8,1292,'Tarjeta Credito 6 Pagos',40000.00,1920,1),(2332,1295,1410,'Tarjeta Credito 6 Pagos',75000.00,1987,2),(2333,546,1027,'Tarjeta Debito',60000.00,1215,3),(2334,2,92,'Tarjeta Credito 12 Pagos',60000.00,997,1),(2335,363,567,'Tarjeta Credito 1 Pago',15000.00,1937,1),(2336,1062,1172,'Tarjeta Credito 6 Pagos',40000.00,1665,3),(2337,1407,367,'Efectivo',15000.00,548,1),(2338,847,797,'Tarjeta Credito 12 Pagos',15000.00,100,5),(2339,520,1116,'Tarjeta Credito 1 Pago',75000.00,1101,4),(2340,1044,705,'Tarjeta Credito 12 Pagos',40000.00,580,3),(2341,1280,1011,'Tarjeta Credito 1 Pago',25000.00,285,3),(2342,1063,891,'Efectivo',75000.00,349,3),(2343,480,656,'Tarjeta Credito 1 Pago',60000.00,859,3),(2344,489,1065,'Tarjeta Credito 1 Pago',75000.00,1229,5),(2345,90,994,'Tarjeta Debito',75000.00,1082,2),(2346,945,821,'Tarjeta Credito 1 Pago',40000.00,855,3),(2347,1239,467,'Tarjeta Credito 1 Pago',60000.00,1163,5),(2348,548,835,'Tarjeta Debito',15000.00,1397,3),(2349,1174,982,'Tarjeta Credito 12 Pagos',75000.00,1070,4),(2350,935,1043,'Tarjeta Credito 12 Pagos',25000.00,1874,5),(2351,1344,320,'Tarjeta Credito 6 Pagos',60000.00,1535,5),(2352,590,1096,'Tarjeta Debito',75000.00,224,1),(2353,629,1420,'Tarjeta Credito 12 Pagos',25000.00,1952,1),(2354,492,1384,'Tarjeta Debito',40000.00,1970,4),(2355,636,306,'Efectivo',75000.00,1351,4),(2356,413,181,'Tarjeta Debito',40000.00,91,4),(2357,694,1252,'Tarjeta Credito 12 Pagos',60000.00,628,1),(2358,1378,472,'Efectivo',40000.00,1070,4),(2359,526,276,'Tarjeta Credito 6 Pagos',75000.00,895,2),(2360,651,271,'Tarjeta Credito 1 Pago',40000.00,1998,2),(2361,391,971,'Efectivo',25000.00,1431,1),(2362,988,1070,'Tarjeta Credito 1 Pago',60000.00,463,2),(2363,701,841,'Tarjeta Credito 1 Pago',15000.00,1860,5),(2364,893,1039,'Efectivo',60000.00,1189,5),(2365,1196,516,'Tarjeta Credito 6 Pagos',25000.00,1608,2),(2366,1184,1273,'Tarjeta Credito 6 Pagos',15000.00,1627,5),(2367,1218,689,'Efectivo',15000.00,979,2),(2368,1055,1071,'Efectivo',60000.00,803,4),(2369,1394,905,'Tarjeta Credito 6 Pagos',75000.00,1348,3),(2370,749,350,'Efectivo',40000.00,1098,4),(2371,97,635,'Tarjeta Credito 6 Pagos',40000.00,164,1),(2372,1309,706,'Efectivo',25000.00,458,2),(2373,1264,761,'Tarjeta Debito',40000.00,1421,4),(2374,500,747,'Tarjeta Credito 6 Pagos',25000.00,682,2),(2375,1021,1200,'Efectivo',60000.00,177,1),(2376,972,1277,'Tarjeta Credito 12 Pagos',25000.00,1139,2),(2377,953,283,'Tarjeta Credito 6 Pagos',40000.00,68,2),(2378,429,296,'Tarjeta Credito 1 Pago',75000.00,609,4),(2379,761,1029,'Tarjeta Credito 12 Pagos',40000.00,648,2),(2380,919,399,'Efectivo',60000.00,994,5),(2381,1040,1367,'Efectivo',25000.00,1645,3),(2382,1064,1161,'Tarjeta Credito 12 Pagos',75000.00,7,2),(2383,564,1193,'Tarjeta Debito',75000.00,1459,1),(2384,453,1,'Tarjeta Credito 12 Pagos',15000.00,176,1),(2385,1320,72,'Tarjeta Credito 12 Pagos',15000.00,1604,4),(2386,214,720,'Tarjeta Debito',25000.00,1023,5),(2387,65,1382,'Tarjeta Credito 12 Pagos',40000.00,662,4),(2388,810,614,'Tarjeta Credito 1 Pago',75000.00,1543,2),(2389,479,179,'Tarjeta Debito',75000.00,1162,5),(2390,935,567,'Tarjeta Debito',25000.00,1371,1),(2391,1368,1366,'Tarjeta Credito 6 Pagos',15000.00,1125,5),(2392,1179,697,'Tarjeta Credito 6 Pagos',75000.00,1951,4),(2393,186,4,'Tarjeta Credito 1 Pago',60000.00,743,4),(2394,630,314,'Tarjeta Credito 1 Pago',25000.00,1300,3),(2395,960,436,'Tarjeta Credito 12 Pagos',15000.00,571,3),(2396,368,1188,'Tarjeta Credito 1 Pago',75000.00,892,3),(2397,795,1299,'Efectivo',60000.00,884,5),(2398,728,605,'Tarjeta Credito 1 Pago',60000.00,1493,2),(2399,510,377,'Tarjeta Credito 6 Pagos',60000.00,1315,4),(2400,857,895,'Tarjeta Credito 6 Pagos',25000.00,564,2),(2401,1081,1267,'Tarjeta Credito 1 Pago',25000.00,1365,1),(2402,900,1284,'Tarjeta Credito 12 Pagos',40000.00,1112,4),(2403,392,153,'Tarjeta Credito 6 Pagos',60000.00,310,4),(2404,324,1128,'Efectivo',15000.00,1753,4),(2405,702,482,'Tarjeta Credito 1 Pago',25000.00,1970,3),(2406,1419,1248,'Tarjeta Credito 6 Pagos',40000.00,1986,1),(2407,93,1004,'Tarjeta Credito 1 Pago',60000.00,328,2),(2408,1404,745,'Tarjeta Credito 6 Pagos',60000.00,1256,3),(2409,497,171,'Tarjeta Credito 6 Pagos',75000.00,91,2),(2410,1302,479,'Tarjeta Credito 6 Pagos',75000.00,115,1),(2411,190,596,'Efectivo',15000.00,1678,5),(2412,185,1297,'Tarjeta Credito 1 Pago',75000.00,1905,5),(2413,645,854,'Efectivo',60000.00,1495,3),(2414,1297,1157,'Tarjeta Credito 6 Pagos',40000.00,744,2),(2415,424,654,'Efectivo',25000.00,1964,4),(2416,1189,310,'Tarjeta Credito 1 Pago',25000.00,477,2),(2417,302,547,'Efectivo',15000.00,1324,5),(2418,6,265,'Tarjeta Credito 6 Pagos',15000.00,267,5),(2419,992,60,'Tarjeta Credito 12 Pagos',40000.00,1066,5),(2420,566,174,'Tarjeta Credito 6 Pagos',40000.00,1622,1),(2421,602,934,'Tarjeta Credito 12 Pagos',75000.00,485,1),(2422,308,440,'Tarjeta Credito 6 Pagos',60000.00,127,3),(2423,498,1416,'Tarjeta Credito 1 Pago',75000.00,317,4),(2424,1039,148,'Tarjeta Credito 12 Pagos',60000.00,550,2),(2425,440,35,'Tarjeta Debito',40000.00,1803,1),(2426,1292,659,'Tarjeta Credito 6 Pagos',15000.00,393,4),(2427,886,1112,'Tarjeta Credito 12 Pagos',40000.00,50,3),(2428,812,1299,'Tarjeta Debito',25000.00,1884,3),(2429,1343,1193,'Tarjeta Credito 12 Pagos',15000.00,647,3),(2430,724,791,'Tarjeta Credito 1 Pago',75000.00,898,5),(2431,964,133,'Tarjeta Credito 1 Pago',40000.00,804,4),(2432,1095,1133,'Tarjeta Credito 6 Pagos',15000.00,101,5),(2433,1430,880,'Tarjeta Debito',60000.00,303,5),(2434,1041,337,'Efectivo',75000.00,1793,4),(2435,1244,479,'Tarjeta Credito 6 Pagos',25000.00,3,2),(2436,1299,885,'Tarjeta Credito 1 Pago',60000.00,457,3),(2437,1330,14,'Tarjeta Credito 6 Pagos',40000.00,324,2),(2438,139,457,'Tarjeta Credito 1 Pago',60000.00,305,2),(2439,1423,103,'Tarjeta Credito 6 Pagos',60000.00,862,3),(2440,847,755,'Tarjeta Credito 1 Pago',25000.00,1670,2),(2441,133,1211,'Efectivo',40000.00,1332,2),(2442,466,1215,'Tarjeta Debito',25000.00,1118,3),(2443,39,48,'Tarjeta Credito 6 Pagos',60000.00,1180,4),(2444,269,464,'Tarjeta Credito 12 Pagos',25000.00,17,4),(2445,632,930,'Efectivo',60000.00,1534,5),(2446,1362,624,'Tarjeta Credito 12 Pagos',40000.00,148,1),(2447,1302,843,'Tarjeta Credito 1 Pago',40000.00,862,1),(2448,833,793,'Tarjeta Credito 1 Pago',60000.00,1297,3),(2449,1094,218,'Tarjeta Credito 12 Pagos',15000.00,1006,4),(2450,1115,1215,'Efectivo',40000.00,1477,4),(2451,971,28,'Tarjeta Credito 12 Pagos',75000.00,1217,4),(2452,436,279,'Tarjeta Debito',15000.00,1791,4),(2453,445,47,'Tarjeta Credito 6 Pagos',60000.00,1816,2),(2454,1410,1327,'Tarjeta Debito',60000.00,1529,4),(2455,623,846,'Tarjeta Credito 6 Pagos',75000.00,1929,3),(2456,529,800,'Tarjeta Credito 1 Pago',25000.00,373,1),(2457,1353,959,'Tarjeta Credito 12 Pagos',60000.00,1855,1),(2458,883,361,'Tarjeta Credito 1 Pago',15000.00,302,4),(2459,367,623,'Efectivo',15000.00,1247,2),(2460,1357,1082,'Tarjeta Credito 1 Pago',15000.00,1715,5),(2461,732,1306,'Tarjeta Credito 6 Pagos',40000.00,587,2),(2462,434,781,'Tarjeta Debito',40000.00,1033,4),(2463,1368,138,'Tarjeta Credito 12 Pagos',40000.00,1915,4),(2464,1392,420,'Tarjeta Debito',60000.00,1693,5),(2465,594,438,'Efectivo',40000.00,1504,3),(2466,1370,465,'Tarjeta Credito 1 Pago',75000.00,433,3),(2467,618,215,'Tarjeta Credito 6 Pagos',60000.00,1160,1),(2468,620,876,'Tarjeta Credito 1 Pago',75000.00,1327,2),(2469,594,888,'Tarjeta Debito',75000.00,1836,5),(2470,872,862,'Tarjeta Credito 6 Pagos',60000.00,486,4),(2471,381,166,'Tarjeta Credito 6 Pagos',60000.00,1083,4),(2472,1381,1296,'Tarjeta Credito 6 Pagos',40000.00,1937,1),(2473,1223,1427,'Tarjeta Credito 1 Pago',15000.00,596,1),(2474,1369,687,'Efectivo',75000.00,1575,1),(2475,89,926,'Efectivo',75000.00,806,1),(2476,602,1079,'Tarjeta Credito 6 Pagos',40000.00,920,3),(2477,566,1273,'Tarjeta Credito 12 Pagos',15000.00,264,4),(2478,197,759,'Tarjeta Credito 1 Pago',40000.00,1188,2),(2479,381,58,'Tarjeta Credito 6 Pagos',60000.00,299,4),(2480,1183,1003,'Tarjeta Credito 1 Pago',40000.00,1746,2),(2481,717,37,'Tarjeta Credito 12 Pagos',40000.00,629,4),(2482,1335,908,'Tarjeta Debito',60000.00,413,4),(2483,1302,154,'Tarjeta Credito 12 Pagos',25000.00,1800,3),(2484,256,147,'Tarjeta Credito 1 Pago',40000.00,540,1),(2485,965,1343,'Tarjeta Credito 6 Pagos',25000.00,111,5),(2486,1214,437,'Tarjeta Credito 6 Pagos',40000.00,748,3),(2487,1407,692,'Efectivo',40000.00,217,4),(2488,396,1428,'Tarjeta Debito',75000.00,811,5),(2489,408,878,'Efectivo',25000.00,1387,2),(2490,872,799,'Tarjeta Credito 12 Pagos',60000.00,1730,3),(2491,1410,856,'Tarjeta Credito 12 Pagos',40000.00,1796,1),(2492,497,678,'Tarjeta Credito 6 Pagos',40000.00,698,1),(2493,409,365,'Efectivo',40000.00,1057,4),(2494,76,1338,'Efectivo',40000.00,1073,4),(2495,295,559,'Tarjeta Debito',60000.00,1041,2),(2496,705,1242,'Tarjeta Debito',15000.00,25,3),(2497,864,1284,'Tarjeta Credito 12 Pagos',75000.00,423,2),(2498,496,300,'Tarjeta Credito 12 Pagos',60000.00,218,1),(2499,372,170,'Tarjeta Credito 6 Pagos',40000.00,1947,1),(2500,1243,604,'Tarjeta Debito',15000.00,1814,3);
/*!40000 ALTER TABLE `ventas` ENABLE KEYS */;
UNLOCK TABLES;

--
-- Temporary view structure for view `vw_cantidad_empleados`
--

DROP TABLE IF EXISTS `vw_cantidad_empleados`;
/*!50001 DROP VIEW IF EXISTS `vw_cantidad_empleados`*/;
SET @saved_cs_client     = @@character_set_client;
/*!50503 SET character_set_client = utf8mb4 */;
/*!50001 CREATE VIEW `vw_cantidad_empleados` AS SELECT 
 1 AS `Nombre_Linea`,
 1 AS `Cantidad_Empleados`*/;
SET character_set_client = @saved_cs_client;

--
-- Temporary view structure for view `vw_cantidad_estaciones`
--

DROP TABLE IF EXISTS `vw_cantidad_estaciones`;
/*!50001 DROP VIEW IF EXISTS `vw_cantidad_estaciones`*/;
SET @saved_cs_client     = @@character_set_client;
/*!50503 SET character_set_client = utf8mb4 */;
/*!50001 CREATE VIEW `vw_cantidad_estaciones` AS SELECT 
 1 AS `Nombre_Provincia`,
 1 AS `Cantidad_Estaciones`*/;
SET character_set_client = @saved_cs_client;

--
-- Temporary view structure for view `vw_cantidad_pax`
--

DROP TABLE IF EXISTS `vw_cantidad_pax`;
/*!50001 DROP VIEW IF EXISTS `vw_cantidad_pax`*/;
SET @saved_cs_client     = @@character_set_client;
/*!50503 SET character_set_client = utf8mb4 */;
/*!50001 CREATE VIEW `vw_cantidad_pax` AS SELECT 
 1 AS `Nombre_Servicio`,
 1 AS `Cantidad_Pasajeros`*/;
SET character_set_client = @saved_cs_client;

--
-- Temporary view structure for view `vw_cantidad_region`
--

DROP TABLE IF EXISTS `vw_cantidad_region`;
/*!50001 DROP VIEW IF EXISTS `vw_cantidad_region`*/;
SET @saved_cs_client     = @@character_set_client;
/*!50503 SET character_set_client = utf8mb4 */;
/*!50001 CREATE VIEW `vw_cantidad_region` AS SELECT 
 1 AS `Region`,
 1 AS `Cantidad_PAX_Region`*/;
SET character_set_client = @saved_cs_client;

--
-- Temporary view structure for view `vw_datos_maquinista`
--

DROP TABLE IF EXISTS `vw_datos_maquinista`;
/*!50001 DROP VIEW IF EXISTS `vw_datos_maquinista`*/;
SET @saved_cs_client     = @@character_set_client;
/*!50503 SET character_set_client = utf8mb4 */;
/*!50001 CREATE VIEW `vw_datos_maquinista` AS SELECT 
 1 AS `Nombre_Categoria`,
 1 AS `ID_Empleado`,
 1 AS `Nombre_Empleado`,
 1 AS `Apellido_Empleado`,
 1 AS `Ciudad`*/;
SET character_set_client = @saved_cs_client;

--
-- Dumping routines for database 'ffcc2'
--
/*!50003 DROP FUNCTION IF EXISTS `Cantidad_Ventas` */;
/*!50003 SET @saved_cs_client      = @@character_set_client */ ;
/*!50003 SET @saved_cs_results     = @@character_set_results */ ;
/*!50003 SET @saved_col_connection = @@collation_connection */ ;
/*!50003 SET character_set_client  = utf8mb4 */ ;
/*!50003 SET character_set_results = utf8mb4 */ ;
/*!50003 SET collation_connection  = utf8mb4_0900_ai_ci */ ;
/*!50003 SET @saved_sql_mode       = @@sql_mode */ ;
/*!50003 SET sql_mode              = 'ONLY_FULL_GROUP_BY,STRICT_TRANS_TABLES,NO_ZERO_IN_DATE,NO_ZERO_DATE,ERROR_FOR_DIVISION_BY_ZERO,NO_ENGINE_SUBSTITUTION' */ ;
DELIMITER ;;
CREATE DEFINER=`root`@`localhost` FUNCTION `Cantidad_Ventas`(ID_Estacion INT) RETURNS int
    READS SQL DATA
BEGIN
DECLARE Cantidad_Ventas INT;
SELECT COUNT(ID_Venta)
INTO Cantidad_Ventas
FROM VENTAS WHERE ID_Estacion_Origen = (ID_Estacion);
RETURN Cantidad_Ventas;

END ;;
DELIMITER ;
/*!50003 SET sql_mode              = @saved_sql_mode */ ;
/*!50003 SET character_set_client  = @saved_cs_client */ ;
/*!50003 SET character_set_results = @saved_cs_results */ ;
/*!50003 SET collation_connection  = @saved_col_connection */ ;
/*!50003 DROP FUNCTION IF EXISTS `INGRESOS_PAX` */;
/*!50003 SET @saved_cs_client      = @@character_set_client */ ;
/*!50003 SET @saved_cs_results     = @@character_set_results */ ;
/*!50003 SET @saved_col_connection = @@collation_connection */ ;
/*!50003 SET character_set_client  = utf8mb4 */ ;
/*!50003 SET character_set_results = utf8mb4 */ ;
/*!50003 SET collation_connection  = utf8mb4_0900_ai_ci */ ;
/*!50003 SET @saved_sql_mode       = @@sql_mode */ ;
/*!50003 SET sql_mode              = 'ONLY_FULL_GROUP_BY,STRICT_TRANS_TABLES,NO_ZERO_IN_DATE,NO_ZERO_DATE,ERROR_FOR_DIVISION_BY_ZERO,NO_ENGINE_SUBSTITUTION' */ ;
DELIMITER ;;
CREATE DEFINER=`root`@`localhost` FUNCTION `INGRESOS_PAX`(ID_PAX INT) RETURNS int
    READS SQL DATA
BEGIN
DECLARE INGRESOS INT;
SELECT SUM(IMPORTE)
INTO INGRESOS
FROM VENTAS WHERE ID_PASAJERO = (ID_PAX);
RETURN INGRESOS;

END ;;
DELIMITER ;
/*!50003 SET sql_mode              = @saved_sql_mode */ ;
/*!50003 SET character_set_client  = @saved_cs_client */ ;
/*!50003 SET character_set_results = @saved_cs_results */ ;
/*!50003 SET collation_connection  = @saved_col_connection */ ;
/*!50003 DROP PROCEDURE IF EXISTS `SP_Carga_PAX` */;
/*!50003 SET @saved_cs_client      = @@character_set_client */ ;
/*!50003 SET @saved_cs_results     = @@character_set_results */ ;
/*!50003 SET @saved_col_connection = @@collation_connection */ ;
/*!50003 SET character_set_client  = utf8mb4 */ ;
/*!50003 SET character_set_results = utf8mb4 */ ;
/*!50003 SET collation_connection  = utf8mb4_0900_ai_ci */ ;
/*!50003 SET @saved_sql_mode       = @@sql_mode */ ;
/*!50003 SET sql_mode              = 'ONLY_FULL_GROUP_BY,STRICT_TRANS_TABLES,NO_ZERO_IN_DATE,NO_ZERO_DATE,ERROR_FOR_DIVISION_BY_ZERO,NO_ENGINE_SUBSTITUTION' */ ;
DELIMITER ;;
CREATE DEFINER=`root`@`localhost` PROCEDURE `SP_Carga_PAX`(Nombre VARCHAR(50),
Apellido VARCHAR(50),
DNI VARCHAR(8),
Fecha_Nac DATE,
Direccion VARCHAR (100),
Ciudad VARCHAR (100),
ID_Provincia INT)
BEGIN
INSERT INTO Pasajeros(Nombre_Pax,Apellido_Pax,DNI_Pax,Fecha_Nac_Pax,Direccion_Pax,Ciudad_Pax,ID_Provincia)
VALUES (Nombre,Apellido,DNI,Fecha_Nac,Direccion,Ciudad,ID_Provincia);
END ;;
DELIMITER ;
/*!50003 SET sql_mode              = @saved_sql_mode */ ;
/*!50003 SET character_set_client  = @saved_cs_client */ ;
/*!50003 SET character_set_results = @saved_cs_results */ ;
/*!50003 SET collation_connection  = @saved_col_connection */ ;
/*!50003 DROP PROCEDURE IF EXISTS `SP_Empleados_Cat` */;
/*!50003 SET @saved_cs_client      = @@character_set_client */ ;
/*!50003 SET @saved_cs_results     = @@character_set_results */ ;
/*!50003 SET @saved_col_connection = @@collation_connection */ ;
/*!50003 SET character_set_client  = utf8mb4 */ ;
/*!50003 SET character_set_results = utf8mb4 */ ;
/*!50003 SET collation_connection  = utf8mb4_0900_ai_ci */ ;
/*!50003 SET @saved_sql_mode       = @@sql_mode */ ;
/*!50003 SET sql_mode              = 'ONLY_FULL_GROUP_BY,STRICT_TRANS_TABLES,NO_ZERO_IN_DATE,NO_ZERO_DATE,ERROR_FOR_DIVISION_BY_ZERO,NO_ENGINE_SUBSTITUTION' */ ;
DELIMITER ;;
CREATE DEFINER=`root`@`localhost` PROCEDURE `SP_Empleados_Cat`(IN ID_Cat INT)
BEGIN
SELECT ID_Empleado,Nombre_Empleado,Apellido_Empleado,Nombre_Linea FROM Empleados E
INNER JOIN Lineas L ON L.ID_Linea=E.ID_Linea
WHERE ID_Categoria=ID_Cat;
END ;;
DELIMITER ;
/*!50003 SET sql_mode              = @saved_sql_mode */ ;
/*!50003 SET character_set_client  = @saved_cs_client */ ;
/*!50003 SET character_set_results = @saved_cs_results */ ;
/*!50003 SET collation_connection  = @saved_col_connection */ ;

--
-- Final view structure for view `vw_cantidad_empleados`
--

/*!50001 DROP VIEW IF EXISTS `vw_cantidad_empleados`*/;
/*!50001 SET @saved_cs_client          = @@character_set_client */;
/*!50001 SET @saved_cs_results         = @@character_set_results */;
/*!50001 SET @saved_col_connection     = @@collation_connection */;
/*!50001 SET character_set_client      = utf8mb4 */;
/*!50001 SET character_set_results     = utf8mb4 */;
/*!50001 SET collation_connection      = utf8mb4_0900_ai_ci */;
/*!50001 CREATE ALGORITHM=UNDEFINED */
/*!50013 DEFINER=`root`@`localhost` SQL SECURITY DEFINER */
/*!50001 VIEW `vw_cantidad_empleados` AS select `l`.`Nombre_linea` AS `Nombre_Linea`,count(`e`.`ID_Empleado`) AS `Cantidad_Empleados` from (`lineas` `l` join `empleados` `e` on((`e`.`ID_Linea` = `l`.`ID_Linea`))) group by `l`.`Nombre_linea` */;
/*!50001 SET character_set_client      = @saved_cs_client */;
/*!50001 SET character_set_results     = @saved_cs_results */;
/*!50001 SET collation_connection      = @saved_col_connection */;

--
-- Final view structure for view `vw_cantidad_estaciones`
--

/*!50001 DROP VIEW IF EXISTS `vw_cantidad_estaciones`*/;
/*!50001 SET @saved_cs_client          = @@character_set_client */;
/*!50001 SET @saved_cs_results         = @@character_set_results */;
/*!50001 SET @saved_col_connection     = @@collation_connection */;
/*!50001 SET character_set_client      = utf8mb4 */;
/*!50001 SET character_set_results     = utf8mb4 */;
/*!50001 SET collation_connection      = utf8mb4_0900_ai_ci */;
/*!50001 CREATE ALGORITHM=UNDEFINED */
/*!50013 DEFINER=`root`@`localhost` SQL SECURITY DEFINER */
/*!50001 VIEW `vw_cantidad_estaciones` AS select `p`.`Nombre_Provincia` AS `Nombre_Provincia`,count(`e`.`Nombre_Estacion`) AS `Cantidad_Estaciones` from (`provincias` `p` join `estaciones` `e` on((`p`.`ID_Provincia` = `e`.`ID_Provincia`))) group by `p`.`Nombre_Provincia` order by `Cantidad_Estaciones` desc limit 5 */;
/*!50001 SET character_set_client      = @saved_cs_client */;
/*!50001 SET character_set_results     = @saved_cs_results */;
/*!50001 SET collation_connection      = @saved_col_connection */;

--
-- Final view structure for view `vw_cantidad_pax`
--

/*!50001 DROP VIEW IF EXISTS `vw_cantidad_pax`*/;
/*!50001 SET @saved_cs_client          = @@character_set_client */;
/*!50001 SET @saved_cs_results         = @@character_set_results */;
/*!50001 SET @saved_col_connection     = @@collation_connection */;
/*!50001 SET character_set_client      = utf8mb4 */;
/*!50001 SET character_set_results     = utf8mb4 */;
/*!50001 SET collation_connection      = utf8mb4_0900_ai_ci */;
/*!50001 CREATE ALGORITHM=UNDEFINED */
/*!50013 DEFINER=`root`@`localhost` SQL SECURITY DEFINER */
/*!50001 VIEW `vw_cantidad_pax` AS select `s`.`Nombre_Servicio` AS `Nombre_Servicio`,count(`v`.`ID_Pasajero`) AS `Cantidad_Pasajeros` from (`servicios` `s` join `ventas` `v` on((`v`.`ID_Servicio` = `s`.`ID_Servicio`))) group by `s`.`Nombre_Servicio` */;
/*!50001 SET character_set_client      = @saved_cs_client */;
/*!50001 SET character_set_results     = @saved_cs_results */;
/*!50001 SET collation_connection      = @saved_col_connection */;

--
-- Final view structure for view `vw_cantidad_region`
--

/*!50001 DROP VIEW IF EXISTS `vw_cantidad_region`*/;
/*!50001 SET @saved_cs_client          = @@character_set_client */;
/*!50001 SET @saved_cs_results         = @@character_set_results */;
/*!50001 SET @saved_col_connection     = @@collation_connection */;
/*!50001 SET character_set_client      = utf8mb4 */;
/*!50001 SET character_set_results     = utf8mb4 */;
/*!50001 SET collation_connection      = utf8mb4_0900_ai_ci */;
/*!50001 CREATE ALGORITHM=UNDEFINED */
/*!50013 DEFINER=`root`@`localhost` SQL SECURITY DEFINER */
/*!50001 VIEW `vw_cantidad_region` AS select `p`.`Region` AS `Region`,count(`v`.`ID_Estacion_Destino`) AS `Cantidad_PAX_Region` from ((`provincias` `p` join `pasajeros` `pax` on((`pax`.`ID_Provincia` = `p`.`ID_Provincia`))) join `ventas` `v` on((`v`.`ID_Pasajero` = `pax`.`ID_Pasajero`))) group by `p`.`Region` order by `Cantidad_PAX_Region` desc */;
/*!50001 SET character_set_client      = @saved_cs_client */;
/*!50001 SET character_set_results     = @saved_cs_results */;
/*!50001 SET collation_connection      = @saved_col_connection */;

--
-- Final view structure for view `vw_datos_maquinista`
--

/*!50001 DROP VIEW IF EXISTS `vw_datos_maquinista`*/;
/*!50001 SET @saved_cs_client          = @@character_set_client */;
/*!50001 SET @saved_cs_results         = @@character_set_results */;
/*!50001 SET @saved_col_connection     = @@collation_connection */;
/*!50001 SET character_set_client      = utf8mb4 */;
/*!50001 SET character_set_results     = utf8mb4 */;
/*!50001 SET collation_connection      = utf8mb4_0900_ai_ci */;
/*!50001 CREATE ALGORITHM=UNDEFINED */
/*!50013 DEFINER=`root`@`localhost` SQL SECURITY DEFINER */
/*!50001 VIEW `vw_datos_maquinista` AS select `c`.`Nombre_Categoria` AS `Nombre_Categoria`,`e`.`ID_Empleado` AS `ID_Empleado`,`e`.`Nombre_Empleado` AS `Nombre_Empleado`,`e`.`Apellido_Empleado` AS `Apellido_Empleado`,`e`.`Ciudad` AS `Ciudad` from (`empleados` `e` join `categorias` `c` on((`e`.`ID_Categoria` = `c`.`ID_Categoria`))) where (`c`.`Nombre_Categoria` = 'Maquinista') limit 10 */;
/*!50001 SET character_set_client      = @saved_cs_client */;
/*!50001 SET character_set_results     = @saved_cs_results */;
/*!50001 SET collation_connection      = @saved_col_connection */;
/*!40103 SET TIME_ZONE=@OLD_TIME_ZONE */;

/*!40101 SET SQL_MODE=@OLD_SQL_MODE */;
/*!40014 SET FOREIGN_KEY_CHECKS=@OLD_FOREIGN_KEY_CHECKS */;
/*!40014 SET UNIQUE_CHECKS=@OLD_UNIQUE_CHECKS */;
/*!40101 SET CHARACTER_SET_CLIENT=@OLD_CHARACTER_SET_CLIENT */;
/*!40101 SET CHARACTER_SET_RESULTS=@OLD_CHARACTER_SET_RESULTS */;
/*!40101 SET COLLATION_CONNECTION=@OLD_COLLATION_CONNECTION */;
/*!40111 SET SQL_NOTES=@OLD_SQL_NOTES */;

-- Dump completed on 2026-03-11  9:00:02
